gender,SeniorCitizen,Partner,Dependents,tenure,PhoneService,PaperlessBilling,MonthlyCharges,TotalCharges,MultipleLines_True,MultipleLines_No phone service,InternetService_Fiber optic,InternetService_No,OnlineSecurity_True,OnlineSecurity_No internet service,OnlineBackup_True,OnlineBackup_No internet service,DeviceProtection_True,DeviceProtection_No internet service,TechSupport_True,TechSupport_No internet service,StreamingTV_True,StreamingTV_No internet service,StreamingMovies_True,StreamingMovies_No internet service,Contract_One year,Contract_Two year,PaymentMethod_Credit card (automatic),PaymentMethod_Electronic check,PaymentMethod_Mailed check,TotalServiceUsed,AvgMonthlySpend,CustomerSegment,ActualChurn,PredictedChurn,ChurnProbability,CustomerIndex
1,0,1,1,72,1,1,114.05000305175781,8468.2,1,0,1,0,1,0,1,0,1,0,1,0,1,0,1,0,0,1,1,0,0,6,117.6138888888889,2,0,0,0.21053055,437
0,1,0,0,8,1,1,100.1500015258789,908.55,1,0,1,0,0,0,0,0,0,0,1,0,1,0,1,0,0,0,1,0,0,3,113.56875,0,0,1,0.6315534,2280
0,0,1,1,41,1,1,78.3499984741211,3211.2,1,0,0,0,1,0,1,0,1,0,0,0,1,0,0,0,1,0,1,0,0,4,78.32195121951219,2,0,0,0.23342411,2235
1,0,1,0,18,1,0,78.19999694824219,1468.75,0,0,1,0,0,0,0,0,1,0,1,0,0,0,0,0,0,0,0,1,0,2,81.59722222222223,1,0,1,0.6228987,4460
0,0,1,0,72,1,1,82.6500015258789,5919.35,1,0,0,0,1,0,1,0,1,0,0,0,1,0,1,0,0,1,1,0,0,5,82.21319444444445,2,0,0,0.20595346,3761
0,0,0,0,21,1,1,99.8499984741211,1992.55,1,0,1,0,0,0,1,0,0,0,0,0,1,0,1,0,0,0,1,0,0,3,94.88333333333333,1,0,1,0.6454581,5748
0,0,0,0,21,1,1,99.1500015258789,1956.4,0,0,1,0,0,0,1,0,0,0,1,0,1,0,1,0,0,0,0,0,0,4,93.16190476190476,1,0,1,0.61076933,3568
1,0,0,1,19,1,1,24.100000381469727,439.2,1,0,0,1,0,1,0,1,0,1,0,1,0,1,0,1,0,0,1,0,0,0,23.11578947368421,1,0,0,0.47295085,2976
0,0,1,1,61,1,0,19.75,1311.6,0,0,0,1,0,1,0,1,0,1,0,1,0,1,0,1,0,1,1,0,0,0,21.501639344262294,2,0,0,0.1970722,5928
1,1,0,0,17,1,1,45.04999923706055,770.6,0,0,0,0,0,0,0,0,0,0,0,0,0,0,0,0,0,0,0,1,0,0,45.32941176470588,1,1,1,0.60036904,1639
1,0,1,1,70,1,1,106.05000305175781,7554.05,1,0,1,0,1,0,1,0,0,0,0,0,1,0,1,0,0,0,0,1,0,4,107.915,2,0,1,0.5070358,2079
0,1,1,0,72,1,1,114.8499984741211,8317.95,1,0,1,0,1,0,1,0,1,0,1,0,1,0,1,0,0,1,0,0,0,6,115.52708333333334,2,0,0,0.2124598,1280
1,0,0,0,49,0,1,30.200000762939453,1453.1,0,1,0,0,0,0,0,0,1,0,0,0,0,0,0,0,0,0,0,0,0,1,29.655102040816324,2,0,1,0.60542923,667
0,1,0,0,11,1,1,84.80000305175781,906.85,1,0,1,0,0,0,0,0,0,0,0,0,0,0,1,0,0,0,1,0,0,1,82.44090909090909,0,1,1,0.6644168,3524
0,0,0,1,19,1,0,48.79999923706055,953.65,0,0,0,0,0,0,0,0,0,0,1,0,0,0,0,0,0,0,0,0,1,1,50.19210526315789,1,0,1,0.50041896,5283
1,0,1,1,72,1,1,84.5,6130.85,1,0,1,0,0,0,0,0,0,0,0,0,0,0,1,0,0,1,1,0,0,1,85.15069444444445,2,0,0,0.21333244,485
0,0,1,1,8,1,0,19.5,159.35,0,0,0,1,0,1,0,1,0,1,0,1,0,1,0,1,0,1,0,0,0,0,19.91875,0,0,0,0.19754447,6121
1,0,0,1,15,1,1,91.0,1430.05,1,0,1,0,0,0,1,0,0,0,0,0,1,0,0,0,0,0,0,1,0,2,95.33666666666666,1,0,1,0.58585507,2136
0,0,1,0,67,1,1,105.69999694824219,6816.95,1,0,1,0,0,0,1,0,1,0,0,0,1,0,1,0,1,0,0,0,0,4,101.7455223880597,2,0,0,0.40321207,6501
0,0,1,0,26,0,0,35.400001525878906,978.6,0,1,0,0,1,0,0,0,1,0,0,0,0,0,0,0,1,0,1,0,0,2,37.63846153846154,1,0,0,0.24208659,5356
1,1,0,0,2,1,1,74.8499984741211,156.4,1,0,1,0,0,0,0,0,0,0,0,0,0,0,0,0,0,0,0,0,1,0,78.2,0,1,1,0.6651782,6529
0,0,1,0,21,0,0,28.5,629.35,0,1,0,0,1,0,0,0,0,0,0,0,0,0,0,0,0,0,0,1,0,1,29.969047619047622,1,0,1,0.5181246,1242
0,0,1,0,49,1,1,20.049999237060547,923.1,0,0,0,1,0,1,0,1,0,1,0,1,0,1,0,1,1,0,0,0,0,0,18.838775510204083,2,0,0,0.2327209,1615
1,0,1,1,21,1,0,19.799999237060547,350.1,0,0,0,1,0,1,0,1,0,1,0,1,0,1,0,1,1,0,0,0,1,0,16.67142857142857,1,0,0,0.22875902,5082
0,0,1,0,51,1,0,69.1500015258789,3649.6,0,0,1,0,0,0,0,0,0,0,0,0,0,0,0,0,0,0,0,0,1,0,71.56078431372549,2,0,1,0.65988576,5389
1,1,1,0,16,1,1,54.54999923706055,825.1,0,0,0,0,1,0,1,0,0,0,0,0,0,0,0,0,0,0,0,0,0,2,51.56875,1,0,1,0.5128456,3985
0,0,0,0,22,1,0,89.25,1907.85,0,0,1,0,0,0,0,0,0,0,0,0,1,0,1,0,0,0,0,1,0,2,86.72045454545454,1,1,1,0.65988576,761
1,0,1,0,13,1,1,102.25,1359.0,1,0,1,0,0,0,0,0,1,0,0,0,1,0,1,0,0,0,1,0,0,3,104.53846153846153,1,1,1,0.6571134,6125
0,0,0,1,43,1,1,25.100000381469727,1070.15,1,0,0,1,0,1,0,1,0,1,0,1,0,1,0,1,0,1,0,1,0,0,24.887209302325584,2,0,0,0.20370728,6053
0,0,0,0,3,1,1,89.44999694824219,240.45,0,0,1,0,0,0,0,0,0,0,0,0,1,0,1,0,0,0,0,1,0,2,80.14999999999999,0,1,1,0.66716,5547
1,1,0,0,54,1,1,90.05000305175781,4931.8,1,0,1,0,0,0,1,0,0,0,0,0,0,0,1,0,0,0,0,1,0,2,91.32962962962964,2,0,1,0.64827424,1838
1,0,0,1,1,0,0,24.200000762939453,24.2,0,1,0,0,0,0,0,0,0,0,0,0,0,0,0,0,0,0,0,0,1,0,24.2,0,0,1,0.5610574,6979
1,0,1,1,69,1,1,20.549999237060547,1403.1,0,0,0,1,0,1,0,1,0,1,0,1,0,1,0,1,1,0,1,0,0,0,20.33478260869565,2,0,0,0.22875902,4345
1,0,0,0,62,1,0,23.399999618530273,1429.65,1,0,0,1,0,1,0,1,0,1,0,1,0,1,0,1,0,1,0,0,0,0,23.058870967741935,2,0,0,0.19847946,3553
0,0,0,0,2,1,1,90.4000015258789,168.2,0,0,1,0,0,0,0,0,0,0,0,0,1,0,1,0,0,0,0,1,0,2,84.1,0,1,1,0.66716,346
0,1,1,1,62,1,1,96.0999984741211,6019.35,1,0,1,0,0,0,1,0,1,0,0,0,0,0,1,0,0,0,1,0,0,3,97.08629032258065,2,0,1,0.58585507,3624
1,1,0,0,2,1,0,44.95000076293945,85.15,0,0,0,0,0,0,0,0,0,0,0,0,0,0,0,0,0,0,0,0,1,0,42.575,0,1,1,0.6209642,950
1,0,1,1,69,1,0,19.899999618530273,1356.7,0,0,0,1,0,1,0,1,0,1,0,1,0,1,0,1,0,1,0,0,0,0,19.66231884057971,2,0,0,0.1970722,3707
0,0,0,0,1,1,1,74.5,74.5,1,0,1,0,0,0,0,0,0,0,0,0,0,0,0,0,0,0,0,1,0,0,74.5,0,1,1,0.66716,6633
1,0,0,0,31,1,1,55.25,1715.65,0,0,0,0,0,0,0,0,1,0,1,0,0,0,0,0,0,0,0,1,0,2,55.343548387096774,1,1,1,0.5612133,2488
1,1,0,0,69,1,0,20.299999237060547,1356.3,0,0,0,1,0,1,0,1,0,1,0,1,0,1,0,1,0,1,1,0,0,0,19.656521739130433,2,0,0,0.19847946,4852
1,0,1,0,2,1,1,91.44999694824219,171.45,1,0,1,0,0,0,0,0,1,0,0,0,1,0,0,0,0,0,0,1,0,2,85.725,0,0,1,0.6651782,2519
0,0,0,0,33,1,1,70.4000015258789,2406.1,0,0,1,0,0,0,0,0,0,0,0,0,0,0,0,0,0,0,0,0,0,0,72.9121212121212,1,0,1,0.65988576,5400
0,0,1,0,3,1,1,19.600000381469727,55.25,0,0,0,1,0,1,0,1,0,1,0,1,0,1,0,1,0,0,0,0,1,0,18.416666666666668,0,0,1,0.53559256,1520
1,0,0,0,44,1,0,65.4000015258789,2774.55,0,0,0,0,1,0,0,0,0,0,1,0,1,0,0,0,1,0,0,1,0,3,63.05795454545455,2,0,0,0.23490511,3712
1,0,0,0,10,1,1,110.0999984741211,1043.3,0,0,1,0,1,0,1,0,1,0,1,0,1,0,1,0,0,0,0,1,0,6,104.33,0,1,1,0.54279864,880
0,0,0,0,8,1,1,75.25,576.7,1,0,1,0,0,0,0,0,0,0,0,0,0,0,0,0,0,0,0,1,0,0,72.0875,0,0,1,0.66716,3510
1,0,0,0,8,1,1,66.6500015258789,520.95,0,0,0,0,0,0,1,0,0,0,1,0,1,0,0,0,0,0,0,1,0,3,65.11875,0,0,1,0.582423,6114
0,0,1,1,69,1,1,20.350000381469727,1442.65,0,0,0,1,0,1,0,1,0,1,0,1,0,1,0,1,1,0,1,0,0,0,20.907971014492755,2,0,0,0.22875902,3283
0,0,0,0,23,1,0,75.5999984741211,1758.6,1,0,1,0,0,0,0,0,0,0,0,0,0,0,0,0,0,0,0,0,0,0,76.4608695652174,1,1,1,0.65988576,523
1,0,0,0,66,1,0,25.100000381469727,1697.7,1,0,0,1,0,1,0,1,0,1,0,1,0,1,0,1,0,1,0,0,1,0,25.722727272727273,2,0,0,0.19847946,1035
0,0,1,1,1,1,1,102.44999694824219,102.45,1,0,1,0,1,0,0,0,1,0,0,0,1,0,1,0,0,0,0,1,0,4,102.45,0,1,1,0.52441305,2246
0,0,0,0,3,1,0,19.950000762939453,58.0,0,0,0,1,0,1,0,1,0,1,0,1,0,1,0,1,0,0,0,0,1,0,19.333333333333332,0,0,1,0.53559256,6140
0,0,0,1,5,1,1,51.0,286.8,0,0,0,0,0,0,0,0,0,0,1,0,0,0,0,0,0,0,0,0,1,1,57.36,0,0,1,0.5220646,4030
0,0,0,1,1,1,0,51.20000076293945,51.2,0,0,0,0,1,0,0,0,0,0,0,0,0,0,0,0,0,0,0,0,1,1,51.2,0,0,0,0.4648348,2255
0,0,0,0,9,1,1,77.6500015258789,714.15,0,0,1,0,0,0,0,0,0,0,0,0,1,0,0,0,0,0,0,0,0,1,79.35,0,1,1,0.66716,6304
1,0,1,1,36,1,1,63.70000076293945,2188.5,0,0,0,0,1,0,0,0,1,0,0,0,0,0,1,0,1,0,1,0,0,3,60.791666666666664,1,0,0,0.25375235,5965
1,0,1,1,68,1,1,85.5,5696.6,1,0,1,0,1,0,1,0,0,0,0,0,0,0,0,0,1,0,0,0,0,2,83.77352941176471,2,0,0,0.26840502,5614
0,0,1,1,35,0,0,40.900001525878906,1383.6,0,1,0,0,0,0,0,0,0,0,1,0,1,0,0,0,1,0,0,0,1,2,39.53142857142857,1,0,0,0.2509095,5601
1,0,1,1,60,1,0,20.549999237060547,1205.05,0,0,0,1,0,1,0,1,0,1,0,1,0,1,0,1,0,1,0,0,1,0,20.084166666666665,2,0,0,0.1970722,2466
0,0,1,1,72,1,0,74.55000305175781,5430.65,1,0,0,0,1,0,1,0,0,0,1,0,1,0,0,0,0,1,0,0,1,4,75.42569444444445,2,0,0,0.20180753,4914
1,0,0,0,45,1,1,20.399999618530273,930.45,0,0,0,1,0,1,0,1,0,1,0,1,0,1,0,1,1,0,0,1,0,0,20.67666666666667,2,1,0,0.2327209,5086
1,0,1,1,37,1,0,91.19999694824219,3247.55,0,0,1,0,0,0,0,0,0,0,0,0,1,0,1,0,1,0,1,0,0,2,87.77162162162162,2,0,0,0.33003008,888
0,0,1,1,7,1,0,50.70000076293945,350.35,0,0,0,0,1,0,0,0,0,0,0,0,0,0,0,0,0,0,0,0,1,1,50.050000000000004,0,0,0,0.45286712,123
0,0,0,0,4,1,0,50.70000076293945,151.3,0,0,0,0,0,0,1,0,0,0,0,0,0,0,0,0,0,0,1,0,0,1,37.825,0,1,1,0.6180582,3408
0,0,0,0,1,1,1,54.900001525878906,54.9,0,0,0,0,1,0,1,0,0,0,0,0,0,0,0,0,0,0,0,1,0,2,54.9,0,1,1,0.52150065,3362
0,0,0,0,4,1,1,60.400001525878906,272.15,0,0,0,0,1,0,1,0,0,0,1,0,0,0,0,0,0,0,0,0,1,3,68.0375,0,1,0,0.4812939,7011
1,0,1,0,18,1,1,49.54999923706055,878.35,0,0,0,0,0,0,0,0,1,0,0,0,0,0,0,0,0,0,0,0,1,1,48.797222222222224,1,1,1,0.60036904,3158
0,0,0,0,12,1,0,74.05000305175781,872.65,1,0,0,0,0,0,0,0,0,0,1,0,1,0,1,0,1,0,0,0,1,3,72.72083333333333,0,1,0,0.2914107,5968
0,0,1,1,1,1,1,80.05000305175781,80.05,0,0,1,0,0,0,0,0,0,0,0,0,1,0,0,0,0,0,0,0,1,1,80.05,0,1,1,0.6150095,5300
1,0,1,1,72,1,0,25.0,1738.9,1,0,0,1,0,1,0,1,0,1,0,1,0,1,0,1,0,1,0,0,0,0,24.15138888888889,2,0,0,0.1970722,4761
1,0,1,0,42,1,0,20.25,835.5,0,0,0,1,0,1,0,1,0,1,0,1,0,1,0,1,0,1,0,1,0,0,19.892857142857142,2,0,0,0.20514981,4441
1,1,0,0,24,1,1,76.0999984741211,1712.7,1,0,1,0,0,0,0,0,0,0,0,0,0,0,0,0,0,0,0,1,0,0,71.3625,1,1,1,0.65988576,290
1,0,1,1,26,1,0,78.94999694824219,2034.25,0,0,1,0,0,0,0,0,0,0,0,0,0,0,1,0,1,0,0,0,0,1,78.24038461538461,1,0,0,0.28631294,4120
0,0,1,1,68,1,1,73.0,5163.0,1,0,0,0,1,0,1,0,1,0,0,0,1,0,0,0,1,0,1,0,0,4,75.92647058823529,2,0,0,0.23342411,3704
0,0,0,0,17,1,0,19.899999618530273,323.15,0,0,0,1,0,1,0,1,0,1,0,1,0,1,0,1,1,0,0,0,0,0,19.008823529411764,1,0,0,0.2327209,1718
1,0,1,1,59,1,1,111.0999984741211,6555.2,1,0,1,0,1,0,1,0,0,0,1,0,1,0,1,0,0,1,0,0,1,5,111.10508474576271,2,0,0,0.33075678,5202
1,0,1,1,13,1,1,74.4000015258789,896.75,1,0,1,0,0,0,0,0,0,0,0,0,0,0,0,0,0,0,1,0,0,0,68.98076923076923,1,1,1,0.59571356,1472
0,0,0,0,2,1,1,20.450000762939453,42.45,0,0,0,1,0,1,0,1,0,1,0,1,0,1,0,1,0,0,0,0,1,0,21.225,0,0,1,0.53559256,3217
0,0,1,0,67,1,0,19.649999618530273,1335.2,0,0,0,1,0,1,0,1,0,1,0,1,0,1,0,1,0,1,0,0,1,0,19.928358208955224,2,0,0,0.19847946,4530
0,0,0,0,17,1,0,20.049999237060547,337.9,0,0,0,1,0,1,0,1,0,1,0,1,0,1,0,1,1,0,1,0,0,0,19.876470588235293,1,0,0,0.23052676,3211
1,0,1,0,71,1,1,80.0999984741211,5585.4,1,0,0,0,1,0,1,0,1,0,1,0,0,0,1,0,0,1,0,0,1,5,78.66760563380281,2,0,0,0.2009723,1016
0,0,1,1,17,1,0,98.5999984741211,1704.95,0,0,1,0,0,0,0,0,1,0,1,0,1,0,1,0,1,0,0,0,0,4,100.29117647058824,1,1,0,0.40084222,1577
1,0,0,0,1,1,1,89.55000305175781,89.55,0,0,1,0,0,0,0,0,0,0,0,0,1,0,1,0,0,0,0,1,0,2,89.55,0,1,1,0.6651782,642
0,0,1,1,6,1,0,19.700000762939453,94.45,0,0,0,1,0,1,0,1,0,1,0,1,0,1,0,1,1,0,0,0,1,0,15.741666666666667,0,0,0,0.22928555,4770
1,0,1,0,61,1,1,114.0999984741211,7132.15,1,0,1,0,0,0,1,0,1,0,1,0,1,0,1,0,0,0,0,1,0,5,116.92049180327868,2,0,1,0.6147467,3856
0,0,0,0,6,1,1,73.8499984741211,401.3,1,0,1,0,0,0,0,0,0,0,0,0,0,0,0,0,0,0,0,0,1,0,66.88333333333334,0,0,1,0.66716,6314
0,1,0,0,1,0,0,25.049999237060547,25.05,0,1,0,0,0,0,0,0,0,0,0,0,0,0,0,0,0,0,0,0,1,0,25.05,0,1,1,0.6209642,3185
0,0,1,1,21,1,1,102.80000305175781,2110.15,0,0,1,0,0,0,1,0,1,0,1,0,1,0,1,0,0,0,0,1,0,5,100.48333333333333,1,1,1,0.5539586,4594
0,0,1,0,60,1,1,110.80000305175781,6640.7,1,0,1,0,0,0,1,0,1,0,1,0,1,0,1,0,0,1,1,0,0,5,110.67833333333333,2,0,0,0.33332264,6478
0,1,0,0,20,1,1,85.80000305175781,1727.5,1,0,1,0,0,0,0,0,0,0,0,0,0,0,1,0,0,0,1,0,0,1,86.375,1,1,1,0.6571134,3975
1,0,1,0,22,1,0,95.9000015258789,2234.95,1,0,1,0,1,0,0,0,0,0,1,0,1,0,0,0,0,0,1,0,0,3,101.58863636363635,1,0,1,0.5467611,1461
0,0,0,0,40,1,1,20.600000381469727,827.3,0,0,0,1,0,1,0,1,0,1,0,1,0,1,0,1,0,1,0,0,0,0,20.682499999999997,2,0,0,0.19847946,2268
1,0,0,0,23,1,1,74.94999694824219,1710.45,1,0,1,0,0,0,0,0,0,0,0,0,0,0,0,0,0,0,0,1,0,0,74.36739130434783,1,1,1,0.65988576,1999
0,0,0,1,1,1,0,45.95000076293945,45.95,0,0,0,0,0,0,0,0,0,0,0,0,0,0,0,0,0,0,0,0,1,0,45.95,0,1,1,0.5662811,2361
1,0,0,0,46,0,0,38.25,1755.35,0,1,0,0,1,0,0,0,1,0,1,0,0,0,0,0,0,1,0,0,1,3,38.15978260869565,2,0,0,0.20438793,4728
0,0,1,1,5,1,0,69.94999694824219,320.4,0,0,1,0,0,0,0,0,0,0,0,0,0,0,0,0,0,0,1,0,0,0,64.08,0,0,1,0.6035357,6481
1,1,0,0,68,1,1,20.0,1396.0,0,0,0,1,0,1,0,1,0,1,0,1,0,1,0,1,0,1,1,0,0,0,20.529411764705884,2,0,0,0.19847946,6942
0,1,0,0,1,0,1,25.200000762939453,25.2,0,1,0,0,0,0,0,0,0,0,0,0,0,0,0,0,0,0,0,1,0,0,25.2,0,1,1,0.6209642,1334
0,0,1,0,2,1,0,20.100000381469727,43.15,0,0,0,1,0,1,0,1,0,1,0,1,0,1,0,1,0,0,0,0,0,0,21.575,0,0,1,0.53559256,5150
0,1,0,0,14,1,1,104.8499984741211,1531.4,1,0,1,0,0,0,1,0,1,0,0,0,1,0,1,0,0,0,0,1,0,4,109.38571428571429,1,1,1,0.64827424,2448
1,0,0,0,10,1,1,70.0,740.0,0,0,1,0,0,0,0,0,0,0,0,0,0,0,0,0,0,0,0,1,0,0,74.0,0,1,1,0.6651782,2231
1,0,0,1,13,1,1,78.30000305175781,1033.95,0,0,1,0,0,0,0,0,0,0,0,0,1,0,0,0,0,0,1,0,0,1,79.53461538461539,1,0,1,0.5982501,203
0,0,0,0,34,1,1,109.80000305175781,3587.25,1,0,1,0,1,0,1,0,1,0,0,0,1,0,1,0,0,0,0,0,1,5,105.50735294117646,1,1,1,0.5726695,1644
1,0,1,1,18,1,0,57.45000076293945,990.85,0,0,0,0,0,0,0,0,1,0,0,0,0,0,1,0,0,0,0,1,0,2,55.047222222222224,1,1,1,0.53291583,1014
1,0,1,1,71,1,0,19.700000762939453,1301.1,0,0,0,1,0,1,0,1,0,1,0,1,0,1,0,1,0,1,1,0,0,0,18.325352112676054,2,0,0,0.1970722,6614
0,0,1,0,70,1,1,110.5,7752.05,1,0,1,0,0,0,1,0,1,0,1,0,1,0,1,0,0,1,0,1,0,5,110.74357142857143,2,0,0,0.33332264,5710
0,0,1,0,52,1,1,64.30000305175781,3410.6,0,0,0,0,1,0,0,0,1,0,0,0,1,0,0,0,1,0,0,0,1,3,65.58846153846153,2,0,0,0.24047415,1153
1,0,1,1,68,1,1,105.25,7173.15,0,0,1,0,1,0,1,0,1,0,0,0,1,0,1,0,0,1,0,0,0,5,105.4875,2,0,0,0.33075678,6332
1,0,1,1,38,1,0,19.600000381469727,717.3,0,0,0,1,0,1,0,1,0,1,0,1,0,1,0,1,0,0,0,1,0,0,18.876315789473683,2,0,0,0.47295085,3604
0,0,1,1,58,1,1,24.5,1497.9,1,0,0,1,0,1,0,1,0,1,0,1,0,1,0,1,1,0,1,0,0,0,25.82586206896552,2,0,0,0.22875902,1076
1,0,0,0,3,1,0,90.69999694824219,237.65,0,0,1,0,0,0,0,0,0,0,0,0,1,0,1,0,0,0,0,0,1,2,79.21666666666667,0,0,1,0.6651782,3978
1,0,1,0,14,1,0,48.79999923706055,664.4,0,0,0,0,0,0,0,0,0,0,1,0,0,0,0,0,0,0,0,0,0,1,47.457142857142856,1,0,1,0.5612133,3166
1,0,0,0,2,0,1,24.899999618530273,49.7,0,1,0,0,0,0,0,0,0,0,0,0,0,0,0,0,0,0,1,0,0,0,24.85,0,0,1,0.6180582,6133
0,0,1,0,1,0,1,24.799999237060547,24.8,0,1,0,0,0,0,0,0,0,0,0,0,0,0,0,0,0,0,0,1,0,0,24.8,0,1,1,0.6209642,185
0,1,0,0,72,1,1,107.4000015258789,7748.75,1,0,1,0,1,0,1,0,1,0,1,0,0,0,1,0,0,1,0,0,0,5,107.62152777777777,2,0,0,0.2943012,4686
1,0,0,0,3,1,1,43.29999923706055,123.65,0,0,0,0,0,0,0,0,0,0,0,0,0,0,0,0,0,0,0,1,0,0,41.21666666666667,0,1,1,0.6209642,3516
0,0,0,0,13,1,1,80.0,1029.35,1,0,1,0,1,0,0,0,0,0,0,0,0,0,0,0,0,0,1,0,0,1,79.18076923076923,1,0,1,0.5731824,1175
1,1,1,1,72,1,1,104.0999984741211,7447.7,0,0,1,0,1,0,0,0,1,0,1,0,1,0,1,0,0,1,1,0,0,5,103.44027777777778,2,0,0,0.21494454,1606
1,0,1,0,58,1,0,20.75,1185.95,0,0,0,1,0,1,0,1,0,1,0,1,0,1,0,1,0,1,0,0,1,0,20.44741379310345,2,0,0,0.19847946,1653
1,1,1,0,71,1,1,95.5,6707.15,0,0,1,0,0,0,1,0,1,0,1,0,0,0,1,0,0,1,1,0,0,4,94.4669014084507,2,0,0,0.2055615,2180
0,0,0,0,1,1,0,76.3499984741211,76.35,0,0,1,0,0,0,0,0,1,0,0,0,0,0,0,0,0,0,0,1,0,1,76.35,0,1,1,0.66716,1807
0,0,1,1,54,1,0,91.30000305175781,4965.0,1,0,0,0,1,0,1,0,1,0,1,0,1,0,1,0,0,1,1,0,0,6,91.94444444444444,2,0,0,0.20180753,2292
1,0,0,1,39,0,0,45.04999923706055,1790.6,0,1,0,0,1,0,0,0,0,0,1,0,1,0,0,0,1,0,0,0,0,3,45.91282051282051,2,0,0,0.23532511,1560
0,0,0,0,1,1,1,70.5999984741211,70.6,0,0,1,0,0,0,0,0,0,0,0,0,0,0,0,0,0,0,0,1,0,0,70.6,0,1,1,0.66716,5393
1,0,1,0,61,1,1,80.80000305175781,4860.85,1,0,0,0,1,0,1,0,1,0,1,0,0,0,1,0,0,1,0,0,0,5,79.68606557377049,2,0,0,0.2009723,6208
0,0,1,1,25,1,1,89.1500015258789,2257.75,0,0,1,0,0,0,1,0,1,0,0,0,1,0,0,0,0,0,0,0,0,3,90.31,1,1,1,0.58585507,1987
0,0,0,0,37,1,0,91.19999694824219,3382.3,1,0,1,0,1,0,1,0,1,0,0,0,0,0,0,0,0,0,0,0,0,3,91.41351351351352,2,0,1,0.5636166,5205
0,1,0,0,26,1,1,91.25,2351.8,0,0,1,0,0,0,0,0,0,0,0,0,1,0,1,0,0,0,0,1,0,2,90.45384615384616,1,1,1,0.65988576,3792
1,0,0,0,10,1,0,19.75,208.25,0,0,0,1,0,1,0,1,0,1,0,1,0,1,0,1,0,0,1,0,0,0,20.825,0,0,1,0.53252476,4193
0,0,0,0,1,1,0,20.399999618530273,20.4,0,0,0,1,0,1,0,1,0,1,0,1,0,1,0,1,0,0,0,0,1,0,20.4,0,1,1,0.55142784,6388
0,1,1,0,24,0,1,40.650001525878906,933.3,0,1,0,0,0,0,0,0,1,0,0,0,0,0,1,0,0,0,1,0,0,2,38.887499999999996,1,1,1,0.6024804,5207
1,1,0,0,65,1,1,110.3499984741211,7246.15,1,0,1,0,1,0,0,0,1,0,1,0,1,0,1,0,0,1,0,1,0,5,111.47923076923077,2,0,0,0.3448234,675
1,0,0,0,23,1,1,64.9000015258789,1509.8,0,0,0,0,0,0,0,0,0,0,0,0,1,0,1,0,1,0,0,0,0,2,65.64347826086956,1,0,0,0.2800032,300
1,0,0,0,49,1,1,66.1500015258789,3199.0,1,0,0,0,0,0,0,0,0,0,1,0,1,0,0,0,0,1,0,0,0,2,65.28571428571429,2,0,0,0.2009723,5093
0,1,0,0,42,1,0,55.650001525878906,2421.75,1,0,0,0,0,0,0,0,1,0,0,0,0,0,0,0,0,0,0,1,0,1,57.660714285714285,2,0,1,0.60036904,6191
0,0,0,0,8,1,0,20.850000381469727,161.65,0,0,0,1,0,1,0,1,0,1,0,1,0,1,0,1,0,1,0,0,1,0,20.20625,0,0,0,0.19895425,2259
0,0,0,0,28,1,0,54.650001525878906,1517.5,0,0,0,0,0,0,1,0,0,0,1,0,0,0,0,0,0,0,0,0,0,2,54.19642857142857,1,0,1,0.5612133,4802
1,0,0,0,71,1,0,80.5999984741211,5708.2,1,0,0,0,1,0,1,0,1,0,1,0,0,0,1,0,0,1,0,0,0,5,80.39718309859154,2,0,0,0.2009723,4231
1,0,1,1,69,1,1,99.44999694824219,7007.6,1,0,1,0,0,0,0,0,1,0,0,0,1,0,1,0,0,0,1,0,0,3,101.55942028985508,2,1,1,0.5982501,402
1,0,1,1,68,1,1,114.69999694824219,7849.85,1,0,1,0,1,0,1,0,1,0,1,0,1,0,1,0,0,1,0,0,0,6,115.43897058823529,2,0,0,0.33075678,1036
0,0,1,0,64,1,1,105.4000015258789,6794.75,1,0,1,0,0,0,1,0,0,0,1,0,1,0,1,0,0,1,0,0,0,4,106.16796875,2,0,0,0.38073483,7002
0,1,0,0,3,1,0,75.05000305175781,202.9,0,0,1,0,0,0,0,0,1,0,0,0,0,0,0,0,0,0,0,0,1,1,67.63333333333334,0,0,1,0.66716,747
0,0,1,1,66,1,1,49.400001525878906,3251.85,0,0,0,0,0,0,0,0,0,0,1,0,0,0,0,0,1,0,1,0,0,1,49.27045454545454,2,0,0,0.24695776,2373
1,0,0,0,28,1,0,18.25,534.7,0,0,0,1,0,1,0,1,0,1,0,1,0,1,0,1,1,0,1,0,0,0,19.09642857142857,1,0,0,0.23052676,3719
1,0,1,0,67,1,1,111.05000305175781,7321.05,0,0,1,0,1,0,1,0,1,0,1,0,1,0,1,0,0,1,0,1,0,6,109.26940298507463,2,0,0,0.33332264,2743
1,0,1,0,46,1,0,19.600000381469727,851.2,0,0,0,1,0,1,0,1,0,1,0,1,0,1,0,1,0,0,0,1,0,0,18.504347826086956,2,0,1,0.5348508,2755
1,0,1,0,55,1,1,96.75,5238.9,1,0,1,0,1,0,1,0,0,0,0,0,1,0,0,0,0,0,0,1,0,3,95.25272727272727,2,1,1,0.5726695,110
1,0,0,0,22,1,1,69.69999694824219,1490.4,0,0,1,0,0,0,0,0,0,0,0,0,0,0,0,0,0,0,0,0,1,0,67.74545454545455,1,0,1,0.65988576,1801
1,0,1,1,18,1,1,87.9000015258789,1500.5,0,0,1,0,1,0,0,0,1,0,0,0,1,0,0,0,0,0,0,0,1,3,83.36111111111111,1,0,1,0.51064086,1184
1,0,1,0,46,0,0,40.400001525878906,1842.7,0,1,0,0,1,0,0,0,1,0,1,0,0,0,0,0,0,1,1,0,0,3,40.05869565217392,2,0,0,0.20438793,2681
0,0,1,0,10,1,1,78.1500015258789,765.15,1,0,1,0,1,0,0,0,0,0,0,0,0,0,0,0,0,0,1,0,0,1,76.515,0,0,1,0.568431,4079
1,0,1,0,72,1,1,99.4000015258789,7285.7,1,0,1,0,0,0,1,0,0,0,0,0,1,0,1,0,0,1,0,1,0,3,101.19027777777778,2,0,0,0.21759415,6239
1,0,0,0,16,1,0,55.29999923706055,875.35,1,0,0,0,0,0,1,0,0,0,0,0,0,0,0,0,0,0,0,1,0,1,54.709375,1,0,1,0.60036904,3236
1,1,0,0,3,1,1,77.0,237.75,1,0,1,0,0,0,0,0,0,0,0,0,0,0,0,0,0,0,0,1,0,0,79.25,0,1,1,0.6651782,5098
1,0,1,1,21,0,1,26.049999237060547,565.75,0,1,0,0,0,0,0,0,0,0,0,0,0,0,0,0,0,0,0,1,0,0,26.94047619047619,1,0,1,0.53817326,2383
1,0,0,0,5,1,0,78.75,426.35,0,0,1,0,0,0,0,0,0,0,0,0,0,0,1,0,0,0,0,0,1,1,85.27000000000001,0,0,1,0.6651782,4782
0,0,0,0,1,0,0,29.950000762939453,29.95,0,1,0,0,0,0,1,0,0,0,0,0,0,0,0,0,0,0,0,0,0,1,29.95,0,1,1,0.6209642,180
0,0,0,0,1,1,1,45.400001525878906,45.4,0,0,0,0,0,0,0,0,0,0,0,0,0,0,0,0,0,0,0,0,1,0,45.4,0,1,1,0.6209642,3044
1,1,1,0,36,1,1,85.25,3132.75,1,0,1,0,0,0,0,0,0,0,0,0,0,0,1,0,0,0,1,0,0,1,87.02083333333333,1,1,1,0.6571134,2521
1,0,1,0,64,1,1,104.05000305175781,6605.55,0,0,1,0,1,0,1,0,0,0,1,0,1,0,1,0,0,1,1,0,0,5,103.21171875,2,0,0,0.20831235,4855
1,1,1,0,30,1,0,74.8499984741211,2181.75,1,0,0,0,0,0,0,0,1,0,0,0,1,0,1,0,0,1,0,1,0,3,72.725,1,0,0,0.21280828,2143
0,0,1,1,72,1,0,19.549999237060547,1463.45,0,0,0,1,0,1,0,1,0,1,0,1,0,1,0,1,0,1,0,0,0,0,20.325694444444444,2,0,0,0.1970722,4201
1,0,1,1,46,1,1,20.100000381469727,936.85,0,0,0,1,0,1,0,1,0,1,0,1,0,1,0,1,0,1,0,0,1,0,20.366304347826087,2,0,0,0.1970722,1855
0,0,1,0,45,1,1,95.19999694824219,4285.8,0,0,1,0,0,0,0,0,0,0,1,0,1,0,1,0,0,1,1,0,0,3,95.24000000000001,2,0,0,0.21406953,3182
0,0,0,0,2,1,0,20.649999618530273,38.7,0,0,0,1,0,1,0,1,0,1,0,1,0,1,0,1,0,0,0,0,1,0,19.35,0,1,1,0.53559256,3721
0,0,0,0,34,1,0,55.0,1885.15,0,0,0,0,1,0,1,0,0,0,0,0,0,0,0,0,1,0,0,0,1,2,55.44558823529412,1,0,0,0.24047415,6571
0,0,1,0,54,1,0,106.55000305175781,5763.3,1,0,1,0,1,0,1,0,0,0,0,0,1,0,1,0,1,0,0,0,0,4,106.72777777777777,2,1,0,0.3917609,3240
1,0,0,0,21,1,1,19.950000762939453,416.4,0,0,0,1,0,1,0,1,0,1,0,1,0,1,0,1,0,0,0,0,1,0,19.82857142857143,1,0,1,0.5348508,3359
1,0,1,0,65,1,0,76.1500015258789,4929.55,1,0,0,0,1,0,0,0,1,0,1,0,0,0,1,0,0,1,0,0,0,4,75.83923076923077,2,0,0,0.2009723,4152
0,0,1,0,20,1,1,69.80000305175781,1540.35,0,0,1,0,0,0,0,0,0,0,0,0,0,0,0,0,0,0,0,0,0,0,77.0175,1,0,1,0.65988576,4571
1,0,0,0,1,1,1,79.5,79.5,0,0,1,0,0,0,0,0,0,0,0,0,1,0,0,0,0,0,0,1,0,1,79.5,0,1,1,0.6651782,2194
1,0,1,1,42,1,1,69.4000015258789,3058.3,1,0,0,0,1,0,1,0,0,0,0,0,1,0,0,0,0,0,0,0,0,3,72.81666666666668,2,0,0,0.49312252,1792
1,0,0,0,1,1,0,19.399999618530273,19.4,0,0,0,1,0,1,0,1,0,1,0,1,0,1,0,1,0,0,0,0,1,0,19.4,0,1,1,0.55142784,2526
0,0,1,0,20,1,1,96.55000305175781,1901.65,0,0,1,0,1,0,1,0,0,0,1,0,1,0,0,0,0,0,0,1,0,4,95.08250000000001,1,0,1,0.53291136,195
1,0,0,0,11,1,0,70.19999694824219,760.05,0,0,1,0,0,0,0,0,0,0,0,0,0,0,0,0,0,0,0,1,0,0,69.09545454545454,0,0,1,0.6651782,558
0,0,1,0,61,1,0,25.299999237060547,1554.9,1,0,0,1,0,1,0,1,0,1,0,1,0,1,0,1,0,1,0,0,0,0,25.49016393442623,2,0,0,0.19847946,5671
0,0,1,0,64,1,0,25.0,1584.8,1,0,0,1,0,1,0,1,0,1,0,1,0,1,0,1,0,1,1,0,0,0,24.7625,2,0,0,0.19847946,2649
0,1,1,0,25,1,0,88.4000015258789,2191.15,0,0,1,0,0,0,1,0,1,0,0,0,0,0,1,0,0,0,0,0,0,3,87.646,1,0,1,0.64827424,2590
0,0,0,0,44,1,1,50.150001525878906,2139.1,1,0,0,0,0,0,0,0,0,0,0,0,0,0,0,0,0,0,0,0,1,0,48.61590909090909,2,0,1,0.60036904,4046
0,0,1,0,5,1,0,69.94999694824219,330.15,0,0,1,0,0,0,0,0,0,0,0,0,0,0,0,0,0,0,0,1,0,0,66.03,0,1,1,0.66716,1543
0,1,1,1,48,0,0,29.899999618530273,1388.75,0,1,0,0,0,0,1,0,0,0,0,0,0,0,0,0,1,0,0,0,0,1,28.932291666666668,2,0,0,0.2509095,5034
1,0,0,0,6,1,1,74.9000015258789,469.8,1,0,1,0,0,0,0,0,0,0,0,0,0,0,0,0,0,0,0,1,0,0,78.3,0,1,1,0.6651782,4154
1,0,1,0,4,1,0,50.04999923706055,179.35,0,0,0,0,0,0,0,0,0,0,1,0,0,0,0,0,0,0,0,0,1,1,44.8375,0,1,1,0.582423,223
1,0,1,1,72,1,0,19.950000762939453,1322.85,0,0,0,1,0,1,0,1,0,1,0,1,0,1,0,1,0,1,0,0,0,0,18.372916666666665,2,0,0,0.1970722,2338
1,0,0,0,54,1,0,89.4000015258789,4869.5,1,0,1,0,0,0,0,0,1,0,0,0,0,0,1,0,0,0,1,0,0,2,90.17592592592592,2,0,1,0.6571134,6919
0,0,1,1,66,1,1,67.44999694824219,4508.65,1,0,0,0,1,0,1,0,1,0,0,0,0,0,0,0,0,0,0,0,0,3,68.31287878787879,2,0,0,0.4442934,342
1,0,0,0,3,1,1,49.900001525878906,130.1,0,0,0,0,0,0,1,0,0,0,0,0,0,0,0,0,0,0,0,0,1,1,43.36666666666667,0,1,1,0.6209642,7001
1,0,0,0,19,1,1,65.3499984741211,1231.85,0,0,0,0,0,0,1,0,0,0,1,0,0,0,1,0,1,0,0,0,0,3,64.83421052631579,1,0,0,0.2738487,907
1,0,1,1,61,1,1,81.0,4976.15,1,0,0,0,0,0,0,0,1,0,1,0,1,0,1,0,0,1,0,0,0,4,81.57622950819672,2,0,0,0.20180753,6070
1,0,0,0,54,1,0,89.80000305175781,4667.0,0,0,1,0,1,0,0,0,1,0,0,0,1,0,0,0,0,0,0,0,1,3,86.42592592592592,2,0,1,0.5761957,2923
0,0,0,0,1,1,0,49.95000076293945,49.95,0,0,0,0,0,0,1,0,0,0,0,0,0,0,0,0,0,0,0,1,0,1,49.95,0,0,1,0.6209642,7016
1,1,0,0,19,1,1,79.8499984741211,1471.75,1,0,1,0,0,0,0,0,1,0,0,0,0,0,0,0,0,0,0,1,0,1,77.46052631578948,1,1,1,0.65988576,2686
1,0,1,0,24,1,0,19.75,483.15,0,0,0,1,0,1,0,1,0,1,0,1,0,1,0,1,0,1,0,0,1,0,20.131249999999998,1,0,0,0.19847946,6492
0,1,0,1,33,1,1,105.3499984741211,3465.05,1,0,1,0,0,0,1,0,1,0,0,0,1,0,1,0,0,0,0,0,0,4,105.00151515151515,1,0,1,0.58585507,2931
0,0,1,0,31,1,1,83.8499984741211,2674.15,0,0,1,0,0,0,1,0,0,0,0,0,0,0,1,0,0,0,0,0,0,2,86.26290322580645,1,0,1,0.64827424,3464
1,0,1,0,59,0,1,44.29999923706055,2666.75,0,1,0,0,0,0,0,0,0,0,0,0,1,0,1,0,0,0,0,1,0,2,45.19915254237288,2,0,1,0.60542923,6455
0,1,1,0,20,1,1,91.0,1859.5,0,0,1,0,0,0,0,0,0,0,0,0,1,0,1,0,1,0,0,0,0,2,92.975,1,0,0,0.33870864,5619
1,1,1,0,60,1,1,99.0,6017.9,1,0,1,0,0,0,0,0,0,0,1,0,1,0,1,0,0,0,0,1,0,3,100.29833333333333,2,0,1,0.6228987,2850
1,0,0,1,18,1,1,80.55000305175781,1406.65,1,0,1,0,0,0,0,0,1,0,0,0,0,0,0,0,0,0,1,0,0,1,78.14722222222223,1,0,1,0.5982501,2102
0,0,0,1,19,1,1,60.599998474121094,1297.8,0,0,0,0,1,0,1,0,1,0,0,0,0,0,0,0,0,0,0,1,0,3,68.30526315789473,1,0,0,0.4442934,4436
0,0,1,1,24,1,0,19.700000762939453,452.55,0,0,0,1,0,1,0,1,0,1,0,1,0,1,0,1,0,1,0,0,1,0,18.85625,1,0,0,0.1970722,3234
0,0,1,1,9,1,0,20.25,172.35,0,0,0,1,0,1,0,1,0,1,0,1,0,1,0,1,1,0,0,0,1,0,19.15,0,0,0,0.22928555,3944
0,0,1,1,33,1,0,24.25,838.5,1,0,0,1,0,1,0,1,0,1,0,1,0,1,0,1,0,0,0,0,0,0,25.40909090909091,1,0,0,0.47295085,3670
0,0,0,0,2,1,0,19.399999618530273,61.05,0,0,0,1,0,1,0,1,0,1,0,1,0,1,0,1,0,0,0,0,1,0,30.525,0,0,1,0.53559256,5595
1,0,1,0,67,1,1,93.1500015258789,6368.2,1,0,1,0,0,0,1,0,1,0,0,0,0,0,1,0,0,1,0,1,0,3,95.04776119402985,2,0,0,0.21596768,5080
0,0,0,0,52,1,1,49.75,2535.55,0,0,0,0,1,0,0,0,0,0,0,0,0,0,0,0,0,0,0,0,0,1,48.760576923076925,2,0,1,0.5128456,4923
0,0,0,0,5,1,1,19.649999618530273,92.05,0,0,0,1,0,1,0,1,0,1,0,1,0,1,0,1,0,0,1,0,0,0,18.41,0,0,1,0.53252476,3207
0,0,1,1,1,1,1,19.399999618530273,19.4,0,0,0,1,0,1,0,1,0,1,0,1,0,1,0,1,0,0,0,0,1,0,19.4,0,0,0,0.4963675,3376
1,0,0,0,67,1,1,19.799999237060547,1311.3,0,0,0,1,0,1,0,1,0,1,0,1,0,1,0,1,0,1,0,0,1,0,19.571641791044776,2,0,0,0.19847946,5730
0,0,0,0,63,1,0,99.9000015258789,6137.0,1,0,1,0,0,0,1,0,0,0,0,0,1,0,1,0,1,0,0,0,0,3,97.41269841269842,2,1,0,0.40321207,4140
1,1,0,0,2,1,0,49.95000076293945,107.1,0,0,0,0,0,0,0,0,1,0,0,0,0,0,0,0,0,0,0,0,1,1,53.55,0,0,1,0.6209642,4161
1,1,1,0,25,1,1,89.05000305175781,2177.45,1,0,1,0,1,0,0,0,0,0,0,0,0,0,1,0,1,0,0,1,0,2,87.098,1,1,0,0.32000047,3831
1,0,0,0,19,1,1,19.950000762939453,373.5,0,0,0,1,0,1,0,1,0,1,0,1,0,1,0,1,0,1,0,0,1,0,19.657894736842106,1,0,0,0.19847946,1347
1,0,0,1,62,1,0,56.150001525878906,3487.95,0,0,0,0,1,0,1,0,0,0,0,0,0,0,0,0,1,0,0,0,0,2,56.25725806451613,2,0,0,0.23154294,9
1,1,0,0,23,0,1,34.650001525878906,768.45,0,1,0,0,0,0,0,0,0,0,0,0,0,0,1,0,0,0,0,0,0,1,33.410869565217396,1,0,1,0.60542923,5013
1,0,1,0,70,1,0,64.94999694824219,4523.25,0,0,0,0,1,0,1,0,1,0,1,0,0,0,0,0,0,1,1,0,0,4,64.61785714285715,2,0,0,0.2009723,1092
1,0,0,0,29,1,1,94.19999694824219,2607.6,0,0,1,0,0,0,0,0,0,0,1,0,1,0,1,0,0,0,0,1,0,3,89.91724137931034,1,0,1,0.6228987,4461
1,0,1,0,32,1,1,78.9000015258789,2447.95,1,0,1,0,0,0,0,0,1,0,0,0,0,0,0,0,0,0,0,1,0,1,76.4984375,1,1,1,0.65988576,5381
0,0,0,0,31,1,0,65.25,1994.3,1,0,0,0,1,0,0,0,1,0,1,0,0,0,0,0,0,0,1,0,0,3,64.33225806451613,1,1,0,0.46957517,3799
0,0,0,0,59,1,0,95.80000305175781,5655.45,0,0,1,0,0,0,0,0,1,0,0,0,1,0,1,0,0,1,0,1,0,3,95.85508474576271,2,0,0,0.22645825,4696
1,0,0,0,32,1,1,64.8499984741211,2010.95,0,0,0,0,0,0,0,0,0,0,0,0,1,0,1,0,1,0,0,0,0,2,62.8421875,1,0,0,0.2800032,2914
1,0,1,0,17,0,1,49.79999923706055,836.35,0,1,0,0,0,0,1,0,0,0,0,0,1,0,1,0,0,0,0,0,1,3,49.19705882352941,1,0,1,0.60542923,4537
1,0,0,0,26,1,0,20.899999618530273,518.3,0,0,0,1,0,1,0,1,0,1,0,1,0,1,0,1,0,0,0,0,1,0,19.934615384615384,1,0,1,0.5348508,1554
1,0,0,0,12,1,0,94.55000305175781,1173.55,1,0,1,0,0,0,0,0,0,0,0,0,1,0,1,0,0,0,0,1,0,2,97.79583333333333,0,0,1,0.6651782,5250
1,0,1,1,61,1,1,98.44999694824219,6145.2,0,0,1,0,0,0,1,0,0,0,1,0,1,0,1,0,1,0,0,0,0,4,100.74098360655738,2,0,0,0.39386517,1380
0,0,1,0,71,1,0,19.600000381469727,1416.5,0,0,0,1,0,1,0,1,0,1,0,1,0,1,0,1,0,1,0,0,1,0,19.950704225352112,2,0,0,0.19847946,4224
0,0,0,0,9,1,1,20.450000762939453,147.55,0,0,0,1,0,1,0,1,0,1,0,1,0,1,0,1,0,0,1,0,0,0,16.394444444444446,0,0,1,0.53252476,4552
1,1,1,0,24,1,1,104.25,2433.9,1,0,1,0,0,0,1,0,1,0,0,0,1,0,1,0,0,0,0,1,0,4,101.41250000000001,1,1,1,0.64827424,5133
0,1,0,0,7,1,1,89.1500015258789,574.35,0,0,1,0,0,0,0,0,0,0,0,0,1,0,1,0,0,0,0,1,0,2,82.05,0,0,1,0.66716,352
1,0,0,1,41,1,1,111.1500015258789,4507.15,0,0,1,0,1,0,1,0,1,0,1,0,1,0,1,0,0,1,0,1,0,6,109.93048780487804,2,0,0,0.33075678,1444
1,0,1,1,20,1,1,90.19999694824219,1776.55,0,0,1,0,0,0,0,0,0,0,0,0,1,0,1,0,0,0,0,1,0,2,88.8275,1,1,1,0.5982501,3918
1,0,1,0,33,1,0,91.25,2964.05,0,0,1,0,0,0,0,0,0,0,0,0,1,0,1,0,0,0,0,1,0,2,89.81969696969698,1,0,1,0.65988576,4755
1,0,0,0,56,1,1,81.80000305175781,4534.45,0,0,0,0,0,0,1,0,1,0,1,0,1,0,1,0,0,1,1,0,0,5,80.97232142857142,2,0,0,0.2009723,2646
1,0,1,1,1,1,1,74.5,74.5,1,0,1,0,0,0,0,0,0,0,0,0,0,0,0,0,0,0,0,1,0,0,74.5,0,1,1,0.61289734,2275
1,0,0,0,4,1,1,76.05000305175781,318.9,1,0,1,0,0,0,0,0,0,0,0,0,0,0,0,0,0,0,0,1,0,0,79.725,0,1,1,0.6651782,3755
0,0,0,0,54,1,0,111.0999984741211,6014.85,1,0,1,0,0,0,1,0,1,0,1,0,1,0,1,0,0,0,0,1,0,5,111.38611111111112,2,1,1,0.6147467,6853
0,0,1,1,8,1,1,68.55000305175781,564.35,0,0,0,0,0,0,0,0,0,0,1,0,1,0,1,0,0,0,0,1,0,3,70.54375,0,0,1,0.5525429,150
1,0,1,0,58,0,1,45.0,2689.35,0,1,0,0,0,0,0,0,0,0,0,0,1,0,1,0,1,0,1,0,0,2,46.36810344827586,2,0,0,0.28178236,3174
1,0,1,0,34,1,0,100.8499984741211,3527.3,1,0,1,0,0,0,0,0,1,0,0,0,1,0,1,0,0,0,0,1,0,3,103.74411764705883,1,0,1,0.65988576,4867
0,1,0,0,2,0,1,30.399999618530273,78.65,0,1,0,0,0,0,0,0,1,0,0,0,0,0,0,0,0,0,0,1,0,1,39.325,0,1,1,0.6209642,3043
1,0,0,1,25,1,1,95.9000015258789,2448.75,0,0,1,0,0,0,1,0,0,0,0,0,1,0,1,0,0,0,0,1,0,3,97.95,1,1,1,0.58585507,3172
0,0,1,0,68,1,1,89.94999694824219,5974.3,1,0,1,0,0,0,0,0,1,0,0,0,1,0,0,0,0,1,0,0,0,2,87.85735294117647,2,0,0,0.21765059,4379
0,0,1,0,71,1,1,105.1500015258789,7555.0,1,0,1,0,0,0,1,0,1,0,0,0,1,0,1,0,0,1,0,0,0,4,106.40845070422536,2,0,0,0.38403517,4533
0,0,0,1,1,1,0,59.20000076293945,59.2,0,0,0,0,0,0,0,0,1,0,0,0,0,0,1,0,0,0,0,1,0,2,59.2,0,1,1,0.5662811,3357
1,0,0,0,13,1,0,98.1500015258789,1230.25,1,0,1,0,1,0,0,0,0,0,0,0,1,0,1,0,0,0,0,0,1,3,94.63461538461539,1,1,1,0.58517975,2543
1,0,1,1,5,1,1,84.5,453.75,1,0,1,0,1,0,0,0,1,0,0,0,0,0,0,0,0,0,0,1,0,2,90.75,0,1,1,0.50356585,5360
0,0,0,0,22,1,0,20.850000381469727,450.65,0,0,0,1,0,1,0,1,0,1,0,1,0,1,0,1,1,0,0,0,0,0,20.48409090909091,1,0,0,0.2327209,6268
0,0,1,1,10,1,0,26.100000381469727,225.55,1,0,0,1,0,1,0,1,0,1,0,1,0,1,0,1,0,1,1,0,0,0,22.555,0,0,0,0.19754447,993
1,1,1,0,55,1,1,74.0,4052.4,1,0,1,0,0,0,0,0,0,0,0,0,0,0,0,0,0,0,0,1,0,0,73.68,2,0,1,0.65988576,4070
0,0,1,1,27,1,1,20.549999237060547,583.3,0,0,0,1,0,1,0,1,0,1,0,1,0,1,0,1,1,0,0,0,1,0,21.6037037037037,1,0,0,0.22875902,1766
0,0,0,0,10,1,0,18.850000381469727,163.2,0,0,0,1,0,1,0,1,0,1,0,1,0,1,0,1,0,0,0,0,1,0,16.32,0,0,1,0.53559256,4022
1,0,0,0,23,1,0,20.850000381469727,473.9,0,0,0,1,0,1,0,1,0,1,0,1,0,1,0,1,0,0,0,1,0,0,20.604347826086954,1,0,1,0.5348508,1448
1,0,1,1,70,1,1,84.0999984741211,5979.7,1,0,0,0,0,0,1,0,1,0,1,0,1,0,1,0,0,1,0,1,0,5,85.42428571428572,2,0,0,0.20856062,6720
0,0,0,1,5,1,0,46.0,221.7,0,0,0,0,0,0,0,0,0,0,0,0,0,0,0,0,0,0,0,0,1,0,44.339999999999996,0,1,1,0.5544073,5509
0,0,0,0,24,1,1,19.549999237060547,470.2,0,0,0,1,0,1,0,1,0,1,0,1,0,1,0,1,0,1,0,0,0,0,19.591666666666665,1,0,0,0.19847946,6731
0,0,0,0,8,1,1,20.200000762939453,140.95,0,0,0,1,0,1,0,1,0,1,0,1,0,1,0,1,1,0,0,0,0,0,17.61875,0,0,0,0.23325378,3736
1,0,1,0,19,1,1,88.80000305175781,1672.35,1,0,1,0,1,0,1,0,0,0,1,0,0,0,0,0,0,0,1,0,0,3,88.01842105263158,1,0,1,0.5206407,5797
1,1,1,0,43,1,1,100.55000305175781,4304.0,0,0,1,0,0,0,1,0,1,0,0,0,1,0,1,0,1,0,0,0,0,4,100.09302325581395,2,0,0,0.39788508,5669
1,1,0,0,67,1,1,101.4000015258789,6841.05,1,0,1,0,0,0,0,0,1,0,0,0,1,0,1,0,0,0,1,0,0,3,102.10522388059702,2,0,1,0.6571134,2860
1,0,0,0,4,1,1,55.29999923706055,238.5,0,0,0,0,0,0,0,0,0,0,0,0,0,0,1,0,0,0,0,0,1,1,59.625,0,0,1,0.6209642,3824
1,0,1,0,59,1,0,113.75,6561.25,1,0,1,0,1,0,1,0,1,0,1,0,1,0,1,0,0,1,0,1,0,6,111.20762711864407,2,0,0,0.33332264,2967
1,0,1,0,72,1,0,25.399999618530273,1710.9,1,0,0,1,0,1,0,1,0,1,0,1,0,1,0,1,0,1,0,0,1,0,23.762500000000003,2,0,0,0.19847946,714
1,0,0,1,19,1,1,20.0,377.55,0,0,0,1,0,1,0,1,0,1,0,1,0,1,0,1,0,0,0,1,0,0,19.871052631578948,1,0,0,0.47295085,4676
0,0,0,0,1,1,0,73.5,73.5,0,0,1,0,0,0,0,0,1,0,0,0,0,0,0,0,0,0,0,0,0,1,73.5,0,1,1,0.66716,2911
0,0,1,1,30,0,0,51.20000076293945,1561.5,0,1,0,0,0,0,0,0,0,0,1,0,1,0,1,0,0,0,1,0,0,3,52.05,1,1,1,0.50570285,4653
0,0,1,0,2,1,1,74.4000015258789,139.4,0,0,1,0,1,0,0,0,0,0,0,0,0,0,0,0,0,0,0,1,0,1,69.7,0,1,1,0.5714528,492
1,0,1,1,60,1,1,65.8499984741211,3928.3,0,0,0,0,1,0,1,0,1,0,1,0,0,0,0,0,1,0,0,0,0,4,65.47166666666666,2,0,0,0.23154294,1321
1,0,0,0,44,1,1,111.5,4915.15,1,0,1,0,1,0,1,0,1,0,0,0,1,0,1,0,0,0,0,1,0,5,111.70795454545454,2,0,1,0.5726695,3669
0,0,0,0,1,1,1,48.599998474121094,48.6,0,0,0,0,0,0,1,0,0,0,0,0,0,0,0,0,0,0,0,1,0,1,48.6,0,0,1,0.6209642,5652
1,0,1,0,3,0,1,29.899999618530273,92.25,0,1,0,0,0,0,0,0,0,0,1,0,0,0,0,0,0,0,0,1,0,1,30.75,0,0,1,0.582423,6777
1,1,1,0,71,1,0,24.850000381469727,1901.0,1,0,0,1,0,1,0,1,0,1,0,1,0,1,0,1,0,1,0,0,0,0,26.774647887323944,2,0,0,0.19847946,4147
0,0,0,0,2,1,0,49.20000076293945,103.7,0,0,0,0,0,0,1,0,0,0,0,0,0,0,0,0,0,0,0,0,1,1,51.85,0,0,1,0.6209642,3848
0,0,0,0,1,0,0,25.850000381469727,25.85,0,1,0,0,0,0,0,0,0,0,0,0,0,0,0,0,1,0,0,0,1,0,25.85,0,0,0,0.2731446,6149
0,0,1,1,72,1,1,115.5,8425.15,1,0,1,0,1,0,1,0,1,0,1,0,1,0,1,0,0,1,0,1,0,6,117.01597222222222,2,0,0,0.21053055,3897
0,0,0,0,6,1,1,85.94999694824219,514.6,0,0,1,0,0,0,1,0,0,0,0,0,0,0,1,0,0,0,0,0,1,2,85.76666666666667,0,0,1,0.66716,5809
0,0,0,0,1,1,1,85.55000305175781,85.55,0,0,1,0,0,0,0,0,1,0,0,0,1,0,0,0,0,0,1,0,0,2,85.55,0,1,1,0.6644168,2367
1,1,0,0,20,1,0,89.94999694824219,1648.45,0,0,1,0,0,0,0,0,0,0,0,0,1,0,1,0,0,0,0,1,0,2,82.4225,1,0,1,0.65988576,2219
1,0,0,0,1,1,1,88.3499984741211,88.35,0,0,1,0,0,0,0,0,0,0,0,0,1,0,1,0,0,0,0,1,0,2,88.35,0,1,1,0.6651782,2397
1,0,0,0,12,1,0,20.049999237060547,265.45,0,0,0,1,0,1,0,1,0,1,0,1,0,1,0,1,0,0,1,0,0,0,22.120833333333334,0,0,1,0.53252476,519
1,0,0,0,9,0,1,24.950000762939453,190.25,0,1,0,0,0,0,0,0,0,0,0,0,0,0,0,0,0,0,0,1,0,0,21.13888888888889,0,0,1,0.6209642,3505
0,0,0,0,12,1,0,20.100000381469727,223.6,0,0,0,1,0,1,0,1,0,1,0,1,0,1,0,1,0,0,0,0,1,0,18.633333333333333,0,0,1,0.53559256,5012
0,0,0,0,1,1,1,49.900001525878906,49.9,0,0,0,0,0,0,0,0,0,0,1,0,0,0,0,0,0,0,0,1,0,1,49.9,0,0,1,0.582423,685
1,0,0,0,17,1,1,19.649999618530273,351.55,0,0,0,1,0,1,0,1,0,1,0,1,0,1,0,1,1,0,0,0,0,0,20.679411764705883,1,0,0,0.2327209,3812
0,0,0,0,12,1,1,79.55000305175781,958.25,1,0,1,0,0,0,0,0,0,0,1,0,0,0,0,0,0,0,1,0,0,1,79.85416666666667,0,0,1,0.6276444,4986
1,0,0,0,12,1,1,106.69999694824219,1253.9,1,0,1,0,0,0,1,0,1,0,0,0,1,0,1,0,0,0,0,1,0,4,104.49166666666667,0,1,1,0.6651782,2294
0,0,0,0,15,1,1,55.70000076293945,899.8,1,0,0,0,1,0,0,0,0,0,0,0,0,0,0,0,0,0,0,0,1,1,59.986666666666665,1,1,1,0.5128456,5006
1,0,1,0,71,1,1,99.0,6994.6,1,0,1,0,1,0,1,0,1,0,0,0,1,0,0,0,0,1,0,1,0,4,98.51549295774649,2,0,0,0.21759415,3665
0,0,1,0,30,1,1,85.0,2624.25,1,0,1,0,0,0,0,0,0,0,0,0,0,0,1,0,0,0,0,1,0,1,87.475,1,1,1,0.65988576,2155
1,0,0,1,33,1,1,20.149999618530273,682.15,0,0,0,1,0,1,0,1,0,1,0,1,0,1,0,1,1,0,0,0,1,0,20.671212121212122,1,0,0,0.22875902,5487
0,0,0,0,1,1,0,19.899999618530273,19.9,0,0,0,1,0,1,0,1,0,1,0,1,0,1,0,1,0,0,0,0,1,0,19.9,0,0,1,0.55142784,4817
0,0,1,1,62,1,1,70.44999694824219,4300.45,1,0,0,0,0,0,0,0,0,0,0,0,1,0,1,0,0,0,1,0,0,2,69.36209677419355,2,0,1,0.57872826,1219
0,0,1,1,72,1,1,116.80000305175781,8456.75,1,0,1,0,1,0,1,0,1,0,1,0,1,0,1,0,0,1,1,0,0,6,117.45486111111111,2,0,0,0.21053055,4206
0,0,1,1,30,1,0,66.30000305175781,1923.5,0,0,0,0,1,0,0,0,0,0,1,0,0,0,1,0,0,0,0,0,0,3,64.11666666666666,1,0,0,0.41242892,5067
0,0,0,1,3,1,1,20.549999237060547,57.4,0,0,0,1,0,1,0,1,0,1,0,1,0,1,0,1,1,0,1,0,0,0,19.133333333333333,0,0,0,0.23408452,4317
0,0,1,1,28,1,1,90.44999694824219,2509.25,1,0,1,0,0,0,0,0,0,0,1,0,0,0,1,0,1,0,0,1,0,2,89.61607142857143,1,0,0,0.33003008,2486
1,0,0,0,30,1,1,94.30000305175781,2679.7,1,0,1,0,1,0,1,0,0,0,0,0,0,0,1,0,0,0,1,0,0,3,89.32333333333332,1,0,1,0.5696498,895
0,0,1,1,12,1,0,19.0,233.55,0,0,0,1,0,1,0,1,0,1,0,1,0,1,0,1,0,0,0,0,1,0,19.462500000000002,0,1,0,0.47369415,580
1,0,0,0,51,1,1,24.600000381469727,1266.4,1,0,0,1,0,1,0,1,0,1,0,1,0,1,0,1,1,0,0,0,0,0,24.83137254901961,2,0,0,0.2327209,686
0,0,0,0,15,0,0,45.900001525878906,693.45,0,1,0,0,1,0,1,0,1,0,1,0,0,0,0,0,1,0,0,0,1,4,46.230000000000004,1,0,0,0.23872513,6523
1,0,1,1,72,1,1,25.100000381469727,1790.8,1,0,0,1,0,1,0,1,0,1,0,1,0,1,0,1,0,1,1,0,0,0,24.87222222222222,2,0,0,0.1970722,3466
1,0,0,0,32,1,1,108.1500015258789,3432.9,1,0,1,0,1,0,1,0,0,0,1,0,1,0,1,0,0,0,1,0,0,5,107.278125,1,1,1,0.5340148,5715
0,1,0,0,6,1,1,74.0999984741211,450.9,0,0,1,0,1,0,0,0,0,0,0,0,0,0,0,0,0,0,0,1,0,1,75.14999999999999,0,0,1,0.5714528,2902
1,0,1,0,63,1,0,70.80000305175781,4448.8,0,0,0,0,1,0,1,0,0,0,1,0,1,0,0,0,1,0,1,0,0,4,70.61587301587302,2,0,0,0.2326966,3317
0,1,0,0,11,1,1,95.1500015258789,997.65,1,0,1,0,0,0,0,0,0,0,0,0,1,0,1,0,0,0,0,0,0,2,90.69545454545454,0,1,1,0.66716,6179
1,0,0,0,19,1,1,61.54999923706055,1093.2,0,0,0,0,0,0,0,0,0,0,1,0,1,0,0,0,0,0,1,0,0,2,57.53684210526316,1,0,1,0.55817515,6057
1,0,1,1,64,1,1,73.05000305175781,4688.65,0,0,0,0,1,0,0,0,1,0,0,0,1,0,1,0,1,0,1,0,0,4,73.26015625,2,0,0,0.25575393,1343
0,0,1,1,7,1,0,69.44999694824219,477.05,0,0,0,0,1,0,1,0,1,0,0,0,1,0,0,0,1,0,0,1,0,4,68.15,0,0,0,0.23776767,4018
0,1,0,0,4,1,0,20.049999237060547,91.45,0,0,0,1,0,1,0,1,0,1,0,1,0,1,0,1,0,0,0,0,1,0,22.8625,0,0,1,0.53559256,2674
1,0,0,0,7,1,1,19.950000762939453,147.5,0,0,0,1,0,1,0,1,0,1,0,1,0,1,0,1,0,0,0,0,1,0,21.071428571428573,0,0,1,0.53559256,1316
1,0,0,0,4,1,1,90.4000015258789,356.65,0,0,1,0,0,0,0,0,1,0,1,0,0,0,1,0,0,0,0,1,0,3,89.1625,0,0,1,0.62844265,302
0,0,0,0,3,1,1,74.55000305175781,233.65,0,0,1,0,1,0,0,0,0,0,0,0,0,0,0,0,0,0,0,1,0,1,77.88333333333334,0,0,1,0.5714528,6015
0,1,0,0,65,0,1,53.5,3517.9,0,1,0,0,0,0,1,0,1,0,0,0,1,0,1,0,0,1,0,0,0,4,54.121538461538464,2,0,0,0.20943157,1584
1,0,1,1,42,1,0,63.70000076293945,2763.35,0,0,0,0,1,0,0,0,0,0,1,0,0,0,1,0,1,0,1,0,0,3,65.79404761904762,2,0,0,0.25375235,3970
1,0,0,0,26,1,0,75.0,1908.35,0,0,0,0,1,0,0,0,0,0,1,0,1,0,1,0,1,0,0,0,0,4,73.39807692307691,1,0,0,0.257329,4160
0,0,0,0,48,1,0,25.049999237060547,1171.5,1,0,0,1,0,1,0,1,0,1,0,1,0,1,0,1,1,0,1,0,0,0,24.40625,2,0,0,0.23052676,3898
1,0,1,1,69,1,1,99.3499984741211,6856.45,1,0,1,0,0,0,0,0,0,0,1,0,1,0,1,0,0,1,0,1,0,3,99.36884057971014,2,0,0,0.22201496,5484
1,0,1,1,17,0,0,44.45000076293945,792.15,0,1,0,0,1,0,0,0,1,0,0,0,1,0,0,0,1,0,1,0,0,3,46.59705882352941,1,0,0,0.23532511,6457
0,0,1,1,1,1,1,21.0,21.0,0,0,0,1,0,1,0,1,0,1,0,1,0,1,0,1,0,0,0,1,0,0,21.0,0,1,0,0.4963675,1890
0,0,0,0,4,1,1,76.6500015258789,333.6,0,0,1,0,0,0,1,0,0,0,0,0,0,0,0,0,0,0,0,0,0,1,83.4,0,1,1,0.66716,3145
0,1,0,0,34,1,1,96.3499984741211,3190.25,1,0,1,0,0,0,1,0,0,0,1,0,1,0,0,0,0,0,0,1,0,3,93.83088235294117,1,0,1,0.61076933,2699
0,0,0,0,2,1,0,70.3499984741211,139.25,0,0,1,0,0,0,0,0,0,0,0,0,0,0,0,0,0,0,0,1,0,0,69.625,0,0,1,0.66716,6308
0,0,1,1,1,1,0,50.45000076293945,50.45,0,0,0,0,0,0,0,0,1,0,0,0,0,0,0,0,0,0,0,0,1,1,50.45,0,1,1,0.5662811,3216
0,0,0,0,12,1,0,20.299999237060547,246.7,0,0,0,1,0,1,0,1,0,1,0,1,0,1,0,1,0,0,0,0,1,0,20.558333333333334,0,0,1,0.53559256,2849
1,0,0,0,38,1,1,69.5,2625.25,0,0,1,0,0,0,0,0,0,0,0,0,0,0,0,0,0,0,1,0,0,0,69.08552631578948,2,0,1,0.6571134,7033
0,0,1,1,31,1,0,80.55000305175781,2471.6,1,0,0,0,0,0,1,0,0,0,1,0,1,0,1,0,0,1,0,0,0,4,79.7290322580645,1,0,0,0.20180753,1552
0,0,1,1,67,1,1,108.75,7156.2,1,0,1,0,1,0,0,0,1,0,1,0,1,0,1,0,0,1,1,0,0,5,106.80895522388059,2,1,0,0.34221447,3694
1,0,1,1,22,1,1,88.75,1885.15,1,0,1,0,0,0,0,0,1,0,0,0,1,0,0,0,0,0,0,1,0,2,85.68863636363636,1,0,1,0.5982501,4253
0,0,1,0,63,1,1,81.19999694824219,4965.1,1,0,1,0,0,0,0,0,0,0,1,0,0,0,0,0,1,0,1,0,0,1,78.81111111111112,2,0,0,0.26146847,894
0,0,0,0,70,1,0,79.5999984741211,5589.45,0,0,0,0,1,0,0,0,1,0,1,0,1,0,1,0,0,1,0,0,0,5,79.84928571428571,2,0,0,0.2009723,6436
1,0,0,0,1,1,0,20.450000762939453,20.45,0,0,0,1,0,1,0,1,0,1,0,1,0,1,0,1,0,0,0,0,1,0,20.45,0,0,1,0.55142784,2892
0,0,1,1,49,1,0,100.44999694824219,4941.8,1,0,1,0,0,0,1,0,0,0,0,0,1,0,1,0,1,0,0,0,1,3,100.8530612244898,2,1,0,0.38858125,2005
0,1,1,0,71,1,0,89.44999694824219,6435.25,0,0,1,0,0,0,1,0,1,0,0,0,0,0,1,0,0,1,1,0,0,3,90.63732394366197,2,0,0,0.20903808,5470
0,0,1,1,23,1,1,66.25,1533.8,0,0,0,0,1,0,1,0,1,0,1,0,0,0,0,0,1,0,0,0,1,4,66.68695652173913,1,0,0,0.23154294,1127
1,0,1,1,72,1,1,90.80000305175781,6397.6,1,0,0,0,1,0,1,0,1,0,1,0,1,0,1,0,0,1,1,0,0,6,88.85555555555555,2,0,0,0.20180753,5181
0,0,1,1,72,1,1,71.44999694824219,5025.85,1,0,0,0,1,0,0,0,1,0,0,0,1,0,0,0,0,1,0,0,0,3,69.80347222222223,2,0,0,0.20011461,4408
0,0,0,0,2,1,0,69.75,144.55,0,0,1,0,0,0,0,0,0,0,0,0,0,0,0,0,0,0,0,0,0,0,72.275,0,1,1,0.66716,1070
0,0,0,0,42,1,0,59.650001525878906,2536.55,0,0,0,0,1,0,1,0,1,0,0,0,0,0,0,0,0,0,0,0,0,3,60.394047619047626,2,0,1,0.5128456,4984
0,0,1,1,47,1,0,19.75,948.9,0,0,0,1,0,1,0,1,0,1,0,1,0,1,0,1,0,1,0,0,1,0,20.18936170212766,2,0,0,0.1970722,5886
1,0,0,1,29,1,0,19.850000381469727,535.05,0,0,0,1,0,1,0,1,0,1,0,1,0,1,0,1,1,0,0,0,1,0,18.45,1,0,0,0.22875902,3155
0,0,1,1,72,0,1,63.79999923706055,4684.3,0,1,0,0,1,0,1,0,1,0,1,0,1,0,1,0,0,1,0,0,0,6,65.05972222222222,2,0,0,0.20351937,2915
1,0,0,0,1,1,1,69.55000305175781,69.55,0,0,1,0,0,0,0,0,0,0,0,0,0,0,0,0,0,0,0,1,0,0,69.55,0,1,1,0.6651782,809
1,0,0,0,40,1,1,51.099998474121094,2092.9,0,0,0,0,0,0,0,0,0,0,1,0,0,0,0,0,0,0,0,1,0,1,52.322500000000005,2,0,1,0.5612133,5623
1,0,0,0,1,1,0,62.04999923706055,62.05,1,0,0,0,0,0,0,0,1,0,1,0,0,0,0,0,0,0,0,0,1,2,62.05,0,1,1,0.582423,4725
0,1,0,0,1,1,1,85.0,85.0,0,0,1,0,0,0,0,0,1,0,0,0,0,0,1,0,0,0,0,1,0,2,85.0,0,1,1,0.66716,6748
1,0,1,1,70,1,0,98.30000305175781,6859.5,1,0,1,0,0,0,1,0,0,0,0,0,1,0,1,0,0,1,0,0,0,3,97.99285714285715,2,1,0,0.20641086,6945
1,0,0,0,49,1,1,19.899999618530273,1022.6,0,0,0,1,0,1,0,1,0,1,0,1,0,1,0,1,0,1,1,0,0,0,20.869387755102043,2,0,0,0.19847946,6951
1,0,0,0,17,1,1,76.6500015258789,1313.55,0,0,1,0,0,0,0,0,1,0,0,0,0,0,0,0,0,0,0,1,0,1,77.26764705882353,1,1,1,0.65988576,1509
1,0,0,0,33,1,1,66.4000015258789,2245.4,0,0,0,0,0,0,1,0,1,0,0,0,1,0,0,0,0,0,1,0,0,3,68.04242424242425,1,0,1,0.59740746,4423
1,1,1,0,17,1,1,100.44999694824219,1622.45,1,0,1,0,0,0,0,0,1,0,0,0,1,0,1,0,0,0,1,0,0,3,95.43823529411765,1,1,1,0.6571134,1088
1,0,1,1,21,1,1,75.9000015258789,1549.75,1,0,0,0,1,0,0,0,0,0,0,0,1,0,1,0,1,0,0,0,0,3,73.79761904761905,1,0,0,0.25575393,6098
0,0,0,0,35,1,1,85.94999694824219,3110.1,1,0,0,0,1,0,0,0,1,0,1,0,1,0,1,0,1,0,1,0,0,5,88.86,1,1,0,0.29589638,3844
0,0,0,0,12,0,0,60.650001525878906,743.3,0,1,0,0,0,0,1,0,1,0,1,0,1,0,1,0,1,0,0,1,0,5,61.94166666666666,0,0,0,0.2914107,7036
0,0,1,0,9,1,0,50.849998474121094,466.6,0,0,0,0,0,0,1,0,0,0,0,0,0,0,0,0,0,0,0,0,1,1,51.84444444444445,0,0,1,0.6209642,5902
0,0,1,1,72,1,0,24.450000762939453,1709.1,1,0,0,1,0,1,0,1,0,1,0,1,0,1,0,1,0,1,0,0,0,0,23.737499999999997,2,0,0,0.1970722,5828
1,1,1,0,18,1,1,59.099998474121094,1011.05,0,0,0,0,1,0,0,0,0,0,0,0,0,0,1,0,0,0,1,0,0,2,56.169444444444444,1,0,1,0.509765,3320
0,0,1,0,58,1,1,109.0999984741211,6393.65,1,0,1,0,1,0,1,0,0,0,1,0,1,0,1,0,0,1,1,0,0,5,110.2353448275862,2,0,0,0.33332264,3818
0,1,0,1,30,1,1,101.30000305175781,2974.5,1,0,1,0,0,0,0,0,0,0,1,0,1,0,1,0,0,0,0,1,0,3,99.15,1,0,1,0.56660205,2580
1,0,1,1,56,1,0,115.8499984741211,6567.9,1,0,1,0,1,0,1,0,1,0,1,0,1,0,1,0,0,1,0,0,1,6,117.28392857142856,2,0,0,0.33075678,4600
1,0,0,0,10,1,1,94.9000015258789,1048.85,0,0,1,0,0,0,0,0,1,0,0,0,1,0,1,0,0,0,0,1,0,3,104.88499999999999,0,1,1,0.6651782,2798
0,0,1,0,2,0,1,35.099998474121094,68.75,0,1,0,0,0,0,0,0,0,0,0,0,0,0,1,0,0,0,0,1,0,1,34.375,0,1,1,0.6209642,1851
0,0,1,1,18,1,1,24.649999618530273,471.35,1,0,0,1,0,1,0,1,0,1,0,1,0,1,0,1,0,1,1,0,0,0,26.186111111111114,1,0,0,0.1970722,5725
0,0,1,1,51,0,1,56.150001525878906,2898.95,0,1,0,0,0,0,0,0,1,0,1,0,1,0,1,0,1,0,0,1,0,4,56.84215686274509,2,0,0,0.27431342,4008
1,0,1,0,60,1,1,109.44999694824219,6572.85,1,0,1,0,1,0,0,0,1,0,1,0,1,0,1,0,0,0,0,0,0,5,109.5475,2,0,1,0.54981446,3751
0,0,1,1,24,1,0,55.150001525878906,1319.85,0,0,0,0,1,0,0,0,0,0,1,0,0,0,0,0,0,0,0,1,0,2,54.99375,1,0,0,0.41242892,3291
1,0,1,0,70,1,0,115.6500015258789,7968.85,1,0,1,0,1,0,1,0,1,0,1,0,1,0,1,0,1,0,1,0,0,6,113.84071428571428,2,1,0,0.3855114,6537
1,0,0,0,12,1,1,53.75,648.65,0,0,0,0,0,0,1,0,0,0,1,0,0,0,0,0,0,0,0,0,1,2,54.05416666666667,0,0,1,0.582423,2961
1,0,1,1,25,1,1,61.599998474121094,1611.0,0,0,0,0,1,0,1,0,1,0,0,0,0,0,0,0,1,0,0,0,0,3,64.44,1,0,0,0.23154294,1123
1,0,0,0,36,1,1,20.350000381469727,695.85,0,0,0,1,0,1,0,1,0,1,0,1,0,1,0,1,1,0,1,0,0,0,19.329166666666666,1,0,0,0.23052676,4113
1,0,1,1,11,1,0,90.5999984741211,1020.2,0,0,1,0,0,0,0,0,0,0,0,0,1,0,1,0,0,0,0,1,0,2,92.74545454545455,0,0,1,0.603926,2319
1,0,1,1,7,1,1,89.75,608.8,0,0,1,0,0,0,1,0,0,0,1,0,1,0,0,0,0,0,0,1,0,3,86.97142857142856,0,1,1,0.5724055,5975
0,1,1,0,26,1,1,98.0999984741211,2510.7,1,0,1,0,0,0,0,0,1,0,0,0,1,0,1,0,0,0,0,0,0,3,96.5653846153846,1,0,1,0.65988576,4473
1,0,0,0,41,1,1,74.25,3089.1,0,0,1,0,0,0,0,0,0,0,1,0,0,0,0,0,0,0,0,1,0,1,75.34390243902439,2,0,1,0.6228987,768
0,1,0,0,57,0,1,55.0,3094.05,0,1,0,0,0,0,1,0,1,0,0,0,1,0,1,0,0,0,0,1,0,4,54.28157894736842,2,0,1,0.60542923,4151
0,0,1,1,28,1,1,90.0999984741211,2598.95,0,0,1,0,0,0,0,0,0,0,0,0,1,0,1,0,1,0,0,0,0,2,92.81964285714285,1,1,0,0.33003008,2711
0,0,0,0,10,1,0,64.9000015258789,685.55,0,0,0,0,0,0,1,0,0,0,1,0,0,0,1,0,1,0,0,0,1,3,68.55499999999999,0,0,0,0.2914107,6075
0,0,0,0,41,1,1,56.29999923706055,2364.0,1,0,0,0,0,0,1,0,0,0,0,0,0,0,0,0,1,0,1,0,0,1,57.65853658536585,2,0,0,0.25394252,3437
0,0,0,0,22,1,1,89.05000305175781,1886.25,0,0,1,0,1,0,0,0,0,0,1,0,0,0,1,0,0,0,0,1,0,3,85.73863636363636,1,0,1,0.53650016,311
0,0,0,0,57,1,1,112.94999694824219,6465.0,1,0,1,0,1,0,1,0,1,0,0,0,1,0,1,0,0,1,0,0,0,5,113.42105263157895,2,1,0,0.33643526,2424
1,0,0,0,13,1,0,19.450000762939453,270.2,0,0,0,1,0,1,0,1,0,1,0,1,0,1,0,1,1,0,0,0,1,0,20.784615384615385,1,0,0,0.2327209,1237
0,0,1,1,61,1,1,100.69999694824219,6018.65,1,0,1,0,1,0,1,0,1,0,0,0,0,0,1,0,1,0,1,0,0,4,98.66639344262295,2,0,0,0.3825093,3398
0,0,1,1,1,1,0,20.049999237060547,20.05,0,0,0,1,0,1,0,1,0,1,0,1,0,1,0,1,0,0,0,0,1,0,20.05,0,0,0,0.4963675,6230
0,0,1,1,18,1,0,19.350000381469727,309.25,0,0,0,1,0,1,0,1,0,1,0,1,0,1,0,1,0,1,0,0,1,0,17.180555555555557,1,0,0,0.1970722,5515
1,0,0,0,6,1,1,87.94999694824219,522.35,1,0,1,0,0,0,0,0,0,0,1,0,0,0,1,0,0,0,0,0,0,2,87.05833333333334,0,0,1,0.62844265,4165
0,0,0,0,7,1,1,59.5,415.95,0,0,0,0,0,0,0,0,0,0,1,0,1,0,0,0,0,0,0,0,1,2,59.42142857142857,0,1,1,0.582423,1578
0,0,1,1,9,1,1,55.29999923706055,501.2,1,0,0,0,0,0,1,0,0,0,0,0,0,0,0,0,0,0,0,0,1,1,55.68888888888889,0,0,1,0.5544073,5512
1,1,1,1,1,1,1,49.25,49.25,0,0,0,0,0,0,0,0,0,0,1,0,0,0,0,0,0,0,1,0,0,1,49.25,0,1,1,0.534076,6346
1,0,0,0,9,1,1,80.80000305175781,713.1,0,0,1,0,0,0,0,0,0,0,0,0,0,0,1,0,0,0,0,1,0,1,79.23333333333333,0,1,1,0.6651782,5168
0,0,1,0,49,1,0,20.450000762939453,900.9,0,0,0,1,0,1,0,1,0,1,0,1,0,1,0,1,1,0,0,0,0,0,18.385714285714286,2,0,0,0.2327209,6657
0,0,0,0,15,1,1,99.0999984741211,1426.4,0,0,1,0,1,0,1,0,0,0,0,0,1,0,1,0,0,0,1,0,0,4,95.09333333333333,1,1,1,0.5696498,51
0,0,1,1,30,1,0,19.549999237060547,608.5,0,0,0,1,0,1,0,1,0,1,0,1,0,1,0,1,1,0,0,0,0,0,20.283333333333335,1,0,0,0.22875902,2064
0,1,1,0,70,1,1,75.6500015258789,5411.4,1,0,1,0,0,0,0,0,0,0,0,0,0,0,0,0,0,1,1,0,0,0,77.30571428571427,2,0,0,0.21765059,800
1,0,0,0,25,1,1,105.5,2686.05,0,0,1,0,1,0,0,0,1,0,1,0,1,0,1,0,0,0,0,1,0,5,107.44200000000001,1,0,1,0.54981446,14
0,0,1,1,49,0,1,35.79999923706055,1782.0,0,1,0,0,1,0,0,0,0,0,1,0,0,0,0,0,1,0,1,0,0,2,36.36734693877551,2,0,0,0.23532511,884
1,0,0,0,18,0,0,25.149999618530273,476.8,0,1,0,0,0,0,0,0,0,0,0,0,0,0,0,0,0,0,0,0,1,0,26.48888888888889,1,0,1,0.60542923,6108
0,0,0,0,25,1,1,19.200000762939453,532.1,0,0,0,1,0,1,0,1,0,1,0,1,0,1,0,1,0,0,1,0,0,0,21.284000000000002,1,0,1,0.5317824,4666
1,0,0,1,23,0,0,40.099998474121094,857.75,0,1,0,0,1,0,0,0,1,0,1,0,0,0,0,0,0,1,0,0,1,3,37.29347826086956,1,0,0,0.20351937,6383
1,0,1,1,67,1,0,103.1500015258789,6895.5,0,0,1,0,0,0,1,0,1,0,1,0,1,0,1,0,0,1,0,0,0,5,102.91791044776119,2,0,0,0.20641086,5449
1,0,1,1,35,1,0,20.5,759.35,0,0,0,1,0,1,0,1,0,1,0,1,0,1,0,1,0,1,0,0,0,0,21.695714285714285,1,0,0,0.1970722,949
1,0,0,0,1,1,1,45.849998474121094,45.85,0,0,0,0,0,0,0,0,0,0,0,0,0,0,0,0,0,0,0,0,1,0,45.85,0,1,1,0.6209642,1549
1,0,1,0,72,1,0,114.44999694824219,8375.05,1,0,1,0,1,0,1,0,1,0,1,0,1,0,1,0,0,1,1,0,0,6,116.32013888888888,2,0,0,0.2124598,1693
0,0,0,0,1,1,0,20.700000762939453,20.7,0,0,0,1,0,1,0,1,0,1,0,1,0,1,0,1,0,0,0,1,0,0,20.7,0,0,1,0.55142784,4185
1,1,1,1,60,1,1,80.94999694824219,4859.1,1,0,1,0,1,0,0,0,0,0,0,0,0,0,0,0,0,0,0,1,0,1,80.985,2,0,1,0.51064086,1648
0,0,0,0,7,1,1,59.099998474121094,369.25,0,0,0,0,1,0,0,0,0,0,0,0,0,0,1,0,1,0,0,1,0,2,52.75,0,0,0,0.27002436,2691
1,0,0,0,64,1,0,19.549999237060547,1240.15,0,0,0,1,0,1,0,1,0,1,0,1,0,1,0,1,0,1,0,0,1,0,19.37734375,2,0,0,0.19847946,1288
0,0,0,0,15,1,0,48.849998474121094,736.8,0,0,0,0,0,0,1,0,0,0,0,0,0,0,0,0,0,0,0,1,0,1,49.12,1,0,1,0.60036904,2792
1,0,1,1,2,1,0,19.850000381469727,35.9,0,0,0,1,0,1,0,1,0,1,0,1,0,1,0,1,1,0,0,0,1,0,17.95,0,1,0,0.23408452,658
0,0,0,0,13,1,1,78.75,995.35,1,0,0,0,1,0,0,0,1,0,0,0,1,0,1,0,0,0,0,1,0,4,76.56538461538462,1,0,1,0.55899745,5842
1,0,0,0,26,1,1,98.3499984741211,2515.3,1,0,1,0,0,0,0,0,1,0,0,0,1,0,1,0,0,0,0,1,0,3,96.7423076923077,1,1,1,0.65988576,4947
0,0,1,0,52,0,0,35.45000076293945,1958.95,0,1,0,0,1,0,0,0,1,0,0,0,0,0,0,0,1,0,0,0,1,2,37.67211538461539,2,0,0,0.24435587,6747
1,0,0,0,1,1,1,20.200000762939453,20.2,0,0,0,1,0,1,0,1,0,1,0,1,0,1,0,1,0,0,0,0,0,0,20.2,0,1,1,0.55142784,5615
0,1,0,0,15,1,0,89.8499984741211,1424.95,1,0,1,0,0,0,1,0,0,0,0,0,0,0,1,0,0,0,0,1,0,2,94.99666666666667,1,1,1,0.64827424,4810
0,0,0,0,2,1,0,74.9000015258789,147.15,1,0,1,0,0,0,0,0,0,0,0,0,0,0,0,0,0,0,1,0,0,0,73.575,0,1,1,0.6644168,4664
0,0,1,1,31,1,1,91.1500015258789,2995.45,1,0,1,0,0,0,1,0,0,0,0,0,0,0,1,0,0,0,0,1,0,2,96.62741935483871,1,1,1,0.58585507,4856
1,0,0,0,26,1,0,75.5,2018.1,0,0,1,0,0,0,1,0,0,0,0,0,0,0,0,0,1,0,0,0,0,1,77.61923076923077,1,0,0,0.25987706,3744
0,0,0,0,10,0,0,29.75,301.9,0,1,0,0,1,0,0,0,0,0,0,0,0,0,0,0,0,0,0,0,1,1,30.189999999999998,0,0,1,0.52150065,7
1,0,0,0,1,1,0,20.049999237060547,20.05,0,0,0,1,0,1,0,1,0,1,0,1,0,1,0,1,0,0,0,0,1,0,20.05,0,0,1,0.55142784,5736
0,1,0,0,2,1,1,79.5999984741211,195.05,0,0,1,0,0,0,0,0,0,0,0,0,0,0,1,0,0,0,0,1,0,1,97.525,0,1,1,0.66716,5039
1,0,0,0,2,1,0,19.299999237060547,28.3,0,0,0,1,0,1,0,1,0,1,0,1,0,1,0,1,1,0,1,0,0,0,14.15,0,1,0,0.2310561,3790
0,0,1,0,13,0,1,48.75,633.4,0,1,0,0,0,0,0,0,1,0,0,0,1,0,1,0,0,0,0,0,0,3,48.723076923076924,1,1,1,0.60542923,2290
1,0,1,1,33,1,0,74.75,2453.3,0,0,0,0,1,0,0,0,1,0,0,0,1,0,1,0,1,0,1,0,0,4,74.34242424242424,1,0,0,0.25575393,183
0,1,0,0,46,1,1,91.30000305175781,4126.35,0,0,1,0,0,0,1,0,1,0,0,0,1,0,0,0,1,0,0,0,0,3,89.70326086956523,2,0,0,0.30126154,5587
0,0,0,0,13,0,0,49.150001525878906,649.4,0,1,0,0,0,0,0,0,1,0,0,0,1,0,1,0,0,0,0,1,0,3,49.95384615384615,1,0,1,0.60542923,1037
0,1,0,0,37,1,1,106.75,4056.75,1,0,1,0,1,0,1,0,0,0,0,0,1,0,1,0,0,0,0,0,0,4,109.64189189189189,2,1,1,0.5726695,3251
0,0,1,1,61,1,0,19.100000381469727,1143.8,0,0,0,1,0,1,0,1,0,1,0,1,0,1,0,1,1,0,1,0,0,0,18.750819672131147,2,0,0,0.22875902,2701
1,0,0,0,1,1,0,20.799999237060547,20.8,0,0,0,1,0,1,0,1,0,1,0,1,0,1,0,1,0,0,0,0,1,0,20.8,0,0,1,0.55142784,760
0,0,1,1,9,1,1,75.8499984741211,647.5,0,0,1,0,0,0,0,0,0,0,1,0,0,0,0,0,0,0,0,1,0,1,71.94444444444444,0,0,1,0.57200617,6324
1,0,0,0,3,1,1,69.5999984741211,207.4,0,0,1,0,0,0,0,0,0,0,0,0,0,0,0,0,0,0,0,0,1,0,69.13333333333334,0,0,1,0.6651782,5675
1,0,1,0,69,1,0,19.899999618530273,1363.45,0,0,0,1,0,1,0,1,0,1,0,1,0,1,0,1,0,1,0,0,1,0,19.76014492753623,2,0,0,0.19847946,165
0,0,1,1,62,1,0,20.299999237060547,1296.15,0,0,0,1,0,1,0,1,0,1,0,1,0,1,0,1,0,1,0,0,0,0,20.905645161290323,2,0,0,0.1970722,2593
1,0,0,0,20,1,1,19.700000762939453,419.4,0,0,0,1,0,1,0,1,0,1,0,1,0,1,0,1,0,1,0,0,1,0,20.97,1,0,0,0.19847946,404
1,0,0,0,61,1,0,104.0,6363.45,1,0,1,0,1,0,0,0,1,0,0,0,1,0,1,0,1,0,0,1,0,4,104.31885245901638,2,0,0,0.40405592,5166
0,0,0,0,4,1,0,23.899999618530273,97.5,1,0,0,1,0,1,0,1,0,1,0,1,0,1,0,1,1,0,0,1,0,0,24.375,0,0,0,0.23325378,6104
1,0,1,0,63,1,0,102.5999984741211,6296.75,1,0,1,0,0,0,0,0,1,0,0,0,1,0,1,0,0,1,0,1,0,3,99.9484126984127,2,0,0,0.22645825,3957
1,0,0,0,50,0,1,35.0,1782.4,0,1,0,0,1,0,1,0,0,0,0,0,0,0,0,0,0,0,0,0,1,2,35.648,2,0,1,0.5181246,4281
1,0,0,0,1,1,0,80.5,80.5,0,0,1,0,0,0,0,0,0,0,0,0,0,0,1,0,0,0,0,1,0,1,80.5,0,1,1,0.6651782,6190
0,0,1,1,70,1,0,74.0999984741211,5222.3,0,0,0,0,1,0,1,0,1,0,1,0,0,0,1,0,1,0,1,0,0,5,74.60428571428572,2,0,0,0.25575393,832
0,0,1,1,72,1,1,76.80000305175781,5468.45,1,0,0,0,0,0,0,0,1,0,0,0,1,0,1,0,0,1,0,0,0,3,75.95069444444444,2,0,0,0.20180753,805
0,0,0,0,35,1,0,60.54999923706055,1982.6,0,0,0,0,1,0,1,0,1,0,0,0,0,0,0,0,0,0,0,1,0,3,56.645714285714284,1,0,1,0.5128456,5773
1,0,0,0,12,1,1,67.25,832.3,1,0,0,0,1,0,1,0,0,0,1,0,0,0,0,0,0,0,0,1,0,3,69.35833333333333,0,0,0,0.4812939,1557
0,0,1,0,56,1,0,109.80000305175781,6109.65,1,0,1,0,1,0,1,0,1,0,0,0,1,0,1,0,1,0,0,0,0,5,109.10089285714285,2,0,0,0.3917609,6127
1,0,0,1,12,1,1,73.75,871.4,1,0,1,0,0,0,0,0,0,0,0,0,0,0,0,0,0,0,1,0,0,0,72.61666666666666,0,1,1,0.603926,6885
0,0,0,0,36,1,0,55.79999923706055,1941.5,1,0,0,0,0,0,0,0,1,0,0,0,0,0,0,0,1,0,0,1,0,1,53.93055555555556,1,0,0,0.25628528,2088
0,0,1,0,40,1,0,105.75,4228.55,1,0,1,0,1,0,0,0,1,0,0,0,1,0,1,0,1,0,0,0,0,4,105.71375,2,0,0,0.39872524,5234
0,0,0,0,3,1,1,19.600000381469727,59.75,0,0,0,1,0,1,0,1,0,1,0,1,0,1,0,1,0,0,0,0,1,0,19.916666666666668,0,1,1,0.53559256,4259
0,1,0,0,40,1,1,103.75,4188.4,1,0,1,0,0,0,0,0,1,0,1,0,1,0,1,0,1,0,1,0,0,4,104.71,2,0,0,0.40389416,683
1,0,1,0,67,1,0,70.9000015258789,4677.1,1,0,0,0,1,0,1,0,1,0,1,0,0,0,0,0,0,1,1,0,0,4,69.80746268656716,2,0,0,0.2009723,2472
0,0,0,0,67,1,1,72.3499984741211,4991.5,0,0,0,0,1,0,0,0,1,0,1,0,0,0,1,0,1,0,0,0,0,4,74.5,2,0,0,0.257329,1162
0,0,0,0,7,1,1,66.8499984741211,458.1,0,0,0,0,0,0,0,0,0,0,0,0,1,0,1,0,0,0,0,1,0,2,65.44285714285715,0,0,1,0.6209642,2139
1,0,0,0,3,1,0,90.4000015258789,268.45,0,0,1,0,0,0,1,0,1,0,0,0,0,0,1,0,0,0,0,1,0,3,89.48333333333333,0,0,1,0.6651782,2968
1,0,0,0,42,1,1,100.30000305175781,4222.95,1,0,1,0,0,0,0,0,0,0,1,0,1,0,1,0,0,0,0,1,0,3,100.54642857142856,2,0,1,0.6228987,3798
0,0,1,1,40,1,1,26.200000762939453,1077.5,1,0,0,1,0,1,0,1,0,1,0,1,0,1,0,1,0,0,0,1,0,0,26.9375,2,0,0,0.47295085,3769
0,1,1,0,53,1,1,94.0,4871.45,0,0,1,0,0,0,1,0,1,0,1,0,1,0,0,0,1,0,0,1,0,4,91.91415094339622,2,0,0,0.3147063,6973
0,0,0,0,3,1,0,19.549999237060547,61.05,0,0,0,1,0,1,0,1,0,1,0,1,0,1,0,1,0,0,0,1,0,0,20.349999999999998,0,0,1,0.53559256,4475
0,1,0,0,9,1,1,90.0999984741211,816.8,1,0,1,0,0,0,0,0,1,0,0,0,1,0,0,0,0,0,0,1,0,2,90.75555555555555,0,0,1,0.66716,6574
0,0,1,1,72,1,1,20.100000381469727,1326.25,0,0,0,1,0,1,0,1,0,1,0,1,0,1,0,1,0,1,1,0,0,0,18.42013888888889,2,0,0,0.1970722,1277
1,1,0,0,46,1,0,85.0,3969.4,0,0,1,0,1,0,0,0,0,0,0,0,0,0,1,0,0,0,0,1,0,2,86.29130434782608,2,1,1,0.5761957,6207
0,0,1,1,61,1,1,24.100000381469727,1551.6,1,0,0,1,0,1,0,1,0,1,0,1,0,1,0,1,0,1,0,0,1,0,25.43606557377049,2,0,0,0.1970722,743
0,0,1,1,54,1,0,69.94999694824219,3871.85,0,0,0,0,1,0,0,0,1,0,1,0,0,0,1,0,0,1,0,0,0,4,71.70092592592593,2,0,0,0.20011461,2138
1,0,0,0,11,0,1,41.599998474121094,470.6,0,1,0,0,0,0,0,0,1,0,0,0,1,0,0,0,1,0,0,1,0,2,42.78181818181818,0,1,0,0.2731446,5891
0,0,1,0,29,1,1,19.549999237060547,521.8,0,0,0,1,0,1,0,1,0,1,0,1,0,1,0,1,0,1,0,0,1,0,17.99310344827586,1,0,0,0.19847946,4305
1,0,1,1,67,1,1,111.30000305175781,7482.1,1,0,1,0,1,0,1,0,1,0,0,0,1,0,1,0,1,0,0,1,0,5,111.67313432835822,2,1,0,0.3825093,2204
1,0,1,1,49,1,1,97.94999694824219,4917.9,1,0,1,0,0,0,0,0,0,0,1,0,1,0,1,0,1,0,0,1,0,3,100.36530612244897,2,0,0,0.3510966,2467
1,0,1,0,72,1,1,100.55000305175781,7325.1,1,0,1,0,1,0,1,0,0,0,1,0,0,0,1,0,0,1,0,0,0,4,101.73750000000001,2,0,0,0.20831235,3112
0,0,1,1,71,1,0,87.25,6328.7,0,0,0,0,1,0,1,0,1,0,1,0,1,0,1,0,0,1,1,0,0,6,89.13661971830986,2,0,0,0.20180753,6735
0,1,0,0,44,1,0,74.8499984741211,3268.05,0,0,0,0,0,0,0,0,1,0,1,0,1,0,1,0,1,0,0,0,0,4,74.27386363636364,2,0,0,0.2738487,1756
1,0,1,1,41,1,1,60.29999923706055,2511.3,0,0,0,0,1,0,1,0,1,0,0,0,0,0,0,0,1,0,0,0,0,3,61.25121951219513,2,0,0,0.23154294,2034
0,0,0,0,11,1,1,58.95000076293945,601.6,1,0,0,0,0,0,0,0,0,0,0,0,0,0,1,0,0,0,0,0,1,1,54.690909090909095,0,0,1,0.6209642,541
0,0,0,0,13,1,1,19.299999237060547,279.3,0,0,0,1,0,1,0,1,0,1,0,1,0,1,0,1,0,0,0,0,1,0,21.484615384615385,1,0,1,0.5348508,4629
0,1,1,0,55,1,0,88.80000305175781,4805.3,0,0,1,0,0,0,0,0,1,0,1,0,1,0,0,0,0,1,1,0,0,3,87.36909090909091,2,0,0,0.2124622,1254
0,0,0,0,11,1,0,48.54999923706055,501.0,0,0,0,0,1,0,0,0,0,0,0,0,0,0,0,0,0,0,1,0,0,1,45.54545454545455,0,1,1,0.5184235,6786
0,0,0,1,48,0,0,45.54999923706055,2108.35,0,1,0,0,0,0,1,0,1,0,0,0,0,0,1,0,0,0,1,0,0,3,43.92395833333333,2,0,1,0.53817326,6946
1,0,0,0,31,1,0,81.69999694824219,2548.65,1,0,1,0,0,0,0,0,0,0,1,0,0,0,0,0,1,0,1,0,0,1,82.21451612903226,1,0,0,0.26146847,796
1,0,0,0,63,1,0,109.19999694824219,7049.75,0,0,1,0,1,0,1,0,1,0,1,0,1,0,1,0,0,1,1,0,0,6,111.90079365079364,2,0,0,0.33332264,4028
0,1,1,1,61,1,1,65.19999694824219,3965.05,1,0,0,0,0,0,0,0,1,0,0,0,1,0,0,0,1,0,0,1,0,2,65.00081967213114,2,0,0,0.24695776,4210
0,0,1,1,72,1,0,24.25,1784.5,1,0,0,1,0,1,0,1,0,1,0,1,0,1,0,1,0,1,1,0,0,0,24.78472222222222,2,0,0,0.1970722,6423
0,0,1,1,53,1,1,108.25,5935.1,0,0,1,0,0,0,1,0,1,0,1,0,1,0,1,0,0,0,0,0,0,5,111.98301886792453,2,0,1,0.5539586,2576
0,1,0,0,7,1,1,48.20000076293945,340.35,0,0,0,0,1,0,0,0,0,0,0,0,0,0,0,0,0,0,0,1,0,1,48.621428571428574,0,0,1,0.52150065,2278
0,0,1,1,28,1,1,81.05000305175781,2227.1,0,0,1,0,0,0,0,0,0,0,0,0,0,0,1,0,0,0,0,1,0,1,79.53928571428571,1,1,1,0.5982501,453
0,0,0,0,16,1,0,72.6500015258789,1194.3,1,0,1,0,0,0,0,0,0,0,0,0,0,0,0,0,0,0,0,1,0,0,74.64375,1,1,1,0.65988576,1887
0,0,0,1,7,1,1,71.05000305175781,472.65,0,0,1,0,0,0,0,0,0,0,0,0,0,0,0,0,0,0,0,1,0,0,67.52142857142857,0,0,1,0.6035357,3554
0,0,0,0,5,1,1,64.0,370.25,1,0,0,0,0,0,1,0,0,0,0,0,0,0,1,0,0,0,0,1,0,2,74.05,0,0,1,0.6209642,3293
0,0,1,1,71,1,0,23.899999618530273,1663.5,1,0,0,1,0,1,0,1,0,1,0,1,0,1,0,1,0,1,1,0,0,0,23.429577464788732,2,0,0,0.1970722,5804
1,0,1,1,7,0,1,34.5,279.25,0,1,0,0,1,0,0,0,0,0,1,0,0,0,0,0,0,0,0,1,0,2,39.892857142857146,0,1,0,0.42085338,2608
1,1,0,0,11,1,1,111.4000015258789,1183.05,1,0,1,0,0,0,1,0,1,0,1,0,1,0,1,0,0,0,0,1,0,5,107.55,0,0,1,0.6323481,1568
1,0,0,0,52,0,0,63.900001525878906,3334.95,0,1,0,0,1,0,1,0,1,0,1,0,1,0,1,0,0,1,1,0,0,6,64.13365384615385,2,0,0,0.20438793,2913
0,0,0,0,49,1,0,67.4000015258789,3306.85,0,0,0,0,1,0,1,0,1,0,1,0,0,0,0,0,0,1,0,0,0,4,67.48673469387755,2,0,0,0.2009723,2351
1,0,0,0,19,1,0,18.799999237060547,279.2,0,0,0,1,0,1,0,1,0,1,0,1,0,1,0,1,1,0,0,0,1,0,14.694736842105263,1,0,0,0.2327209,1846
1,0,0,0,2,1,1,80.94999694824219,171.15,0,0,1,0,0,0,0,0,0,0,0,0,0,0,1,0,0,0,0,1,0,1,85.575,0,1,1,0.6651782,1083
1,0,1,0,52,1,1,95.6500015258789,5088.4,1,0,1,0,0,0,1,0,0,0,1,0,0,0,1,0,0,0,1,0,0,3,97.85384615384615,2,0,1,0.6078345,6206
1,0,1,0,23,1,0,84.25,1968.1,1,0,1,0,0,0,1,0,1,0,0,0,0,0,0,0,0,0,0,1,0,2,85.5695652173913,1,0,1,0.64827424,626
1,1,0,0,8,1,1,69.69999694824219,572.85,0,0,1,0,0,0,0,0,0,0,0,0,0,0,0,0,0,0,0,1,0,0,71.60625,0,0,1,0.6651782,3647
0,1,1,1,65,1,1,103.9000015258789,6767.1,1,0,1,0,0,0,0,0,1,0,1,0,1,0,1,0,1,0,0,0,0,4,104.10923076923078,2,0,0,0.4061821,2810
1,0,0,1,2,1,1,55.29999923706055,108.65,0,0,0,0,0,0,0,0,0,0,0,0,0,0,1,0,0,0,0,1,0,1,54.325,0,0,1,0.5662811,5716
0,0,1,0,62,1,0,23.649999618530273,1416.75,1,0,0,1,0,1,0,1,0,1,0,1,0,1,0,1,0,1,0,0,0,0,22.850806451612904,2,0,0,0.19847946,1033
1,0,0,0,3,1,1,89.8499984741211,244.45,0,0,1,0,0,0,0,0,1,0,1,0,1,0,0,0,0,0,0,0,1,3,81.48333333333333,0,0,1,0.62844265,6889
1,0,1,1,49,1,1,93.6500015258789,4520.15,1,0,1,0,0,0,1,0,1,0,0,0,1,0,0,0,1,0,0,1,0,3,92.24795918367346,2,0,0,0.31292802,5316
0,0,0,1,15,1,0,69.0,994.8,0,0,1,0,0,0,0,0,0,0,0,0,0,0,0,0,0,0,0,0,0,0,66.32,1,1,1,0.5804376,479
0,0,0,1,41,1,1,20.25,865.0,0,0,0,1,0,1,0,1,0,1,0,1,0,1,0,1,1,0,1,0,0,0,21.097560975609756,2,0,0,0.22875902,344
0,1,0,0,46,1,1,104.44999694824219,4863.85,1,0,1,0,0,0,1,0,1,0,0,0,1,0,1,0,0,0,0,1,0,4,105.7358695652174,2,0,1,0.64827424,4264
1,0,0,0,56,1,1,25.950000762939453,1444.05,1,0,0,1,0,1,0,1,0,1,0,1,0,1,0,1,0,1,0,0,0,0,25.786607142857143,2,0,0,0.19847946,3109
1,0,0,0,48,1,1,95.4000015258789,4445.3,1,0,1,0,1,0,0,0,0,0,1,0,0,0,1,0,0,0,0,1,0,3,92.61041666666667,2,0,1,0.5456621,5355
1,0,0,0,2,1,0,70.69999694824219,129.2,0,0,1,0,0,0,0,0,0,0,0,0,0,0,0,0,0,0,0,0,1,0,64.6,0,0,1,0.6651782,1381
0,0,1,1,72,1,0,23.75,1679.25,1,0,0,1,0,1,0,1,0,1,0,1,0,1,0,1,0,1,0,0,0,0,23.322916666666668,2,0,0,0.1970722,984
1,0,1,0,45,1,0,78.80000305175781,3597.5,0,0,0,0,1,0,1,0,1,0,0,0,1,0,1,0,1,0,0,0,0,5,79.94444444444444,2,0,0,0.26324674,657
1,0,1,1,37,1,1,62.79999923706055,2278.75,1,0,0,0,1,0,0,0,1,0,1,0,0,0,0,0,0,1,1,0,0,3,61.58783783783784,2,0,0,0.20011461,350
0,0,0,0,61,1,0,89.19999694824219,5500.6,1,0,1,0,0,0,0,0,1,0,0,0,0,0,1,0,0,0,0,0,1,2,90.17377049180328,2,0,1,0.65988576,4486
0,0,0,0,60,1,0,20.600000381469727,1093.0,0,0,0,1,0,1,0,1,0,1,0,1,0,1,0,1,0,1,0,0,1,0,18.216666666666665,2,0,0,0.19847946,4038
0,1,1,0,2,1,0,50.150001525878906,115.1,0,0,0,0,0,0,1,0,0,0,0,0,0,0,0,0,0,0,1,0,0,1,57.55,0,1,1,0.6180582,3638
0,0,1,1,63,1,0,75.55000305175781,4707.85,0,0,0,0,1,0,1,0,1,0,1,0,1,0,0,0,0,1,1,0,0,5,74.72777777777779,2,0,0,0.20180753,1697
0,1,0,0,4,1,1,84.5999984741211,360.1,1,0,1,0,0,0,0,0,0,0,0,0,0,0,1,0,0,0,0,1,0,1,90.025,0,1,1,0.66716,933
1,0,0,0,62,1,0,102.0,6529.25,1,0,1,0,1,0,1,0,0,0,1,0,0,0,1,0,1,0,0,1,0,4,105.31048387096774,2,1,0,0.388436,4266
0,0,0,0,62,1,1,92.05000305175781,5755.8,1,0,1,0,1,0,1,0,1,0,0,0,0,0,0,0,1,0,0,1,0,3,92.83548387096775,2,0,0,0.2958937,621
1,0,0,0,69,1,1,97.6500015258789,6743.55,1,0,1,0,0,0,1,0,1,0,1,0,1,0,0,0,0,1,1,0,0,4,97.73260869565217,2,0,0,0.2055615,1706
0,0,0,0,4,1,1,105.6500015258789,443.9,0,0,1,0,0,0,1,0,1,0,1,0,1,0,1,0,1,0,0,1,0,5,110.975,0,1,0,0.41475224,3837
0,0,1,0,49,0,1,56.29999923706055,2780.6,0,1,0,0,0,0,1,0,0,0,1,0,1,0,1,0,1,0,1,0,0,4,56.7469387755102,2,0,0,0.27560374,6964
1,0,0,0,51,1,1,81.1500015258789,4126.2,1,0,0,0,1,0,1,0,1,0,1,0,1,0,0,0,1,0,1,0,0,5,80.90588235294118,2,0,0,0.2326966,3988
1,0,0,0,26,0,1,44.650001525878906,1156.55,0,1,0,0,1,0,1,0,0,0,0,0,0,0,1,0,0,0,0,0,0,3,44.482692307692304,1,0,1,0.5181246,1881
0,0,0,0,9,1,1,43.75,405.7,0,0,0,0,0,0,0,0,0,0,0,0,0,0,0,0,0,0,0,1,0,0,45.077777777777776,0,0,1,0.6209642,3874
0,0,0,0,57,1,0,94.69999694824219,5468.95,1,0,1,0,0,0,1,0,0,0,1,0,0,0,1,0,1,0,0,1,0,3,95.94649122807017,2,0,0,0.34635475,2329
0,0,1,0,37,1,0,19.5,805.2,0,0,0,1,0,1,0,1,0,1,0,1,0,1,0,1,0,0,0,0,0,0,21.762162162162163,2,0,1,0.5348508,6725
1,0,0,0,30,1,1,97.0,3021.3,0,0,1,0,0,0,1,0,0,0,0,0,1,0,1,0,1,0,0,0,0,3,100.71000000000001,1,0,0,0.34829313,4422
0,1,1,1,70,1,1,107.9000015258789,7475.85,1,0,1,0,0,0,1,0,1,0,1,0,1,0,1,0,1,0,0,1,0,5,106.79785714285715,2,0,0,0.39386517,3117
1,0,0,1,22,1,1,89.4000015258789,2001.5,0,0,1,0,0,0,1,0,1,0,0,0,1,0,0,0,0,0,0,1,0,3,90.97727272727273,1,1,1,0.58585507,5194
1,0,0,0,39,0,1,48.95000076293945,1880.85,0,1,0,0,1,0,1,0,0,0,1,0,1,0,0,0,0,0,1,0,0,4,48.22692307692307,2,1,0,0.4748429,4402
0,1,1,0,33,1,1,80.5999984741211,2656.5,1,0,1,0,0,0,1,0,0,0,0,0,0,0,0,0,0,0,0,0,0,1,80.5,1,1,1,0.64827424,985
1,0,0,0,60,1,1,116.5999984741211,7049.5,1,0,1,0,1,0,1,0,1,0,1,0,1,0,1,0,1,0,1,0,0,6,117.49166666666666,2,0,0,0.3855114,4627
0,0,1,1,1,1,0,19.450000762939453,19.45,0,0,0,1,0,1,0,1,0,1,0,1,0,1,0,1,0,0,0,1,0,0,19.45,0,0,0,0.4963675,101
0,0,1,1,12,1,1,58.349998474121094,740.55,0,0,0,0,0,0,0,0,1,0,0,0,1,0,0,0,0,0,1,0,0,2,61.7125,0,0,1,0.5544073,1388
0,0,1,1,51,1,0,19.950000762939453,1028.75,0,0,0,1,0,1,0,1,0,1,0,1,0,1,0,1,0,1,0,0,1,0,20.17156862745098,2,0,0,0.1970722,4114
0,0,1,1,22,1,1,80.1500015258789,1790.65,0,0,1,0,0,0,0,0,0,0,0,0,0,0,1,0,0,0,0,1,0,1,81.39318181818182,1,0,1,0.5982501,2118
1,0,1,1,1,1,0,18.799999237060547,18.8,0,0,0,1,0,1,0,1,0,1,0,1,0,1,0,1,1,0,0,0,1,0,18.8,0,0,0,0.24572214,1654
1,0,1,1,39,1,0,100.0,3835.55,1,0,1,0,0,0,0,0,1,0,0,0,1,0,1,0,1,0,0,1,0,3,98.3474358974359,2,0,0,0.40084222,6292
0,0,0,0,4,1,1,93.5,362.2,1,0,1,0,0,0,1,0,0,0,1,0,0,0,1,0,0,0,0,1,0,3,90.55,0,1,1,0.6305211,3991
0,0,0,0,39,1,1,80.44999694824219,3201.55,0,0,1,0,0,0,0,0,1,0,1,0,0,0,0,0,0,1,0,1,0,2,82.09102564102565,2,1,0,0.21947384,4527
1,1,1,0,69,1,1,84.9000015258789,5785.65,1,0,1,0,1,0,1,0,0,0,0,0,0,0,0,0,0,0,1,0,0,2,83.85,2,0,1,0.56058204,6419
1,1,1,0,8,1,1,64.4000015258789,581.7,0,0,0,0,0,0,0,0,1,0,1,0,0,0,1,0,0,0,1,0,0,3,72.7125,0,0,1,0.5794216,2286
1,0,1,0,68,1,0,25.049999237060547,1629.2,1,0,0,1,0,1,0,1,0,1,0,1,0,1,0,1,0,1,1,0,0,0,23.958823529411767,2,0,0,0.19847946,3377
0,1,0,0,2,1,0,70.75,154.85,0,0,1,0,0,0,0,0,0,0,0,0,0,0,0,0,0,0,0,1,0,0,77.425,0,1,1,0.66716,6726
1,1,1,0,24,0,0,39.099998474121094,971.3,0,1,0,0,1,0,0,0,0,0,0,0,0,0,1,0,0,0,0,0,0,2,40.47083333333333,1,1,1,0.5181246,4740
0,0,1,0,42,1,1,50.25,2203.65,1,0,0,0,0,0,0,0,0,0,0,0,0,0,0,0,0,0,0,1,0,0,52.46785714285714,2,1,1,0.60036904,6142
0,0,1,0,59,1,1,80.0999984741211,4693.2,1,0,0,0,0,0,1,0,0,0,1,0,1,0,1,0,1,0,0,1,0,4,79.5457627118644,2,0,0,0.2738487,6245
1,0,1,1,1,1,0,80.0,80.0,0,0,1,0,0,0,0,0,0,0,0,0,0,0,1,0,0,0,0,1,0,1,80.0,0,1,1,0.61289734,680
0,0,1,1,46,0,0,35.04999923706055,1620.25,0,1,0,0,1,0,1,0,0,0,0,0,0,0,0,0,0,0,0,0,0,2,35.22282608695652,2,0,0,0.44951794,4670
1,0,0,0,4,0,1,29.649999618530273,118.5,0,1,0,0,0,0,0,0,1,0,0,0,0,0,0,0,0,0,0,1,0,1,29.625,0,1,1,0.6209642,6174
1,0,1,1,11,1,1,20.450000762939453,250.8,0,0,0,1,0,1,0,1,0,1,0,1,0,1,0,1,0,0,0,1,0,0,22.8,0,0,0,0.47369415,1351
1,0,1,0,59,1,0,66.4000015258789,3958.2,0,0,0,0,1,0,1,0,1,0,0,0,1,0,0,0,1,0,1,0,0,4,67.08813559322033,2,0,0,0.23822962,1844
0,0,1,1,53,1,0,60.599998474121094,3297.0,0,0,0,0,0,0,0,0,1,0,0,0,0,0,1,0,1,0,1,0,0,2,62.20754716981132,2,0,0,0.27012601,2704
0,0,0,0,3,1,1,54.20000076293945,140.4,0,0,0,0,0,0,0,0,0,0,0,0,1,0,0,0,0,0,0,1,0,1,46.800000000000004,0,0,1,0.6209642,4478
0,0,1,0,72,1,1,25.25,1841.2,1,0,0,1,0,1,0,1,0,1,0,1,0,1,0,1,0,1,0,0,0,0,25.572222222222223,2,0,0,0.19847946,2509
1,0,0,0,9,1,1,18.950000762939453,185.6,0,0,0,1,0,1,0,1,0,1,0,1,0,1,0,1,0,0,0,0,1,0,20.62222222222222,0,1,1,0.53559256,4171
1,0,1,1,24,1,1,20.799999237060547,469.65,0,0,0,1,0,1,0,1,0,1,0,1,0,1,0,1,1,0,1,0,0,0,19.568749999999998,1,0,0,0.22875902,4977
0,1,1,0,45,1,1,86.0999984741211,3861.45,0,0,1,0,0,0,0,0,1,0,0,0,0,0,1,0,0,0,0,1,0,2,85.81,2,0,1,0.65988576,1023
0,0,1,0,49,0,0,40.650001525878906,2070.75,0,1,0,0,1,0,0,0,0,0,0,0,1,0,0,0,0,0,0,0,0,2,42.26020408163265,2,0,1,0.5181246,3541
0,0,1,0,61,1,0,24.399999618530273,1417.9,1,0,0,1,0,1,0,1,0,1,0,1,0,1,0,1,0,1,0,0,1,0,23.24426229508197,2,0,0,0.19847946,454
1,0,0,0,2,1,1,70.30000305175781,144.0,0,0,1,0,0,0,0,0,0,0,0,0,0,0,0,0,0,0,0,1,0,0,72.0,0,0,1,0.6651782,4648
0,0,0,0,5,1,1,85.4000015258789,425.9,0,0,1,0,0,0,0,0,0,0,1,0,0,0,1,0,0,0,1,0,0,2,85.17999999999999,0,1,1,0.6276444,3050
0,0,0,0,2,0,1,42.599998474121094,72.4,0,1,0,0,1,0,1,0,0,0,0,0,0,0,1,0,0,0,0,1,0,3,36.2,0,1,1,0.52150065,1519
1,0,0,0,25,1,0,81.75,2028.8,1,0,0,0,1,0,1,0,1,0,1,0,0,0,1,0,0,0,0,0,0,5,81.152,1,0,1,0.51903564,958
0,0,1,0,60,1,1,106.1500015258789,6411.25,1,0,1,0,0,0,1,0,1,0,0,0,1,0,1,0,0,0,0,1,0,4,106.85416666666667,2,0,1,0.64827424,4572
1,0,1,1,51,1,0,110.05000305175781,5686.4,1,0,1,0,1,0,1,0,0,0,1,0,1,0,1,0,1,0,1,0,0,5,111.49803921568626,2,0,0,0.3825093,315
1,0,1,1,2,1,0,56.70000076293945,113.55,1,0,0,0,1,0,0,0,0,0,0,0,0,0,0,0,0,0,0,0,1,1,56.775,0,1,0,0.4648348,6796
1,1,1,0,62,1,1,103.75,6383.35,1,0,1,0,0,0,1,0,1,0,0,0,1,0,1,0,1,0,0,1,0,4,102.95725806451614,2,1,0,0.40321207,978
1,0,1,0,52,1,1,81.4000015258789,4354.45,1,0,0,0,1,0,1,0,1,0,1,0,0,0,1,0,1,0,1,0,0,5,83.73942307692307,2,0,0,0.25497994,2695
1,0,0,0,68,1,1,76.9000015258789,5023.0,1,0,0,0,1,0,1,0,1,0,0,0,0,0,1,0,1,0,1,0,0,4,73.86764705882354,2,0,0,0.26086268,791
0,0,0,0,22,1,1,84.1500015258789,1821.95,1,0,1,0,0,0,0,0,0,0,0,0,1,0,0,0,0,0,0,0,0,1,82.81590909090909,1,0,1,0.65988576,156
1,1,1,0,1,0,0,25.049999237060547,25.05,0,1,0,0,0,0,0,0,0,0,0,0,0,0,0,0,0,0,0,1,0,0,25.05,0,1,1,0.6209642,6509
1,1,0,0,3,0,1,41.150001525878906,132.2,0,1,0,0,0,0,0,0,1,0,0,0,0,0,1,0,0,0,0,1,0,2,44.06666666666666,0,1,1,0.6209642,260
0,1,0,0,16,1,1,96.4000015258789,1581.2,1,0,1,0,0,0,0,0,0,0,0,0,1,0,1,0,0,0,0,1,0,2,98.825,1,1,1,0.65988576,2516
0,1,0,0,32,1,1,74.4000015258789,2276.95,0,0,1,0,0,0,1,0,0,0,0,0,0,0,0,0,0,0,0,1,0,1,71.1546875,1,1,1,0.64827424,3007
1,0,0,0,50,1,0,24.899999618530273,1195.25,1,0,0,1,0,1,0,1,0,1,0,1,0,1,0,1,0,1,0,0,0,0,23.905,2,0,0,0.19847946,266
1,0,1,1,1,1,1,48.75,48.75,0,0,0,0,1,0,0,0,0,0,0,0,0,0,0,0,0,0,0,0,1,1,48.75,0,0,0,0.4648348,1774
0,0,0,0,6,1,0,83.9000015258789,497.55,0,0,1,0,0,0,0,0,1,0,0,0,0,0,1,0,0,0,0,1,0,2,82.925,0,1,1,0.66716,882
1,0,0,0,1,1,1,50.75,50.75,0,0,0,0,0,0,1,0,0,0,0,0,0,0,0,0,0,0,0,1,0,1,50.75,0,1,1,0.6209642,3565
0,0,1,1,29,1,0,20.200000762939453,558.8,0,0,0,1,0,1,0,1,0,1,0,1,0,1,0,1,0,1,0,0,1,0,19.268965517241377,1,0,0,0.1970722,6270
1,0,0,0,1,1,1,19.299999237060547,19.3,0,0,0,1,0,1,0,1,0,1,0,1,0,1,0,1,0,0,0,0,1,0,19.3,0,1,1,0.55142784,5585
0,0,0,0,58,1,1,95.30000305175781,5817.7,0,0,1,0,0,0,0,0,0,0,1,0,1,0,1,0,0,0,0,1,0,3,100.3051724137931,2,0,1,0.6228987,3787
1,1,1,1,35,1,1,76.05000305175781,2747.2,0,0,0,0,0,0,1,0,0,0,1,0,1,0,1,0,0,0,0,1,0,4,78.49142857142857,1,0,1,0.549319,476
1,0,0,0,43,1,0,19.549999237060547,876.15,0,0,0,1,0,1,0,1,0,1,0,1,0,1,0,1,0,1,0,0,1,0,20.375581395348835,2,0,0,0.19847946,6794
0,0,0,0,41,1,0,50.04999923706055,2029.05,0,0,0,0,0,0,0,0,0,0,1,0,0,0,0,0,1,0,0,0,0,1,49.4890243902439,2,0,0,0.2504708,6426
0,0,1,1,47,1,0,19.299999237060547,890.5,0,0,0,1,0,1,0,1,0,1,0,1,0,1,0,1,0,1,0,0,0,0,18.9468085106383,2,0,0,0.1970722,3777
0,0,0,0,33,1,1,100.0,3320.6,1,0,1,0,0,0,1,0,0,0,0,0,1,0,1,0,0,0,0,1,0,3,100.62424242424242,1,0,1,0.64827424,6557
1,0,0,0,67,1,0,20.5,1430.95,0,0,0,1,0,1,0,1,0,1,0,1,0,1,0,1,0,1,0,0,0,0,21.357462686567164,2,0,0,0.19847946,2981
0,0,1,0,72,1,0,19.399999618530273,1496.45,0,0,0,1,0,1,0,1,0,1,0,1,0,1,0,1,0,1,0,0,0,0,20.78402777777778,2,0,0,0.19847946,1329
1,0,1,1,50,1,0,54.900001525878906,2614.1,1,0,0,0,0,0,0,0,1,0,0,0,0,0,0,0,1,0,0,0,0,1,52.282,2,0,0,0.24695776,1760
1,1,1,0,49,1,0,49.79999923706055,2398.4,0,0,0,0,0,0,1,0,0,0,0,0,0,0,0,0,0,1,0,0,1,1,48.946938775510205,2,0,0,0.20595346,3656
1,0,0,0,4,1,1,74.3499984741211,265.35,1,0,1,0,0,0,0,0,0,0,0,0,0,0,0,0,0,0,0,1,0,0,66.3375,0,1,1,0.6651782,6970
1,0,1,0,61,1,0,94.1500015258789,5731.85,0,0,1,0,0,0,1,0,1,0,1,0,0,0,1,0,0,0,1,0,0,4,93.96475409836066,2,0,1,0.6078345,5560
1,0,1,1,7,1,0,20.649999618530273,150.0,0,0,0,1,0,1,0,1,0,1,0,1,0,1,0,1,1,0,0,0,1,0,21.428571428571427,0,0,0,0.22928555,1909
1,1,0,0,14,1,0,90.44999694824219,1266.1,0,0,1,0,0,0,0,0,0,0,0,0,1,0,1,0,0,0,1,0,0,2,90.43571428571428,1,1,1,0.6571134,1040
0,0,1,0,26,1,1,73.05000305175781,1959.5,0,0,0,0,0,0,1,0,0,0,1,0,1,0,1,0,0,0,0,1,0,4,75.36538461538461,1,0,1,0.6063007,6539
0,1,0,0,35,1,0,70.55000305175781,2419.0,0,0,1,0,0,0,0,0,0,0,0,0,0,0,0,0,0,0,0,1,0,0,69.11428571428571,1,0,1,0.65988576,5822
0,1,1,0,54,1,1,99.0999984741211,5437.1,0,0,1,0,0,0,0,0,1,0,1,0,1,0,1,0,1,0,0,1,0,4,100.68703703703704,2,0,0,0.40817544,5048
0,0,0,0,8,1,0,95.6500015258789,778.1,1,0,1,0,0,0,0,0,0,0,0,0,1,0,1,0,0,0,0,0,0,2,97.2625,0,1,1,0.66716,6991
1,0,0,1,1,1,1,71.6500015258789,71.65,0,0,1,0,0,0,0,0,0,0,0,0,0,0,0,0,0,0,0,1,0,0,71.65,0,1,1,0.61289734,1783
0,0,1,1,67,1,1,100.25,6689.0,1,0,1,0,1,0,0,0,1,0,1,0,0,0,1,0,1,0,0,0,0,4,99.83582089552239,2,0,0,0.39470237,5078
0,0,0,1,24,1,0,19.75,498.1,0,0,0,1,0,1,0,1,0,1,0,1,0,1,0,1,0,1,0,0,1,0,20.754166666666666,1,0,0,0.1970722,2154
0,0,1,1,64,1,0,24.899999618530273,1595.5,1,0,0,1,0,1,0,1,0,1,0,1,0,1,0,1,1,0,0,0,1,0,24.9296875,2,0,0,0.22875902,6073
0,1,1,1,34,1,1,79.5999984741211,2718.3,1,0,1,0,0,0,1,0,0,0,0,0,0,0,0,0,0,0,0,0,1,1,79.95,1,1,1,0.58585507,5183
1,0,1,1,8,1,0,19.899999618530273,153.95,0,0,0,1,0,1,0,1,0,1,0,1,0,1,0,1,1,0,1,0,0,0,19.24375,0,0,0,0.22928555,1440
0,0,0,0,6,1,0,20.200000762939453,123.65,0,0,0,1,0,1,0,1,0,1,0,1,0,1,0,1,0,0,0,0,1,0,20.608333333333334,0,0,1,0.53559256,6650
1,0,0,0,13,1,1,99.0,1301.7,1,0,1,0,0,0,0,0,0,0,1,0,1,0,1,0,0,0,0,0,1,3,100.13076923076923,1,1,1,0.6228987,6838
1,0,1,1,62,1,1,24.25,1424.6,1,0,0,1,0,1,0,1,0,1,0,1,0,1,0,1,0,1,0,0,0,0,22.97741935483871,2,0,0,0.1970722,73
1,0,1,0,34,1,1,100.05000305175781,3480.0,1,0,1,0,0,0,0,0,1,0,0,0,1,0,1,0,0,0,0,1,0,3,102.3529411764706,1,1,1,0.65988576,524
1,0,0,0,9,1,1,99.30000305175781,918.75,1,0,1,0,0,0,1,0,0,0,0,0,1,0,1,0,0,0,1,0,0,3,102.08333333333333,0,0,1,0.6624268,85
1,0,0,0,22,1,0,20.299999237060547,467.15,0,0,0,1,0,1,0,1,0,1,0,1,0,1,0,1,1,0,1,0,0,0,21.23409090909091,1,0,0,0.23052676,4748
1,0,0,1,40,1,1,55.25,2139.2,0,0,0,0,1,0,1,0,0,0,0,0,0,0,0,0,0,0,0,0,1,2,53.48,2,1,0,0.4442934,5270
0,1,1,0,35,1,1,100.5,3653.35,1,0,1,0,1,0,1,0,0,0,1,0,1,0,0,0,0,0,0,0,0,4,104.38142857142857,1,1,1,0.5370813,1883
1,0,0,0,7,1,0,23.5,173.0,1,0,0,1,0,1,0,1,0,1,0,1,0,1,0,1,0,0,0,0,1,0,24.714285714285715,0,0,1,0.53559256,6674
1,1,0,0,32,1,0,19.799999237060547,587.7,0,0,0,1,0,1,0,1,0,1,0,1,0,1,0,1,1,0,1,0,0,0,18.365625,1,0,0,0.23052676,4166
1,0,0,1,61,1,0,19.75,1124.2,0,0,0,1,0,1,0,1,0,1,0,1,0,1,0,1,0,1,0,0,1,0,18.42950819672131,2,0,0,0.1970722,212
1,0,0,0,2,1,0,20.75,44.2,0,0,0,1,0,1,0,1,0,1,0,1,0,1,0,1,0,0,0,0,1,0,22.1,0,0,1,0.53559256,5617
0,0,1,0,56,1,0,103.19999694824219,5744.35,1,0,1,0,0,0,0,0,1,0,1,0,1,0,1,0,0,1,0,0,0,4,102.57767857142858,2,0,0,0.2169031,1250
0,1,1,0,65,1,1,106.25,6979.8,1,0,1,0,0,0,1,0,1,0,0,0,1,0,1,0,1,0,0,1,0,4,107.38153846153847,2,1,0,0.40321207,4792
0,0,1,1,28,1,0,49.900001525878906,1410.25,1,0,0,0,0,0,0,0,0,0,0,0,0,0,0,0,0,0,0,0,1,0,50.36607142857143,1,0,1,0.53291583,2015
1,0,0,0,18,1,0,69.5,1199.4,1,0,0,0,1,0,0,0,1,0,0,0,1,0,0,0,0,0,0,0,1,3,66.63333333333334,1,0,1,0.55899745,1451
0,0,1,1,71,1,1,90.55000305175781,6239.05,1,0,0,0,1,0,1,0,1,0,1,0,1,0,1,0,0,1,1,0,0,6,87.87394366197184,2,0,0,0.20180753,3440
1,0,0,0,72,1,1,88.5999984741211,6201.95,1,0,0,0,0,0,1,0,1,0,1,0,1,0,1,0,0,1,0,0,0,5,86.13819444444444,2,0,0,0.2009723,487
1,1,0,0,1,1,1,76.44999694824219,76.45,1,0,1,0,0,0,0,0,0,0,0,0,0,0,0,0,0,0,0,1,0,0,76.45,0,1,1,0.6651782,6623
1,0,0,0,1,1,0,19.75,19.75,0,0,0,1,0,1,0,1,0,1,0,1,0,1,0,1,0,0,0,0,1,0,19.75,0,1,1,0.55142784,4065
0,0,0,0,34,1,0,20.350000381469727,673.2,0,0,0,1,0,1,0,1,0,1,0,1,0,1,0,1,0,0,0,0,1,0,19.8,1,0,1,0.5348508,5369
0,0,0,0,8,1,1,87.05000305175781,762.1,1,0,1,0,0,0,0,0,0,0,0,0,1,0,0,0,0,0,0,1,0,1,95.2625,0,1,1,0.66716,3087
0,0,0,0,47,1,1,106.4000015258789,5127.95,1,0,1,0,0,0,1,0,1,0,0,0,1,0,1,0,0,0,0,1,0,4,109.10531914893616,2,1,1,0.64827424,3910
0,0,1,1,72,1,1,24.049999237060547,1709.15,1,0,0,1,0,1,0,1,0,1,0,1,0,1,0,1,0,1,0,0,0,0,23.738194444444446,2,0,0,0.1970722,4633
0,0,1,1,52,1,1,25.049999237060547,1270.25,1,0,0,1,0,1,0,1,0,1,0,1,0,1,0,1,0,1,0,0,0,0,24.427884615384617,2,0,0,0.1970722,447
1,0,0,0,3,1,0,19.850000381469727,64.55,0,0,0,1,0,1,0,1,0,1,0,1,0,1,0,1,0,0,0,0,1,0,21.516666666666666,0,1,1,0.53559256,6157
0,0,1,0,60,0,0,37.70000076293945,2288.7,0,1,0,0,1,0,1,0,0,0,1,0,0,0,0,0,0,1,0,0,0,3,38.144999999999996,2,0,0,0.20438793,6679
0,0,0,0,3,1,1,96.5999984741211,291.9,1,0,1,0,0,0,0,0,0,0,0,0,1,0,1,0,0,0,0,1,0,2,97.3,0,1,1,0.66716,3727
1,0,0,0,19,1,1,86.0,1532.45,1,0,1,0,0,0,0,0,0,0,0,0,0,0,1,0,0,0,0,0,0,1,80.65526315789474,1,1,1,0.65988576,1214
1,0,0,0,1,1,1,69.9000015258789,69.9,0,0,1,0,0,0,0,0,0,0,0,0,0,0,0,0,0,0,0,1,0,0,69.9,0,0,1,0.6651782,2927
0,0,1,0,6,1,1,105.30000305175781,545.2,1,0,1,0,0,0,1,0,1,0,0,0,1,0,1,0,0,0,0,1,0,4,90.86666666666667,0,1,1,0.66716,3956
1,0,1,1,49,1,0,59.599998474121094,2970.3,0,0,0,0,1,0,1,0,0,0,1,0,0,0,0,0,0,0,1,0,0,3,60.61836734693878,2,0,0,0.41242892,24
1,1,0,0,22,1,1,90.5,1910.6,1,0,1,0,0,0,0,0,0,0,1,0,1,0,0,0,0,0,0,0,0,2,86.84545454545454,1,1,1,0.6228987,5597
0,0,1,1,42,1,1,19.049999237060547,761.85,0,0,0,1,0,1,0,1,0,1,0,1,0,1,0,1,1,0,0,1,0,0,18.139285714285716,2,0,0,0.22875902,4654
1,1,1,0,46,1,1,98.8499984741211,4564.9,1,0,1,0,0,0,0,0,1,0,0,0,1,0,1,0,0,0,0,1,0,3,99.23695652173912,2,0,1,0.65988576,1081
1,0,0,0,68,0,1,39.900001525878906,2796.35,0,1,0,0,0,0,0,0,1,0,0,0,0,0,1,0,0,0,0,0,0,2,41.12279411764706,2,0,1,0.60542923,2421
0,0,0,1,2,1,0,20.5,38.25,0,0,0,1,0,1,0,1,0,1,0,1,0,1,0,1,1,0,0,0,0,0,19.125,0,0,0,0.23408452,6159
1,0,0,1,0,1,0,20.25,0.0,0,0,0,1,0,1,0,1,0,1,0,1,0,1,0,1,0,1,0,0,1,0,0.0,0,0,0,0.21043497,753
0,0,1,1,35,1,0,72.25,2568.55,1,0,0,0,1,0,0,0,1,0,1,0,1,0,0,0,0,0,0,1,0,4,73.38714285714286,1,1,0,0.46065903,4296
0,0,0,0,2,1,0,19.5,27.55,0,0,0,1,0,1,0,1,0,1,0,1,0,1,0,1,0,0,0,0,1,0,13.775,0,0,1,0.53559256,900
1,0,1,1,68,1,0,62.650001525878906,4375.8,0,0,0,0,1,0,1,0,1,0,1,0,0,0,0,0,0,1,1,0,0,4,64.35000000000001,2,0,0,0.20011461,5422
1,0,1,0,16,1,1,75.4000015258789,1189.4,1,0,1,0,0,0,0,0,0,0,0,0,0,0,0,0,0,0,0,1,0,0,74.3375,1,0,1,0.65988576,922
1,0,1,0,72,1,1,110.9000015258789,8240.85,1,0,1,0,1,0,0,0,1,0,1,0,1,0,1,0,0,1,1,0,0,5,114.45625000000001,2,0,0,0.22117387,3767
1,0,1,0,37,1,0,94.30000305175781,3460.95,1,0,1,0,0,0,0,0,1,0,1,0,1,0,0,0,0,1,0,0,1,3,93.53918918918919,2,0,0,0.21406953,6690
1,0,1,1,53,1,0,25.549999237060547,1336.1,1,0,0,1,0,1,0,1,0,1,0,1,0,1,0,1,0,1,1,0,0,0,25.20943396226415,2,0,0,0.1970722,671
0,0,0,0,40,1,0,83.8499984741211,3532.25,1,0,1,0,0,0,0,0,0,0,0,0,0,0,1,0,0,0,0,0,0,1,88.30625,2,0,1,0.65988576,6111
0,0,0,0,46,1,1,94.1500015258789,4408.45,1,0,1,0,0,0,1,0,1,0,0,0,0,0,1,0,1,0,0,1,0,3,95.8358695652174,2,0,0,0.34829313,3368
1,0,0,0,3,1,1,100.94999694824219,329.95,1,0,1,0,0,0,0,0,1,0,0,0,1,0,1,0,0,0,0,1,0,3,109.98333333333333,0,1,1,0.6651782,2797
0,0,0,0,1,1,0,75.30000305175781,75.3,0,0,1,0,0,0,0,0,1,0,0,0,0,0,0,0,0,0,0,1,0,1,75.3,0,1,1,0.66716,5100
1,0,0,0,7,1,0,19.25,112.3,0,0,0,1,0,1,0,1,0,1,0,1,0,1,0,1,0,0,0,1,0,0,16.04285714285714,0,1,1,0.53559256,966
1,0,0,0,6,0,1,30.5,208.7,0,1,0,0,0,0,1,0,0,0,0,0,0,0,0,0,0,0,1,0,0,1,34.78333333333333,0,1,1,0.6180582,5091
1,0,0,0,46,1,1,89.1500015258789,4245.55,1,0,1,0,1,0,0,0,0,0,0,0,1,0,0,0,0,0,1,0,0,2,92.29456521739131,2,0,1,0.5731824,715
0,0,1,0,54,1,1,70.1500015258789,3715.65,1,0,0,0,0,0,0,0,0,0,0,0,1,0,1,0,1,0,1,0,0,2,68.80833333333334,2,1,0,0.27752453,3672
1,1,0,0,15,1,1,79.4000015258789,1156.1,0,0,1,0,0,0,0,0,0,0,0,0,0,0,1,0,0,0,0,1,0,1,77.07333333333332,1,1,1,0.65988576,5499
1,0,0,0,3,1,1,85.30000305175781,264.8,1,0,1,0,0,0,0,0,0,0,0,0,0,0,1,0,0,0,0,1,0,1,88.26666666666667,0,1,1,0.6651782,1696
1,0,1,1,70,1,0,20.049999237060547,1360.25,0,0,0,1,0,1,0,1,0,1,0,1,0,1,0,1,0,1,1,0,0,0,19.432142857142857,2,0,0,0.1970722,531
1,0,0,1,39,1,0,100.55000305175781,3895.35,1,0,1,0,0,0,0,0,0,0,1,0,1,0,1,0,0,1,0,0,1,3,99.88076923076923,2,0,0,0.21494454,2490
1,0,1,0,2,1,0,20.0,38.0,0,0,0,1,0,1,0,1,0,1,0,1,0,1,0,1,0,0,0,0,1,0,19.0,0,0,1,0.53559256,458
1,0,0,0,18,1,1,75.5999984741211,1395.05,1,0,1,0,0,0,0,0,0,0,0,0,0,0,0,0,0,0,0,0,0,0,77.50277777777778,1,0,1,0.65988576,428
1,1,0,0,72,1,1,25.100000381469727,1789.9,1,0,0,1,0,1,0,1,0,1,0,1,0,1,0,1,0,1,1,0,0,0,24.859722222222224,2,0,0,0.19847946,2279
1,0,0,1,47,1,1,55.29999923706055,2654.05,0,0,0,0,1,0,1,0,0,0,0,0,0,0,0,0,0,0,0,1,0,2,56.469148936170214,2,0,0,0.4442934,2377
0,0,1,1,22,1,0,19.899999618530273,400.3,0,0,0,1,0,1,0,1,0,1,0,1,0,1,0,1,0,0,0,0,1,0,18.195454545454545,1,0,0,0.47295085,4508
1,0,1,1,71,1,0,89.9000015258789,6457.15,1,0,0,0,1,0,1,0,1,0,1,0,1,0,1,0,0,1,1,0,0,6,90.94577464788732,2,0,0,0.20180753,2983
1,0,0,0,8,1,1,74.8499984741211,572.45,1,0,1,0,0,0,0,0,0,0,0,0,0,0,0,0,0,0,0,1,0,0,71.55625,0,0,1,0.6651782,1829
0,0,1,1,71,1,0,19.899999618530273,1389.35,0,0,0,1,0,1,0,1,0,1,0,1,0,1,0,1,0,1,0,0,0,0,19.56830985915493,2,0,0,0.1970722,3375
0,0,0,0,53,1,1,94.44999694824219,5042.75,0,0,1,0,0,0,1,0,1,0,1,0,0,0,1,0,1,0,1,0,0,4,95.14622641509433,2,0,0,0.3385829,4853
1,1,1,0,37,1,1,72.25,2575.45,0,0,1,0,0,0,0,0,0,0,0,0,0,0,0,0,0,0,0,0,0,0,69.60675675675675,2,0,1,0.65988576,3623
1,0,1,0,64,1,1,70.1500015258789,4480.7,1,0,0,0,0,0,1,0,0,0,1,0,0,0,1,0,1,0,0,0,1,3,70.0109375,2,0,0,0.2738487,5462
1,0,0,1,5,1,1,48.650001525878906,235.2,0,0,0,0,0,0,0,0,0,0,1,0,0,0,0,0,0,0,0,0,0,1,47.04,0,0,1,0.5220646,4340
0,0,0,0,60,1,0,104.69999694824219,6333.8,1,0,1,0,0,0,1,0,1,0,0,0,1,0,1,0,0,1,0,1,0,4,105.56333333333333,2,0,0,0.38403517,4449
1,0,0,0,2,1,1,50.29999923706055,92.75,0,0,0,0,0,0,1,0,0,0,0,0,0,0,0,0,0,0,0,0,1,1,46.375,0,0,1,0.6209642,1260
0,0,0,0,25,0,0,54.20000076293945,1423.15,0,1,0,0,0,0,0,0,1,0,1,0,1,0,1,0,1,0,0,1,0,4,56.926,1,0,0,0.27807185,6263
0,0,1,1,6,1,0,19.700000762939453,113.5,0,0,0,1,0,1,0,1,0,1,0,1,0,1,0,1,0,0,0,0,1,0,18.916666666666668,0,0,0,0.47369415,154
1,0,1,1,60,1,1,110.5999984741211,6586.85,1,0,1,0,1,0,0,0,1,0,1,0,1,0,1,0,0,1,0,1,0,5,109.78083333333333,2,0,0,0.34221447,3514
0,0,0,0,30,1,1,100.19999694824219,2983.8,1,0,1,0,0,0,1,0,0,0,0,0,1,0,1,0,0,0,0,1,0,3,99.46000000000001,1,1,1,0.64827424,3864
1,0,0,0,67,0,1,49.349998474121094,3321.35,0,1,0,0,1,0,0,0,1,0,1,0,1,0,0,0,1,0,0,0,0,4,49.57238805970149,2,0,0,0.23872513,3036
1,0,0,0,53,1,0,24.049999237060547,1301.9,1,0,0,1,0,1,0,1,0,1,0,1,0,1,0,1,1,0,0,0,0,0,24.56415094339623,2,0,0,0.2327209,2820
0,0,1,1,10,1,0,55.20000076293945,528.35,0,0,0,0,0,0,0,0,1,0,1,0,0,0,0,0,0,0,1,0,0,2,52.835,0,1,1,0.5220646,18
0,0,0,0,1,1,1,52.20000076293945,52.2,0,0,0,0,0,0,0,0,0,0,1,0,0,0,0,0,0,0,0,1,0,1,52.2,0,1,1,0.582423,783
1,0,1,0,55,0,1,54.54999923706055,2978.3,0,1,0,0,0,0,0,0,1,0,1,0,1,0,1,0,0,0,0,0,0,4,54.150909090909096,2,1,1,0.5664113,6593
0,0,0,0,70,1,0,84.69999694824219,5991.05,1,0,0,0,1,0,1,0,1,0,0,0,1,0,1,0,0,1,0,0,1,5,85.58642857142857,2,0,0,0.20595346,3992
0,0,1,0,34,1,0,50.20000076293945,1815.3,0,0,0,0,0,0,0,0,0,0,1,0,0,0,0,0,0,0,0,0,0,1,53.391176470588235,1,0,1,0.5612133,1062
0,0,0,0,68,1,0,110.25,7279.35,1,0,1,0,1,0,1,0,0,0,1,0,1,0,1,0,0,1,1,0,0,5,107.04926470588236,2,0,0,0.33332264,6355
0,0,1,0,59,1,1,109.1500015258789,6557.75,1,0,1,0,1,0,1,0,1,0,0,0,1,0,1,0,1,0,1,0,0,5,111.14830508474576,2,0,0,0.38882717,2663
0,0,0,0,9,1,1,74.8499984741211,708.2,0,0,1,0,1,0,0,0,0,0,0,0,0,0,0,0,0,0,0,1,0,1,78.6888888888889,0,0,1,0.5714528,6363
1,0,0,0,6,1,1,80.5,463.05,0,0,1,0,0,0,0,0,0,0,0,0,1,0,0,0,0,0,1,0,0,1,77.175,0,1,1,0.6624268,5718
1,0,1,0,50,1,1,103.94999694824219,5231.3,1,0,1,0,1,0,0,0,1,0,0,0,1,0,1,0,1,0,0,1,0,4,104.626,2,0,0,0.39872524,6185
0,1,1,1,72,1,0,92.44999694824219,6440.25,1,0,0,0,1,0,1,0,1,0,1,0,1,0,1,0,0,1,1,0,0,6,89.44791666666667,2,1,0,0.20180753,4513
1,1,1,0,41,0,1,53.95000076293945,2215.4,0,1,0,0,0,0,1,0,1,0,0,0,1,0,1,0,0,0,0,1,0,4,54.03414634146342,2,0,1,0.60542923,2709
1,0,0,0,4,1,1,50.79999923706055,202.3,0,0,0,0,0,0,0,0,0,0,1,0,0,0,0,0,0,0,0,0,1,1,50.575,0,0,1,0.582423,3664
1,0,1,1,47,0,0,40.29999923706055,1794.8,0,1,0,0,1,0,0,0,1,0,1,0,0,0,0,0,1,0,0,1,0,3,38.18723404255319,2,0,0,0.23532511,6331
1,0,1,1,62,1,1,94.94999694824219,5791.85,1,0,1,0,1,0,1,0,0,0,0,0,1,0,0,0,1,0,1,0,0,3,93.41693548387097,2,0,0,0.3074438,2664
0,0,1,1,18,1,0,20.450000762939453,357.0,0,0,0,1,0,1,0,1,0,1,0,1,0,1,0,1,0,0,0,0,1,0,19.833333333333332,1,0,0,0.47295085,3723
0,0,1,0,3,1,1,75.8499984741211,256.6,1,0,1,0,0,0,0,0,0,0,0,0,0,0,0,0,0,0,0,1,0,0,85.53333333333335,0,1,1,0.66716,4226
1,0,0,0,65,1,1,25.100000381469727,1725.0,1,0,0,1,0,1,0,1,0,1,0,1,0,1,0,1,0,1,0,0,0,0,26.53846153846154,2,0,0,0.19847946,5655
1,0,1,0,59,1,0,85.55000305175781,5084.65,1,0,1,0,0,0,0,0,0,0,0,0,0,0,1,0,1,0,0,1,0,1,86.18050847457627,2,1,0,0.3254225,868
0,0,0,0,60,1,1,70.1500015258789,4224.7,0,0,0,0,0,0,1,0,1,0,1,0,1,0,0,0,1,0,1,0,0,4,70.41166666666666,2,0,0,0.24816343,4722
0,0,0,0,10,1,1,20.549999237060547,187.35,0,0,0,1,0,1,0,1,0,1,0,1,0,1,0,1,0,0,0,0,1,0,18.735,0,0,1,0.53559256,3069
1,0,1,1,7,0,0,38.54999923706055,280.0,0,1,0,0,1,0,1,0,1,0,0,0,0,0,0,0,0,1,0,0,1,3,40.0,0,0,0,0.20572063,1802
1,0,0,0,28,1,0,91.0,2626.15,0,0,1,0,0,0,0,0,1,0,1,0,0,0,1,0,0,0,0,1,0,3,93.79107142857143,1,0,1,0.6228987,2687
1,1,1,0,29,1,1,79.30000305175781,2414.55,1,0,1,0,0,0,0,0,0,0,1,0,0,0,0,0,0,0,0,1,0,1,83.26034482758621,1,0,1,0.6228987,5700
1,0,1,1,0,1,1,19.700000762939453,0.0,0,0,0,1,0,1,0,1,0,1,0,1,0,1,0,1,1,0,0,0,1,0,0.0,0,0,0,0.24572214,5218
0,0,0,0,37,1,0,64.6500015258789,2347.85,1,0,0,0,1,0,0,0,0,0,0,0,1,0,0,0,1,0,0,0,0,2,63.4554054054054,2,0,0,0.24047415,3693
0,0,1,1,45,1,1,24.649999618530273,1138.8,1,0,0,1,0,1,0,1,0,1,0,1,0,1,0,1,0,1,0,0,0,0,25.306666666666665,2,0,0,0.1970722,1154
1,0,1,0,61,1,1,79.80000305175781,4914.8,1,0,0,0,0,0,1,0,1,0,0,0,1,0,1,0,1,0,0,1,0,4,80.57049180327868,2,0,0,0.2800032,5571
0,0,1,0,64,1,0,19.450000762939453,1208.6,0,0,0,1,0,1,0,1,0,1,0,1,0,1,0,1,0,1,1,0,0,0,18.884375,2,0,0,0.19847946,6875
1,0,1,1,63,1,1,91.3499984741211,5764.7,1,0,1,0,0,0,1,0,0,0,0,0,0,0,1,0,1,0,0,1,0,2,91.5031746031746,2,0,0,0.3236198,6519
0,1,1,0,37,1,1,76.5,2868.15,1,0,1,0,0,0,0,0,0,0,0,0,0,0,0,0,0,0,0,1,0,0,77.51756756756757,2,1,1,0.65988576,113
0,1,1,0,72,1,0,24.299999237060547,1778.7,1,0,0,1,0,1,0,1,0,1,0,1,0,1,0,1,0,1,0,0,0,0,24.704166666666666,2,0,0,0.19847946,2506
0,0,1,1,66,1,0,89.9000015258789,5958.85,1,0,0,0,1,0,1,0,1,0,1,0,1,0,1,0,0,1,1,0,0,6,90.28560606060607,2,0,0,0.20180753,2217
0,0,0,0,1,1,0,95.6500015258789,95.65,1,0,1,0,0,0,0,0,0,0,0,0,1,0,1,0,0,0,0,0,1,2,95.65,0,1,1,0.66716,2753
0,0,1,0,9,1,1,79.75,769.1,0,0,1,0,0,0,0,0,0,0,0,0,0,0,1,0,0,0,0,1,0,1,85.45555555555556,0,0,1,0.66716,1105
1,0,0,0,1,0,0,25.350000381469727,25.35,0,1,0,0,0,0,0,0,0,0,0,0,0,0,0,0,0,0,0,0,1,0,25.35,0,0,1,0.6209642,376
0,1,0,0,4,1,1,99.80000305175781,442.85,0,0,1,0,0,0,1,0,1,0,0,0,1,0,1,0,0,0,1,0,0,4,110.7125,0,1,1,0.6644168,1401
0,1,1,0,38,1,1,74.94999694824219,2869.85,1,0,1,0,0,0,0,0,0,0,0,0,0,0,0,0,0,0,0,0,0,0,75.52236842105263,2,1,1,0.65988576,6344
1,0,1,1,44,1,1,61.900001525878906,2924.05,0,0,0,0,0,0,1,0,1,0,1,0,0,0,0,0,0,0,0,0,1,3,66.45568181818182,2,0,1,0.50041896,6852
0,0,1,0,22,1,1,54.70000076293945,1178.75,0,0,0,0,0,0,1,0,1,0,0,0,0,0,0,0,0,0,0,0,1,2,53.57954545454545,1,0,1,0.60036904,5635
0,0,0,0,53,1,1,106.94999694824219,5785.5,1,0,1,0,1,0,0,0,1,0,0,0,1,0,1,0,1,0,1,0,0,4,109.16037735849056,2,1,0,0.40109083,5877
1,1,1,0,23,1,1,90.44999694824219,2117.25,0,0,1,0,0,0,0,0,0,0,0,0,1,0,1,0,0,0,0,1,0,2,92.05434782608695,1,0,1,0.65988576,1245
0,0,0,0,20,1,1,18.899999618530273,347.65,0,0,0,1,0,1,0,1,0,1,0,1,0,1,0,1,0,0,1,0,0,0,17.3825,1,0,1,0.5317824,6022
1,0,0,0,51,1,0,24.75,1234.6,1,0,0,1,0,1,0,1,0,1,0,1,0,1,0,1,0,1,0,0,1,0,24.2078431372549,2,0,0,0.19847946,5927
1,0,1,1,62,1,0,20.649999618530273,1218.45,0,0,0,1,0,1,0,1,0,1,0,1,0,1,0,1,0,1,1,0,0,0,19.65241935483871,2,0,0,0.1970722,5924
1,0,0,0,7,1,1,18.950000762939453,130.55,0,0,0,1,0,1,0,1,0,1,0,1,0,1,0,1,0,0,0,0,1,0,18.650000000000002,0,0,1,0.53559256,4570
0,0,0,0,17,1,1,83.55000305175781,1329.15,0,0,1,0,0,0,1,0,0,0,0,0,1,0,0,0,0,0,0,1,0,2,78.18529411764706,1,0,1,0.64827424,1992
1,0,0,1,41,1,0,70.19999694824219,2894.55,0,0,0,0,1,0,1,0,1,0,0,0,1,0,0,0,1,0,0,0,1,4,70.59878048780489,2,0,0,0.23154294,2499
0,0,0,0,7,1,1,94.05000305175781,633.45,0,0,1,0,0,0,1,0,0,0,0,0,1,0,1,0,1,0,0,0,1,3,90.49285714285715,0,0,0,0.36757258,6628
1,0,0,1,1,1,1,50.04999923706055,50.05,1,0,0,0,0,0,0,0,0,0,0,0,0,0,0,0,0,0,0,1,0,0,50.05,0,0,1,0.5662811,1446
0,0,1,0,64,1,0,58.349998474121094,3756.45,1,0,0,0,0,0,0,0,1,0,1,0,0,0,0,0,1,0,0,0,0,2,58.69453125,2,0,0,0.2504708,3836
0,0,0,0,3,1,1,75.5,220.6,1,0,1,0,0,0,0,0,0,0,0,0,0,0,0,0,0,0,0,1,0,0,73.53333333333333,0,1,1,0.66716,5610
0,1,1,0,50,1,1,71.05000305175781,3444.85,0,0,1,0,0,0,0,0,0,0,0,0,0,0,0,0,0,0,0,1,0,0,68.89699999999999,2,1,1,0.65988576,3031
1,0,1,0,18,1,0,56.79999923706055,1074.65,1,0,0,0,0,0,1,0,0,0,0,0,0,0,0,0,0,0,1,0,0,1,59.70277777777778,1,0,1,0.59740746,1143
0,0,1,1,13,1,0,55.95000076293945,734.35,0,0,0,0,0,0,0,0,0,0,0,0,0,0,1,0,0,0,0,1,0,1,56.48846153846154,1,1,1,0.53291583,469
1,0,1,1,69,1,0,80.6500015258789,5542.55,0,0,0,0,1,0,1,0,0,0,1,0,1,0,1,0,0,1,0,0,0,5,80.3268115942029,2,0,0,0.20180753,4227
0,0,0,0,1,1,1,79.1500015258789,79.15,1,0,1,0,0,0,1,0,0,0,0,0,0,0,0,0,0,0,0,0,1,1,79.15,0,0,1,0.66716,3536
1,0,0,0,4,1,0,90.6500015258789,367.95,1,0,1,0,1,0,0,0,0,0,0,0,1,0,0,0,0,0,0,1,0,2,91.9875,0,0,1,0.569269,6445
1,0,0,0,1,1,1,53.5,53.5,0,0,0,0,0,0,0,0,0,0,0,0,1,0,0,0,0,0,0,0,1,1,53.5,0,1,1,0.6209642,3090
1,0,1,1,25,1,0,53.650001525878906,1355.45,0,0,0,0,0,0,1,0,1,0,0,0,0,0,0,0,1,0,0,0,1,2,54.218,1,0,0,0.24695776,3537
0,0,1,1,18,1,0,55.95000076293945,1082.8,0,0,0,0,0,0,0,0,0,0,0,0,1,0,0,0,0,0,0,0,1,1,60.15555555555555,1,0,1,0.53291583,6847
1,0,1,1,48,1,0,23.549999237060547,1173.35,1,0,0,1,0,1,0,1,0,1,0,1,0,1,0,1,0,1,0,0,1,0,24.444791666666664,2,0,0,0.1970722,6656
1,0,0,0,26,1,1,20.649999618530273,595.5,0,0,0,1,0,1,0,1,0,1,0,1,0,1,0,1,1,0,1,0,0,0,22.903846153846153,1,0,0,0.23052676,2760
1,0,0,0,1,1,1,69.0999984741211,69.1,0,0,1,0,0,0,0,0,0,0,0,0,0,0,0,0,0,0,0,1,0,0,69.1,0,1,1,0.6651782,3682
0,0,0,1,4,0,1,57.20000076293945,223.75,0,1,0,0,1,0,1,0,1,0,0,0,1,0,1,0,0,0,0,0,1,5,55.9375,0,0,0,0.4648348,4933
1,0,0,0,1,1,0,20.299999237060547,20.3,0,0,0,1,0,1,0,1,0,1,0,1,0,1,0,1,0,0,0,0,1,0,20.3,0,0,1,0.55142784,3312
1,0,1,1,11,1,1,74.3499984741211,834.2,1,0,1,0,0,0,0,0,0,0,0,0,0,0,0,0,0,0,0,1,0,0,75.83636363636364,0,1,1,0.603926,5003
1,0,1,1,4,1,0,61.45000076293945,229.55,0,0,0,0,0,0,0,0,0,0,1,0,0,0,1,0,0,0,1,0,0,2,57.3875,0,1,1,0.534076,3448
0,1,0,0,8,1,0,19.649999618530273,164.3,0,0,0,1,0,1,0,1,0,1,0,1,0,1,0,1,0,0,0,1,0,0,20.5375,0,1,1,0.53559256,654
0,0,1,0,6,1,1,90.75,512.25,1,0,1,0,0,0,1,0,0,0,0,0,0,0,1,0,0,0,0,1,0,2,85.375,0,0,1,0.66716,2493
1,0,0,0,72,1,0,92.0,6632.75,1,0,0,0,1,0,1,0,1,0,1,0,1,0,1,0,0,1,0,0,0,6,92.12152777777777,2,0,0,0.2009723,4216
0,0,0,0,27,1,0,52.849998474121094,1498.65,0,0,0,0,1,0,1,0,0,0,0,0,0,0,0,0,0,1,0,0,0,2,55.50555555555556,1,0,0,0.20595346,5721
0,1,0,1,1,1,1,71.0,71.0,0,0,1,0,0,0,0,0,0,0,0,0,0,0,0,0,0,0,0,1,0,0,71.0,0,1,1,0.6150095,2888
0,0,0,0,17,1,0,20.149999618530273,353.65,0,0,0,1,0,1,0,1,0,1,0,1,0,1,0,1,1,0,0,0,1,0,20.802941176470586,1,0,0,0.2327209,3099
1,0,0,0,66,1,0,68.75,4447.55,1,0,0,0,1,0,1,0,1,0,1,0,0,0,0,0,0,1,0,0,0,4,67.38712121212122,2,0,0,0.2009723,2742
1,0,0,0,53,1,0,19.5,1050.5,0,0,0,1,0,1,0,1,0,1,0,1,0,1,0,1,0,1,1,0,0,0,19.82075471698113,2,0,0,0.19847946,4781
1,0,1,0,44,1,1,84.80000305175781,3626.35,1,0,1,0,1,0,0,0,1,0,0,0,0,0,0,0,0,0,1,0,0,2,82.41704545454546,2,0,1,0.5731824,7024
1,0,1,1,52,1,1,20.850000381469727,1071.6,0,0,0,1,0,1,0,1,0,1,0,1,0,1,0,1,1,0,1,0,0,0,20.607692307692307,2,0,0,0.22875902,2982
1,1,1,0,70,1,0,90.05000305175781,6333.4,1,0,0,0,1,0,1,0,1,0,1,0,1,0,1,0,0,1,1,0,0,6,90.47714285714285,2,0,0,0.2009723,3547
0,0,0,0,1,1,1,25.75,25.75,1,0,0,1,0,1,0,1,0,1,0,1,0,1,0,1,0,0,0,0,1,0,25.75,0,0,1,0.53559256,4275
1,0,1,0,61,1,1,94.0999984741211,5638.3,1,0,1,0,0,0,1,0,0,0,1,0,1,0,0,0,0,1,0,1,0,3,92.43114754098362,2,1,0,0.22073014,3803
1,0,1,1,19,1,1,100.94999694824219,1875.55,1,0,1,0,0,0,0,0,0,0,1,0,1,0,1,0,1,0,0,1,0,3,98.71315789473684,1,1,0,0.40084222,3287
0,0,1,1,11,1,0,20.600000381469727,233.9,0,0,0,1,0,1,0,1,0,1,0,1,0,1,0,1,1,0,0,0,1,0,21.263636363636365,0,0,0,0.22928555,164
1,0,0,0,26,1,1,85.75,2146.5,0,0,1,0,0,0,1,0,0,0,0,0,1,0,0,0,0,0,0,1,0,2,82.5576923076923,1,0,1,0.64827424,2868
0,0,0,0,60,1,0,19.850000381469727,1128.1,0,0,0,1,0,1,0,1,0,1,0,1,0,1,0,1,0,1,0,0,0,0,18.801666666666666,2,0,0,0.19847946,1546
1,0,0,0,1,1,1,84.8499984741211,84.85,0,0,1,0,0,0,0,0,1,0,0,0,1,0,0,0,0,0,0,1,0,2,84.85,0,1,1,0.6651782,5943
1,0,0,0,26,1,1,92.4000015258789,2349.8,1,0,1,0,1,0,1,0,0,0,0,0,1,0,0,0,0,0,1,0,0,3,90.37692307692308,1,0,1,0.5696498,6393
1,1,0,0,24,1,1,80.5,2088.45,1,0,1,0,0,0,1,0,0,0,0,0,0,0,0,0,0,0,0,1,0,1,87.01875,1,0,1,0.64827424,4139
1,0,1,1,22,1,1,100.05000305175781,2090.25,0,0,1,0,0,0,1,0,1,0,0,0,1,0,1,0,1,0,0,0,1,4,95.01136363636364,1,0,0,0.38858125,6898
0,0,1,0,51,1,1,98.8499984741211,4947.55,1,0,1,0,0,0,0,0,1,0,0,0,1,0,1,0,1,0,0,1,0,3,97.0107843137255,2,0,0,0.41024268,6974
1,1,1,0,61,1,1,85.55000305175781,5251.75,1,0,1,0,0,0,1,0,0,0,1,0,0,0,0,0,1,0,0,0,0,2,86.09426229508196,2,0,0,0.2825308,5412
1,0,1,0,44,0,0,54.29999923706055,2390.45,0,1,0,0,0,0,1,0,1,0,0,0,1,0,1,0,0,1,0,0,0,4,54.32840909090908,2,0,0,0.20943157,5066
0,0,1,1,0,1,0,80.8499984741211,0.0,0,0,0,0,1,0,1,0,1,0,0,0,1,0,1,0,0,1,0,0,1,5,0.0,0,0,0,0.20827763,936
0,0,0,0,5,1,1,75.6500015258789,399.45,0,0,1,0,0,0,0,0,0,0,1,0,0,0,0,0,0,0,0,0,1,1,79.89,0,0,1,0.6305211,5119
0,0,1,0,1,1,0,78.80000305175781,78.8,0,0,1,0,0,0,0,0,0,0,0,0,1,0,0,0,0,0,0,1,0,1,78.8,0,1,1,0.66716,3906
1,0,0,0,26,1,0,61.54999923706055,1581.95,1,0,0,0,1,0,1,0,0,0,0,0,0,0,0,0,1,0,0,1,0,2,60.84423076923077,1,0,0,0.24047415,3394
0,0,0,0,15,1,1,84.3499984741211,1302.65,1,0,1,0,1,0,0,0,1,0,0,0,0,0,0,0,0,0,1,0,0,2,86.84333333333333,1,0,1,0.5731824,2650
1,0,1,0,4,1,1,80.3499984741211,307.4,0,0,1,0,0,0,0,0,0,0,0,0,1,0,0,0,0,0,0,1,0,1,76.85,0,1,1,0.6651782,3763
1,0,1,0,12,1,1,84.5999984741211,959.9,0,0,1,0,1,0,1,0,1,0,0,0,0,0,0,0,0,0,0,1,0,3,79.99166666666666,0,0,1,0.569269,4733
1,0,0,1,1,1,1,49.900001525878906,49.9,0,0,0,0,0,0,0,0,0,0,1,0,0,0,0,0,0,0,0,0,1,1,49.9,0,1,1,0.534076,6339
1,0,1,1,22,1,1,57.95000076293945,1271.8,0,0,0,0,1,0,1,0,0,0,1,0,0,0,0,0,0,0,0,0,1,3,57.809090909090905,1,0,0,0.41242892,4390
1,0,1,0,49,0,0,49.650001525878906,2409.9,0,1,0,0,0,0,1,0,0,0,0,0,1,0,1,0,0,1,1,0,0,3,49.18163265306123,2,0,0,0.20943157,2919
1,0,0,0,13,1,0,19.75,265.75,0,0,0,1,0,1,0,1,0,1,0,1,0,1,0,1,0,1,0,0,1,0,20.442307692307693,1,0,0,0.19847946,5592
0,0,1,0,66,1,1,90.55000305175781,6130.95,1,0,1,0,0,0,1,0,1,0,1,0,0,0,0,0,1,0,0,0,0,3,92.89318181818182,2,0,0,0.29946464,1738
1,0,1,0,62,0,1,39.0,2337.45,0,1,0,0,0,0,0,0,0,0,1,0,1,0,0,0,0,1,0,0,0,2,37.7008064516129,2,0,0,0.20438793,866
1,0,1,1,66,1,1,63.29999923706055,4189.7,1,0,0,0,0,0,0,0,1,0,0,0,1,0,0,0,0,1,0,0,0,2,63.48030303030303,2,0,0,0.20011461,700
0,0,0,0,3,0,0,35.20000076293945,108.95,0,1,0,0,0,0,0,0,0,0,0,0,1,0,0,0,0,0,1,0,0,1,36.31666666666667,0,1,1,0.6180582,3905
1,0,0,0,63,1,0,68.80000305175781,4111.35,1,0,0,0,1,0,1,0,1,0,1,0,0,0,0,0,1,0,0,0,0,4,65.25952380952381,2,0,0,0.23490511,1289
1,0,1,1,15,1,0,19.350000381469727,278.85,0,0,0,1,0,1,0,1,0,1,0,1,0,1,0,1,0,1,0,0,1,0,18.59,1,0,0,0.1970722,2568
0,0,1,0,43,1,1,94.0999984741211,4107.3,1,0,1,0,1,0,1,0,0,0,0,0,0,0,1,0,0,0,0,1,0,3,95.51860465116279,2,0,1,0.5726695,2783
1,1,0,0,65,1,1,109.05000305175781,7108.2,1,0,1,0,1,0,0,0,1,0,1,0,1,0,1,0,0,1,0,1,0,5,109.35692307692307,2,0,0,0.3448234,1775
0,0,0,0,2,1,1,85.69999694824219,169.8,1,0,1,0,0,0,0,0,0,0,0,0,0,0,1,0,0,0,0,1,0,1,84.9,0,1,1,0.66716,2729
0,0,0,0,14,1,0,50.099998474121094,709.5,0,0,0,0,1,0,0,0,0,0,0,0,0,0,0,0,0,0,0,0,0,1,50.67857142857143,1,0,1,0.5128456,4061
0,0,1,1,68,1,1,109.05000305175781,7508.55,1,0,1,0,1,0,0,0,1,0,1,0,1,0,1,0,0,1,0,0,0,5,110.41985294117647,2,0,0,0.34221447,1586
1,0,0,0,20,1,1,19.600000381469727,356.15,0,0,0,1,0,1,0,1,0,1,0,1,0,1,0,1,0,0,1,0,0,0,17.807499999999997,1,0,1,0.5317824,5551
0,0,1,1,57,1,0,65.19999694824219,3687.85,1,0,0,0,1,0,1,0,0,0,1,0,0,0,0,0,0,0,0,0,0,3,64.69912280701755,2,0,0,0.41242892,2333
1,0,0,0,72,1,1,19.799999237060547,1468.75,0,0,0,1,0,1,0,1,0,1,0,1,0,1,0,1,0,1,1,0,0,0,20.399305555555557,2,0,0,0.19847946,405
1,0,0,0,6,1,1,84.4000015258789,556.35,0,0,1,0,0,0,1,0,0,0,0,0,0,0,1,0,0,0,0,1,0,2,92.72500000000001,0,1,1,0.6651782,3067
1,0,0,0,53,1,1,73.9000015258789,3958.25,1,0,0,0,0,0,1,0,1,0,1,0,0,0,1,0,0,1,0,0,0,4,74.68396226415095,2,0,0,0.2009723,163
0,0,1,1,57,1,1,70.0999984741211,3913.3,0,0,0,0,1,0,0,0,0,0,0,0,1,0,1,0,1,0,0,0,0,3,68.65438596491228,2,1,0,0.25375235,3834
1,0,0,0,1,1,1,20.100000381469727,20.1,0,0,0,1,0,1,0,1,0,1,0,1,0,1,0,1,0,0,0,0,1,0,20.1,0,1,1,0.55142784,3679
1,0,0,0,15,1,1,49.0,749.25,1,0,0,0,0,0,0,0,0,0,0,0,0,0,0,0,0,0,0,1,0,0,49.95,1,0,1,0.60036904,3762
0,1,0,0,40,1,1,79.19999694824219,3233.85,0,0,1,0,1,0,1,0,0,0,0,0,0,0,0,0,0,0,1,0,0,2,80.84625,2,1,1,0.56058204,6740
1,0,0,0,71,0,0,53.95000076293945,3888.65,0,1,0,0,1,0,1,0,1,0,1,0,1,0,0,0,0,1,0,0,0,5,54.76971830985916,2,0,0,0.20438793,2899
0,1,1,0,13,0,0,45.29999923706055,528.45,0,1,0,0,0,0,0,0,0,0,0,0,1,0,1,0,0,0,0,1,0,2,40.650000000000006,1,0,1,0.60542923,6727
0,0,1,0,72,1,1,91.1500015258789,6637.9,1,0,0,0,1,0,1,0,1,0,1,0,1,0,1,0,0,1,0,0,0,6,92.19305555555555,2,0,0,0.2009723,4267
0,0,1,1,52,1,1,95.69999694824219,4976.15,1,0,1,0,0,0,1,0,1,0,0,0,1,0,0,0,1,0,1,0,0,3,95.6951923076923,2,0,0,0.31292802,3449
0,0,1,0,63,1,1,81.1500015258789,5224.5,0,0,1,0,1,0,0,0,1,0,0,0,0,0,0,0,1,0,1,0,0,2,82.92857142857143,2,0,0,0.25117996,6872
1,0,0,0,29,1,0,19.100000381469727,529.5,0,0,0,1,0,1,0,1,0,1,0,1,0,1,0,1,1,0,0,0,1,0,18.25862068965517,1,0,0,0.2327209,3781
0,0,0,0,29,1,0,100.55000305175781,2878.75,1,0,1,0,0,0,0,0,1,0,0,0,1,0,1,0,0,0,0,0,0,3,99.26724137931035,1,0,1,0.65988576,2604
1,0,0,0,3,1,1,20.75,67.1,0,0,0,1,0,1,0,1,0,1,0,1,0,1,0,1,0,0,1,0,0,0,22.366666666666664,0,0,1,0.53252476,1878
1,0,1,1,19,1,0,20.600000381469727,414.95,0,0,0,1,0,1,0,1,0,1,0,1,0,1,0,1,0,0,0,0,1,0,21.839473684210525,1,0,0,0.47295085,2999
1,0,1,1,61,1,1,99.9000015258789,6241.35,1,0,1,0,0,0,0,0,1,0,0,0,1,0,1,0,1,0,0,1,0,3,102.31721311475411,2,0,0,0.4061821,6181
0,0,0,0,10,1,0,54.25,583.0,0,0,0,0,0,0,0,0,1,0,1,0,0,0,0,0,0,0,0,1,0,2,58.3,0,0,1,0.582423,3658
0,0,1,0,67,1,1,109.69999694824219,7344.45,1,0,1,0,0,0,1,0,1,0,1,0,1,0,1,0,1,0,1,0,0,5,109.6186567164179,2,0,0,0.39689916,4838
1,0,0,0,42,1,1,19.549999237060547,839.4,0,0,0,1,0,1,0,1,0,1,0,1,0,1,0,1,1,0,0,0,1,0,19.985714285714284,2,0,0,0.2327209,1104
0,0,0,0,1,1,1,75.69999694824219,75.7,0,0,1,0,0,0,1,0,0,0,0,0,0,0,0,0,0,0,0,1,0,1,75.7,0,1,1,0.66716,5706
0,0,0,0,5,1,1,84.0,424.75,1,0,1,0,0,0,0,0,0,0,0,0,1,0,0,0,0,0,0,1,0,1,84.95,0,0,1,0.66716,2350
0,0,0,0,20,1,0,19.5,403.15,0,0,0,1,0,1,0,1,0,1,0,1,0,1,0,1,1,0,0,0,1,0,20.1575,1,0,0,0.2327209,5642
1,1,0,0,1,1,1,69.5,69.5,0,0,1,0,0,0,0,0,0,0,0,0,0,0,0,0,0,0,0,0,0,0,69.5,0,1,1,0.6651782,2517
1,0,0,0,6,1,1,78.94999694824219,494.95,0,0,1,0,1,0,1,0,0,0,0,0,0,0,0,0,0,0,0,1,0,2,82.49166666666666,0,0,1,0.569269,4705
1,0,0,0,34,1,1,106.3499984741211,3549.25,1,0,1,0,0,0,1,0,1,0,0,0,1,0,1,0,0,0,0,1,0,4,104.38970588235294,1,1,1,0.64827424,38
1,0,0,0,21,1,0,19.600000381469727,390.4,0,0,0,1,0,1,0,1,0,1,0,1,0,1,0,1,0,1,0,0,1,0,18.59047619047619,1,0,0,0.19847946,1975
1,0,0,0,46,1,0,108.6500015258789,4903.2,1,0,1,0,0,0,1,0,1,0,1,0,1,0,1,0,0,1,0,1,0,5,106.59130434782608,2,0,0,0.33332264,603
1,0,1,1,34,1,1,97.69999694824219,3410.0,1,0,1,0,0,0,1,0,0,0,0,0,1,0,1,0,0,0,0,0,0,3,100.29411764705883,1,0,1,0.58585507,2305
1,0,0,1,29,0,1,45.0,1242.45,0,1,0,0,1,0,1,0,1,0,1,0,0,0,0,0,0,0,0,0,1,4,42.84310344827586,1,0,0,0.41756022,6779
1,0,1,1,27,1,1,80.6500015258789,2209.75,0,0,1,0,1,0,1,0,0,0,0,0,0,0,0,0,1,0,1,0,0,2,81.8425925925926,1,0,0,0.2367975,4932
0,0,1,1,72,1,0,89.80000305175781,6510.45,1,0,0,0,1,0,1,0,1,0,1,0,1,0,1,0,0,1,1,0,0,6,90.42291666666667,2,0,0,0.20180753,849
0,0,0,0,42,1,0,54.54999923706055,2455.05,0,0,0,0,1,0,0,0,1,0,0,0,0,0,0,0,0,0,1,0,0,2,58.453571428571436,2,0,1,0.509765,3720
0,1,0,0,27,1,1,78.05000305175781,2135.5,1,0,1,0,0,0,0,0,1,0,0,0,0,0,0,0,0,0,0,1,0,1,79.0925925925926,1,1,1,0.65988576,126
1,0,1,0,66,1,1,66.0999984741211,4428.45,1,0,0,0,1,0,1,0,1,0,0,0,0,0,0,0,0,1,1,0,0,3,67.09772727272727,2,0,0,0.20595346,4415
0,0,0,0,2,1,1,75.55000305175781,166.3,1,0,1,0,0,0,0,0,0,0,0,0,0,0,0,0,0,0,0,1,0,0,83.15,0,1,1,0.66716,4638
1,0,0,0,32,1,1,96.19999694824219,3183.4,0,0,1,0,0,0,0,0,0,0,1,0,1,0,1,0,0,0,0,1,0,3,99.48125,1,1,1,0.6228987,3550
1,1,0,0,14,1,1,74.94999694824219,1036.75,1,0,1,0,0,0,0,0,0,0,0,0,0,0,0,0,0,0,0,1,0,0,74.05357142857143,1,1,1,0.65988576,3006
1,0,0,0,19,1,0,89.94999694824219,1682.4,0,0,1,0,0,0,0,0,1,0,1,0,1,0,0,0,0,0,0,0,1,3,88.54736842105264,1,0,1,0.6228987,3907
1,0,0,1,48,1,1,64.4000015258789,3035.35,1,0,0,0,1,0,1,0,1,0,0,0,0,0,0,0,1,0,0,0,0,3,63.23645833333333,2,0,0,0.23154294,4870
1,0,0,0,4,1,1,73.9000015258789,280.85,0,0,1,0,0,0,0,0,1,0,0,0,0,0,0,0,0,0,0,1,0,1,70.2125,0,1,1,0.6651782,3845
1,1,1,0,57,1,1,89.8499984741211,4925.35,1,0,1,0,0,0,1,0,0,0,0,0,0,0,1,0,0,0,0,1,0,2,86.40964912280702,2,0,1,0.64827424,262
1,0,1,1,58,1,1,75.19999694824219,4300.8,0,0,0,0,0,0,1,0,0,0,1,0,1,0,1,0,1,0,1,0,0,4,74.15172413793104,2,0,0,0.27220964,4871
0,1,1,0,56,1,1,68.44999694824219,4014.0,1,0,0,0,1,0,1,0,1,0,1,0,0,0,0,0,1,0,1,0,0,4,71.67857142857143,2,0,0,0.2326966,6902
0,0,1,1,69,1,0,19.75,1375.4,0,0,0,1,0,1,0,1,0,1,0,1,0,1,0,1,0,1,0,0,0,0,19.933333333333334,2,0,0,0.1970722,192
1,0,1,1,10,0,0,53.70000076293945,521.0,0,1,0,0,1,0,1,0,1,0,1,0,0,0,1,0,0,1,1,0,0,5,52.1,0,0,0,0.20572063,6220
0,0,1,1,3,1,1,80.0,241.3,0,0,1,0,0,0,1,0,0,0,1,0,0,0,0,0,0,0,0,1,0,2,80.43333333333334,0,0,1,0.5837631,3306
1,0,0,0,35,1,0,26.200000762939453,954.9,1,0,0,1,0,1,0,1,0,1,0,1,0,1,0,1,1,0,0,0,0,0,27.282857142857143,1,0,0,0.2327209,1798
0,0,1,1,11,1,1,19.25,180.3,0,0,0,1,0,1,0,1,0,1,0,1,0,1,0,1,0,0,0,0,1,0,16.39090909090909,0,1,0,0.47369415,3371
1,0,1,0,56,1,1,100.55000305175781,5514.95,1,0,1,0,1,0,0,0,0,0,0,0,1,0,1,0,1,0,0,1,0,3,98.48125,2,0,0,0.40405592,1517
1,0,1,1,51,1,1,24.950000762939453,1222.25,1,0,0,1,0,1,0,1,0,1,0,1,0,1,0,1,0,1,0,0,1,0,23.965686274509803,2,0,0,0.1970722,4438
1,1,0,0,36,1,1,90.8499984741211,3186.7,1,0,1,0,1,0,0,0,0,0,0,0,1,0,0,0,0,0,0,1,0,2,88.51944444444445,1,1,1,0.5761957,4912
1,0,0,1,5,1,0,20.450000762939453,106.9,0,0,0,1,0,1,0,1,0,1,0,1,0,1,0,1,0,1,0,0,1,0,21.380000000000003,0,0,0,0.19754447,3242
1,0,1,1,1,1,0,20.399999618530273,20.4,0,0,0,1,0,1,0,1,0,1,0,1,0,1,0,1,1,0,0,0,1,0,20.4,0,0,0,0.24572214,2993
1,1,1,0,7,1,1,74.4000015258789,527.9,1,0,1,0,0,0,0,0,0,0,0,0,0,0,0,0,0,0,0,0,1,0,75.41428571428571,0,1,1,0.6651782,2168
1,0,1,0,69,1,1,53.650001525878906,3804.4,0,0,0,0,1,0,1,0,0,0,0,0,0,0,0,0,1,0,1,0,0,2,55.13623188405797,2,0,0,0.23822962,6637
1,0,1,1,22,1,1,67.5,1544.05,0,0,0,0,1,0,0,0,1,0,1,0,1,0,0,0,1,0,0,0,0,4,70.18409090909091,1,1,0,0.23154294,4078
0,0,0,0,63,1,0,24.200000762939453,1618.2,1,0,0,1,0,1,0,1,0,1,0,1,0,1,0,1,0,1,0,0,1,0,25.685714285714287,2,0,0,0.19847946,6655
0,0,1,1,55,1,1,75.75,4264.25,1,0,0,0,1,0,1,0,0,0,1,0,0,0,1,0,1,0,0,0,0,4,77.53181818181818,2,0,0,0.25575393,3711
0,0,0,0,3,1,0,57.54999923706055,161.45,0,0,0,0,0,0,0,0,1,0,0,0,1,0,0,0,0,0,0,1,0,2,53.81666666666666,0,0,1,0.6209642,3960
1,0,1,1,67,1,0,81.3499984741211,5398.6,0,0,0,0,1,0,1,0,1,0,0,0,1,0,1,0,0,1,1,0,0,5,80.57611940298509,2,0,0,0.20180753,904
0,0,0,0,3,0,0,25.25,58.9,0,1,0,0,0,0,0,0,0,0,0,0,0,0,0,0,0,0,0,1,0,0,19.633333333333333,0,1,1,0.6209642,4898
1,0,0,0,1,1,0,19.75,19.75,0,0,0,1,0,1,0,1,0,1,0,1,0,1,0,1,0,0,0,0,1,0,19.75,0,0,1,0.55142784,128
1,0,0,0,16,1,1,89.05000305175781,1448.6,1,0,1,0,0,0,0,0,0,0,1,0,0,0,1,0,0,0,1,0,0,2,90.5375,1,1,1,0.61999846,3726
1,0,0,1,62,1,1,104.05000305175781,6590.5,1,0,1,0,0,0,0,0,1,0,1,0,1,0,1,0,0,1,0,1,0,4,106.29838709677419,2,0,0,0.39015126,4186
0,0,0,0,8,1,1,65.5,573.15,1,0,0,0,1,0,1,0,1,0,0,0,0,0,0,0,0,0,0,0,0,3,71.64375,0,0,1,0.52150065,5222
1,0,0,1,9,1,0,20.100000381469727,190.25,0,0,0,1,0,1,0,1,0,1,0,1,0,1,0,1,1,0,0,0,1,0,21.13888888888889,0,0,0,0.22928555,3703
0,0,1,0,6,1,0,19.5,146.3,0,0,0,1,0,1,0,1,0,1,0,1,0,1,0,1,0,0,0,0,0,0,24.383333333333336,0,1,1,0.53559256,5311
0,0,0,0,28,1,0,59.0,1654.45,1,0,0,0,1,0,0,0,1,0,0,0,0,0,0,0,1,0,0,0,1,2,59.0875,1,0,0,0.24047415,4017
1,0,0,0,26,1,0,19.399999618530273,525.55,0,0,0,1,0,1,0,1,0,1,0,1,0,1,0,1,1,0,0,0,1,0,20.213461538461537,1,0,0,0.2327209,6490
1,0,1,1,38,1,1,101.1500015258789,3956.7,1,0,1,0,0,0,0,0,1,0,0,0,1,0,1,0,0,0,1,0,0,3,104.1236842105263,2,0,1,0.5982501,2222
0,0,0,0,18,1,1,50.29999923706055,913.3,1,0,0,0,0,0,0,0,0,0,0,0,0,0,0,0,0,0,0,1,0,0,50.73888888888889,1,0,1,0.60036904,5415
0,0,1,1,3,0,1,31.0,95.05,0,1,0,0,0,0,0,0,0,0,1,0,0,0,0,0,0,0,0,0,1,1,31.683333333333334,0,1,1,0.5287872,2962
1,0,1,0,3,0,0,25.0,78.25,0,1,0,0,0,0,0,0,0,0,0,0,0,0,0,0,0,0,0,0,1,0,26.083333333333332,0,0,1,0.6209642,5631
1,0,1,0,70,1,0,72.94999694824219,5265.55,1,0,0,0,0,0,1,0,1,0,1,0,1,0,0,0,0,1,0,0,0,4,75.22214285714286,2,0,0,0.2009723,6577
1,0,1,1,67,1,1,69.3499984741211,4653.25,1,0,0,0,1,0,1,0,1,0,1,0,0,0,0,0,1,0,1,0,0,4,69.45149253731343,2,0,0,0.23154294,6429
1,0,0,1,71,1,0,24.350000381469727,1654.6,1,0,0,1,0,1,0,1,0,1,0,1,0,1,0,1,0,1,0,0,1,0,23.304225352112674,2,0,0,0.1970722,3982
1,0,0,1,16,1,1,69.0999984741211,1083.7,1,0,0,0,1,0,1,0,0,0,0,0,0,0,1,0,0,0,0,1,0,3,67.73125,1,0,0,0.49048752,1893
0,0,1,1,10,1,1,65.5,616.9,0,0,0,0,0,0,1,0,0,0,1,0,0,0,1,0,0,0,0,1,0,3,61.69,0,0,1,0.5220646,5302
1,0,0,0,1,1,1,90.8499984741211,90.85,1,0,1,0,0,0,1,0,0,0,0,0,0,0,1,0,0,0,1,0,0,2,90.85,0,1,1,0.6624268,383
1,0,1,1,12,1,1,56.29999923706055,628.65,0,0,0,0,0,0,0,0,0,0,0,0,1,0,0,0,0,0,0,0,1,1,52.387499999999996,0,0,1,0.5544073,3227
0,0,0,0,5,1,0,53.849998474121094,259.8,0,0,0,0,1,0,0,0,0,0,1,0,0,0,0,0,0,0,1,0,0,2,51.96,0,1,0,0.4782169,6137
0,1,1,0,40,1,1,99.19999694824219,4062.2,0,0,1,0,0,0,1,0,0,0,1,0,1,0,1,0,1,0,1,0,0,4,101.55499999999999,2,1,0,0.39160082,5105
1,1,1,0,21,1,1,64.94999694824219,1339.8,0,0,0,0,1,0,1,0,0,0,0,0,0,0,1,0,0,0,0,0,0,3,63.8,1,0,1,0.5128456,277
1,0,0,0,9,1,1,68.25,576.95,0,0,0,0,1,0,0,0,1,0,1,0,0,0,1,0,0,0,0,0,0,4,64.10555555555555,0,0,1,0.51194155,3936
0,0,1,0,7,1,1,50.29999923706055,355.1,0,0,0,0,1,0,0,0,0,0,0,0,0,0,0,0,0,0,0,0,0,1,50.728571428571435,0,0,1,0.52150065,5029
0,0,0,0,38,1,0,20.049999237060547,678.2,0,0,0,1,0,1,0,1,0,1,0,1,0,1,0,1,1,0,0,0,1,0,17.847368421052632,2,0,0,0.2327209,2558
1,0,0,0,1,1,1,50.5,50.5,0,0,0,0,0,0,0,0,1,0,0,0,0,0,0,0,0,0,0,1,0,1,50.5,0,1,1,0.6209642,6434
1,0,0,0,7,1,1,74.9000015258789,490.55,0,0,1,0,0,0,0,0,1,0,0,0,0,0,0,0,0,0,0,1,0,1,70.07857142857144,0,0,1,0.6651782,2447
0,0,0,0,2,1,1,70.94999694824219,137.95,0,0,1,0,0,0,0,0,0,0,0,0,0,0,0,0,0,0,0,1,0,0,68.975,0,1,1,0.66716,4862
0,0,0,0,56,1,1,19.549999237060547,1080.55,0,0,0,1,0,1,0,1,0,1,0,1,0,1,0,1,0,1,0,0,0,0,19.295535714285712,2,0,0,0.19847946,3401
0,0,1,0,6,1,0,50.349998474121094,314.55,1,0,0,0,0,0,0,0,0,0,0,0,0,0,0,0,0,0,0,1,0,0,52.425000000000004,0,0,1,0.6209642,4355
0,0,0,0,63,1,0,58.54999923706055,3503.5,0,0,0,0,0,0,0,0,1,0,0,0,0,0,1,0,1,0,1,0,0,2,55.611111111111114,2,0,0,0.27752453,1768
0,0,0,0,64,1,1,110.5,7069.25,1,0,1,0,0,0,1,0,1,0,1,0,1,0,1,0,0,1,1,0,0,5,110.45703125,2,0,0,0.33332264,2508
1,0,1,0,29,0,1,45.900001525878906,1332.4,0,1,0,0,0,0,0,0,0,0,0,0,1,0,1,0,0,0,0,1,0,2,45.9448275862069,1,0,1,0.60542923,3955
1,0,0,0,32,1,1,85.6500015258789,2664.3,1,0,1,0,0,0,0,0,0,0,0,0,0,0,1,0,0,0,0,0,0,1,83.259375,1,0,1,0.65988576,717
0,1,0,0,2,1,1,84.05000305175781,186.05,1,0,1,0,0,0,0,0,0,0,0,0,0,0,1,0,0,0,0,1,0,1,93.025,0,0,1,0.66716,3346
1,0,1,0,60,1,1,94.4000015258789,5610.25,0,0,1,0,0,0,1,0,0,0,0,0,1,0,1,0,1,0,0,1,0,3,93.50416666666666,2,1,0,0.35334575,1171
1,0,0,0,22,1,0,65.05000305175781,1427.55,1,0,0,0,1,0,1,0,1,0,0,0,0,0,0,0,0,0,0,0,1,3,64.88863636363637,1,0,1,0.5128456,4630
1,0,0,0,11,0,1,35.650001525878906,425.1,0,1,0,0,0,0,1,0,0,0,1,0,0,0,0,0,0,0,0,1,0,2,38.64545454545455,0,0,1,0.582423,1703
1,1,1,0,57,1,1,90.6500015258789,5199.8,0,0,1,0,0,0,1,0,1,0,0,0,1,0,0,0,1,0,0,1,0,3,91.22456140350877,2,0,0,0.30126154,2457
1,0,0,0,1,1,1,44.150001525878906,44.15,0,0,0,0,0,0,0,0,0,0,0,0,0,0,0,0,0,0,0,0,1,0,44.15,0,1,1,0.6209642,3350
0,0,0,0,62,1,1,19.200000762939453,1123.65,0,0,0,1,0,1,0,1,0,1,0,1,0,1,0,1,0,1,1,0,0,0,18.123387096774195,2,0,0,0.19847946,5149
0,0,1,0,47,1,1,98.75,4533.7,1,0,1,0,1,0,1,0,1,0,0,0,1,0,0,0,0,0,0,1,0,4,96.46170212765956,2,1,1,0.5726695,2012
0,0,1,1,61,1,0,88.0999984741211,5526.75,1,0,0,0,1,0,1,0,1,0,1,0,1,0,1,0,0,1,0,0,1,6,90.60245901639344,2,0,0,0.20180753,265
0,0,0,0,3,1,1,70.1500015258789,194.2,0,0,1,0,0,0,0,0,0,0,0,0,0,0,0,0,0,0,0,1,0,0,64.73333333333333,0,0,1,0.66716,1206
1,0,1,1,64,1,0,81.05000305175781,5135.35,0,0,1,0,1,0,1,0,0,0,0,0,0,0,0,0,0,0,0,1,0,2,80.23984375,2,0,0,0.49781176,2763
0,0,1,1,6,1,1,94.05000305175781,518.75,1,0,1,0,0,0,1,0,1,0,0,0,1,0,0,0,0,0,0,0,1,3,86.45833333333333,0,0,1,0.6060556,3822
0,0,1,1,56,1,0,20.049999237060547,1090.1,0,0,0,1,0,1,0,1,0,1,0,1,0,1,0,1,0,1,0,0,1,0,19.46607142857143,2,0,0,0.1970722,2550
0,0,1,1,27,1,0,49.849998474121094,1336.15,0,0,0,0,0,0,1,0,0,0,0,0,0,0,0,0,0,0,0,0,1,1,49.48703703703704,1,0,1,0.53291583,5122
0,0,1,0,46,0,0,45.54999923706055,2062.15,0,1,0,0,1,0,1,0,0,0,0,0,1,0,0,0,0,0,0,1,0,3,44.82934782608696,2,0,1,0.5181246,4521
1,1,0,0,1,1,0,45.099998474121094,45.1,0,0,0,0,0,0,0,0,0,0,0,0,0,0,0,0,0,0,0,1,0,0,45.1,0,1,1,0.6209642,1834
1,0,0,0,11,1,0,20.399999618530273,231.45,0,0,0,1,0,1,0,1,0,1,0,1,0,1,0,1,0,1,0,0,1,0,21.04090909090909,0,0,0,0.19895425,3708
1,0,1,0,32,1,1,98.8499984741211,3145.9,1,0,1,0,0,0,1,0,0,0,0,0,1,0,1,0,0,0,1,0,0,3,98.309375,1,0,1,0.6454581,1114
1,0,0,0,4,1,0,77.8499984741211,299.2,0,0,1,0,0,0,0,0,0,0,0,0,1,0,0,0,0,0,0,1,0,1,74.8,0,1,1,0.6651782,3081
1,0,0,0,24,1,1,55.650001525878906,1400.55,1,0,0,0,1,0,0,0,0,0,0,0,0,0,0,0,0,0,0,0,0,1,58.356249999999996,1,1,1,0.5128456,5871
1,0,0,0,35,1,1,108.94999694824219,4025.5,1,0,1,0,1,0,0,0,1,0,1,0,1,0,1,0,0,1,0,1,0,5,115.01428571428572,1,0,0,0.3448234,5999
0,0,0,1,46,1,1,105.19999694824219,4822.85,0,0,1,0,1,0,1,0,0,0,1,0,1,0,1,0,1,0,0,0,0,5,104.8445652173913,2,1,0,0.3772829,3534
1,0,1,1,1,1,1,70.0,70.0,0,0,1,0,0,0,0,0,0,0,0,0,0,0,0,0,0,0,0,1,0,0,70.0,0,1,1,0.61289734,4640
0,0,1,0,72,1,1,110.1500015258789,7881.2,1,0,1,0,1,0,0,0,1,0,1,0,1,0,1,0,0,1,1,0,0,5,109.46111111111111,2,0,0,0.22117387,5102
0,1,1,0,63,1,1,103.5,6479.4,1,0,1,0,0,0,1,0,1,0,0,0,1,0,1,0,0,0,0,1,0,4,102.84761904761905,2,0,1,0.64827424,7023
0,0,1,0,21,1,1,86.5,1808.7,1,0,1,0,0,0,0,0,0,0,0,0,0,0,1,0,0,0,0,1,0,1,86.12857142857143,1,1,1,0.65988576,4393
1,0,1,1,37,0,1,40.20000076293945,1525.35,0,1,0,0,1,0,0,0,1,0,1,0,0,0,0,0,1,0,0,1,0,3,41.225675675675674,2,0,0,0.23532511,6985
1,0,0,0,55,1,1,100.9000015258789,5552.05,0,0,1,0,1,0,1,0,0,0,0,0,1,0,1,0,1,0,0,0,1,4,100.94636363636364,2,0,0,0.3917609,5433
1,0,1,0,14,1,1,66.5999984741211,979.5,1,0,0,0,0,0,0,0,0,0,1,0,1,0,0,0,0,0,1,0,0,2,69.96428571428571,1,0,1,0.55817515,6603
1,0,1,1,53,1,0,71.8499984741211,3827.9,1,0,0,0,1,0,0,0,0,0,1,0,0,0,1,0,0,0,0,1,0,3,72.22452830188679,2,0,0,0.46065903,5838
0,0,1,1,50,1,1,84.1500015258789,4164.4,1,0,0,0,0,0,1,0,1,0,1,0,1,0,1,0,1,0,1,0,0,5,83.288,2,0,0,0.30194807,2181
1,1,1,0,38,1,1,102.5999984741211,4009.2,1,0,1,0,0,0,1,0,1,0,0,0,1,0,1,0,0,0,0,1,0,4,105.50526315789473,2,0,1,0.64827424,1630
0,1,0,0,30,1,1,99.69999694824219,2967.35,1,0,1,0,0,0,1,0,0,0,0,0,1,0,1,0,0,0,0,1,0,3,98.91166666666666,1,1,1,0.64827424,4448
0,0,0,0,28,1,1,59.900001525878906,1654.7,0,0,0,0,1,0,1,0,0,0,1,0,0,0,0,0,1,0,0,1,0,3,59.096428571428575,1,0,0,0.23490511,5507
1,1,1,0,46,0,1,59.900001525878906,2816.65,0,1,0,0,0,0,1,0,1,0,1,0,1,0,1,0,1,0,0,0,0,5,61.231521739130436,2,1,0,0.27807185,5884
0,0,0,0,67,1,0,20.549999237060547,1343.4,0,0,0,1,0,1,0,1,0,1,0,1,0,1,0,1,1,0,0,1,0,0,20.050746268656717,2,0,0,0.2327209,7000
0,0,0,0,1,1,0,45.95000076293945,45.95,0,0,0,0,0,0,0,0,0,0,0,0,0,0,0,0,0,0,0,0,1,0,45.95,0,1,1,0.6209642,1861
1,0,1,0,50,1,0,19.799999237060547,1013.2,0,0,0,1,0,1,0,1,0,1,0,1,0,1,0,1,0,1,0,1,0,0,20.264,2,0,0,0.20514981,4100
0,0,1,0,56,1,1,98.0,5270.6,1,0,1,0,1,0,0,0,0,0,0,0,1,0,1,0,1,0,0,1,0,3,94.11785714285715,2,0,0,0.39872524,5379
1,0,0,0,1,1,0,19.950000762939453,19.95,0,0,0,1,0,1,0,1,0,1,0,1,0,1,0,1,0,0,0,0,1,0,19.95,0,0,1,0.55142784,6107
1,0,1,0,3,0,0,35.099998474121094,101.1,0,1,0,0,1,0,0,0,0,0,1,0,0,0,0,0,0,0,0,0,1,2,33.699999999999996,0,0,0,0.4812939,4603
0,0,1,0,72,1,1,109.55000305175781,8165.1,1,0,1,0,1,0,1,0,1,0,0,0,1,0,1,0,0,1,0,1,0,5,113.40416666666667,2,0,0,0.21480747,2816
0,0,0,0,48,1,1,60.349998474121094,2896.4,0,0,0,0,1,0,0,0,1,0,1,0,0,0,0,0,1,0,1,0,0,3,60.34166666666667,2,1,0,0.2326966,2894
1,0,0,0,9,0,0,39.54999923706055,373.0,0,1,0,0,1,0,1,0,1,0,0,0,0,0,0,0,1,0,0,0,1,3,41.44444444444444,0,0,0,0.24686189,4750
1,0,0,0,19,1,0,69.5999984741211,1394.55,1,0,0,0,0,0,0,0,0,0,0,0,1,0,1,0,0,0,0,0,1,2,73.39736842105263,1,0,1,0.6439853,3162
1,0,1,1,46,1,0,81.0,3846.35,0,0,0,0,1,0,0,0,1,0,1,0,1,0,1,0,0,1,0,0,1,5,83.61630434782609,2,0,0,0.20180753,3088
1,0,1,0,56,1,1,107.25,6033.3,1,0,1,0,0,0,1,0,0,0,1,0,1,0,1,0,1,0,0,1,0,4,107.7375,2,0,0,0.39985391,560
1,0,0,0,35,1,0,83.1500015258789,2848.45,1,0,1,0,0,0,0,0,0,0,0,0,1,0,0,0,0,0,0,1,0,1,81.38428571428571,1,0,1,0.65988576,701
0,0,0,0,25,1,0,19.799999237060547,475.2,0,0,0,1,0,1,0,1,0,1,0,1,0,1,0,1,0,1,1,0,0,0,19.008,1,0,0,0.19847946,5789
0,0,0,0,21,1,1,68.6500015258789,1493.2,0,0,1,0,0,0,0,0,0,0,0,0,0,0,0,0,0,0,0,1,0,0,71.1047619047619,1,0,1,0.645592,3064
1,0,1,1,71,1,0,25.350000381469727,1847.55,1,0,0,1,0,1,0,1,0,1,0,1,0,1,0,1,0,1,1,0,0,0,26.021830985915493,2,0,0,0.1970722,3649
0,0,1,0,1,1,1,79.3499984741211,79.35,0,0,1,0,0,0,0,0,0,0,0,0,1,0,0,0,0,0,0,0,0,1,79.35,0,1,1,0.66716,5826
0,0,0,0,62,1,0,84.5,5193.2,1,0,0,0,0,0,1,0,1,0,1,0,1,0,1,0,0,1,0,0,0,5,83.76129032258065,2,0,0,0.2009723,1292
1,0,1,1,53,1,1,78.75,3942.45,1,0,0,0,0,0,0,0,1,0,1,0,1,0,1,0,1,0,0,0,1,4,74.38584905660377,2,0,0,0.27220964,2522
0,0,0,0,2,1,1,74.9000015258789,136.05,1,0,1,0,0,0,0,0,0,0,0,0,0,0,0,0,0,0,0,0,1,0,68.025,0,0,1,0.66716,6362
1,1,1,0,72,1,1,93.05000305175781,6735.05,1,0,1,0,1,0,1,0,1,0,1,0,0,0,0,0,0,1,0,0,0,4,93.54236111111112,2,0,0,0.20400149,2254
0,0,1,0,24,1,1,79.6500015258789,1928.7,1,0,1,0,0,0,0,0,1,0,0,0,0,0,0,0,0,0,0,0,1,1,80.3625,1,0,1,0.65988576,3632
1,0,0,0,41,1,1,55.70000076293945,2237.55,1,0,0,0,0,0,0,0,1,0,0,0,0,0,0,0,0,0,0,0,0,1,54.57439024390244,2,0,1,0.60036904,6184
0,0,0,1,2,1,1,94.19999694824219,193.8,1,0,1,0,0,0,0,0,0,0,0,0,1,0,1,0,0,0,0,0,0,2,96.9,0,1,1,0.6150095,4678
1,0,0,0,2,1,1,67.75,116.65,0,0,1,0,0,0,0,0,0,0,0,0,0,0,0,0,0,0,0,1,0,0,58.325,0,1,1,0.62263685,4556
1,1,1,0,27,1,1,95.55000305175781,2510.2,1,0,1,0,0,0,1,0,1,0,0,0,0,0,1,0,0,0,0,1,0,3,92.97037037037036,1,1,1,0.64827424,4121
1,1,1,0,53,1,1,101.9000015258789,5549.4,1,0,1,0,0,0,1,0,0,0,0,0,1,0,1,0,0,0,0,1,0,3,104.70566037735848,2,1,1,0.64827424,3411
0,0,0,0,34,1,1,64.4000015258789,2088.75,1,0,0,0,1,0,1,0,0,0,1,0,0,0,0,0,1,0,0,0,1,3,61.43382352941177,1,1,0,0.23490511,2244
1,0,0,0,1,1,1,85.0,85.0,0,0,1,0,0,0,1,0,0,0,0,0,0,0,1,0,0,0,0,1,0,2,85.0,0,0,1,0.6651782,5905
0,0,1,1,48,1,0,19.549999237060547,883.35,0,0,0,1,0,1,0,1,0,1,0,1,0,1,0,1,0,1,0,0,1,0,18.403125,2,0,0,0.1970722,2460
0,1,0,0,3,1,1,75.05000305175781,256.25,1,0,1,0,0,0,0,0,0,0,0,0,0,0,0,0,0,0,1,0,0,0,85.41666666666667,0,1,1,0.6644168,7008
0,0,1,1,71,1,0,64.05000305175781,4492.9,0,0,0,0,1,0,1,0,1,0,1,0,0,0,0,0,0,1,1,0,0,4,63.28028169014084,2,0,0,0.20011461,2221
1,0,0,0,24,1,1,85.94999694824219,2107.15,0,0,1,0,0,0,1,0,1,0,1,0,0,0,0,0,0,0,0,1,0,3,87.79791666666667,1,0,1,0.61076933,2978
0,1,1,0,5,1,0,70.05000305175781,302.6,0,0,1,0,0,0,0,0,0,0,0,0,0,0,0,0,0,0,0,1,0,0,60.52,0,0,1,0.66716,517
0,1,0,0,8,1,1,75.75,606.25,1,0,1,0,0,0,0,0,0,0,0,0,0,0,0,0,0,0,0,1,0,0,75.78125,0,1,1,0.66716,4343
1,0,0,0,15,1,1,19.799999237060547,309.4,0,0,0,1,0,1,0,1,0,1,0,1,0,1,0,1,0,0,0,0,1,0,20.626666666666665,1,0,1,0.5348508,6954
1,1,0,0,2,1,1,74.69999694824219,165.4,0,0,1,0,0,0,1,0,0,0,0,0,0,0,0,0,0,0,0,1,0,1,82.7,0,1,1,0.6651782,1595
0,0,1,1,13,1,1,25.0,332.5,1,0,0,1,0,1,0,1,0,1,0,1,0,1,0,1,0,1,0,0,0,0,25.576923076923077,1,0,0,0.1970722,2565
0,1,1,0,17,1,1,85.3499984741211,1463.45,1,0,1,0,1,0,0,0,1,0,0,0,0,0,0,0,0,0,0,0,0,2,86.08529411764707,1,1,1,0.5761957,1631
1,0,1,0,24,1,1,58.349998474121094,1346.9,1,0,0,0,1,0,0,0,0,0,1,0,0,0,0,0,1,0,0,1,0,2,56.12083333333334,1,0,0,0.23490511,2964
0,0,1,1,50,1,0,20.549999237060547,1070.25,0,0,0,1,0,1,0,1,0,1,0,1,0,1,0,1,0,1,1,0,0,0,21.405,2,0,0,0.1970722,6584
1,0,0,0,57,1,1,74.3499984741211,4317.35,0,0,0,0,1,0,0,0,1,0,0,0,1,0,1,0,0,1,0,0,0,4,75.74298245614035,2,0,0,0.20595346,2791
0,1,0,0,3,0,0,25.299999237060547,77.75,0,1,0,0,0,0,0,0,0,0,0,0,0,0,0,0,0,0,0,1,0,0,25.916666666666668,0,1,1,0.6209642,6864
1,0,0,0,37,1,1,91.1500015258789,3369.25,1,0,1,0,1,0,0,0,0,0,0,0,1,0,0,0,0,0,0,1,0,2,91.0608108108108,2,0,1,0.5761957,3463
0,0,1,0,71,1,0,25.600000381469727,1888.25,1,0,0,1,0,1,0,1,0,1,0,1,0,1,0,1,0,1,1,0,0,0,26.595070422535212,2,0,0,0.19847946,6309
1,0,1,1,72,1,1,66.5,4811.6,1,0,0,0,1,0,0,0,1,0,1,0,0,0,0,0,0,1,1,0,0,3,66.82777777777778,2,0,0,0.20011461,699
1,0,0,1,52,1,0,25.600000381469727,1334.5,1,0,0,1,0,1,0,1,0,1,0,1,0,1,0,1,0,1,1,0,0,0,25.66346153846154,2,0,0,0.1970722,4693
1,0,0,0,4,1,1,19.850000381469727,63.0,0,0,0,1,0,1,0,1,0,1,0,1,0,1,0,1,0,0,0,1,0,0,15.75,0,0,1,0.53559256,5661
1,0,0,0,9,1,1,69.5,653.25,0,0,0,0,1,0,0,0,1,0,1,0,1,0,0,0,0,0,0,0,1,4,72.58333333333333,0,0,1,0.52768207,3628
1,1,1,0,7,1,1,74.8499984741211,485.25,1,0,1,0,0,0,0,0,0,0,0,0,0,0,0,0,0,0,0,1,0,0,69.32142857142857,0,0,1,0.6651782,5627
0,0,1,1,48,1,1,70.0999984741211,3238.4,0,0,0,0,1,0,1,0,1,0,0,0,0,0,1,0,0,1,1,0,0,4,67.46666666666667,2,0,0,0.20011461,6315
0,0,1,0,47,1,1,58.599998474121094,2723.4,0,0,0,0,0,0,1,0,0,0,0,0,1,0,0,0,0,0,0,0,0,2,57.94468085106383,2,0,1,0.60036904,5107
0,1,0,0,4,1,0,72.75,317.75,0,0,1,0,0,0,1,0,0,0,0,0,0,0,0,0,0,0,0,1,0,1,79.4375,0,0,1,0.66716,3154
0,0,0,0,47,1,1,103.69999694824219,4730.6,0,0,1,0,1,0,0,0,1,0,1,0,1,0,1,0,1,0,0,1,0,5,100.65106382978725,2,0,0,0.39137974,6948
1,0,1,0,24,0,0,29.100000381469727,688.0,0,1,0,0,0,0,0,0,1,0,0,0,0,0,0,0,0,0,0,1,0,1,28.666666666666668,1,0,1,0.60542923,2773
0,0,0,0,1,1,1,50.45000076293945,50.45,0,0,0,0,0,0,0,0,1,0,0,0,0,0,0,0,0,0,0,0,1,1,50.45,0,1,1,0.6209642,4455
1,0,0,0,1,0,1,44.650001525878906,44.65,0,1,0,0,0,0,1,0,0,0,1,0,0,0,1,0,0,0,0,0,1,3,44.65,0,1,1,0.582423,6377
0,0,1,1,1,1,0,19.25,19.25,0,0,0,1,0,1,0,1,0,1,0,1,0,1,0,1,0,0,0,1,0,0,19.25,0,0,0,0.4963675,6251
1,0,0,0,48,1,1,108.0999984741211,5067.45,1,0,1,0,0,0,1,0,1,0,0,0,1,0,1,0,0,1,0,0,0,4,105.57187499999999,2,0,0,0.38403517,384
1,0,0,0,27,1,0,20.100000381469727,562.6,0,0,0,1,0,1,0,1,0,1,0,1,0,1,0,1,1,0,0,0,0,0,20.83703703703704,1,0,0,0.2327209,2672
0,0,1,0,60,1,0,59.849998474121094,3483.45,0,0,0,0,1,0,1,0,0,0,1,0,0,0,0,0,0,1,0,0,0,3,58.0575,2,0,0,0.2009723,2805
0,0,0,0,26,1,1,56.04999923706055,1553.2,0,0,0,0,0,0,1,0,1,0,0,0,0,0,0,0,1,0,0,0,1,2,59.73846153846154,1,0,0,0.25628528,5465
0,1,0,0,51,1,0,19.600000381469727,967.9,0,0,0,1,0,1,0,1,0,1,0,1,0,1,0,1,0,1,1,0,0,0,18.978431372549018,2,0,0,0.19847946,6023
0,0,0,0,4,1,1,79.0,303.15,0,0,1,0,0,0,0,0,0,0,0,0,1,0,0,0,0,0,0,1,0,1,75.7875,0,1,1,0.66716,6322
0,1,0,0,26,1,1,66.05000305175781,1652.4,1,0,0,0,0,0,0,0,0,0,1,0,0,0,1,0,0,0,0,1,0,2,63.55384615384616,1,0,1,0.5612133,1782
0,0,0,0,41,1,1,106.5,4282.4,1,0,1,0,1,0,1,0,1,0,1,0,1,0,0,0,0,0,0,1,0,5,104.44878048780487,2,0,1,0.5370813,3742
0,0,1,0,68,1,0,114.9000015258789,7843.55,1,0,1,0,1,0,1,0,1,0,1,0,1,0,1,0,0,1,0,0,0,6,115.34632352941176,2,0,0,0.33332264,2341
1,0,1,1,45,1,0,54.650001525878906,2553.7,0,0,0,0,1,0,0,0,0,0,1,0,0,0,0,0,0,1,0,0,0,2,56.748888888888885,2,0,0,0.20011461,5524
0,0,1,1,22,1,1,69.5,1498.2,0,0,0,0,0,0,1,0,0,0,0,0,1,0,1,0,1,0,0,0,0,3,68.10000000000001,1,1,0,0.27012601,3197
1,0,0,0,12,1,1,79.94999694824219,1043.4,0,0,1,0,0,0,0,0,0,0,0,0,0,0,1,0,0,0,0,0,0,1,86.95,0,0,1,0.6651782,2880
0,0,0,0,1,1,0,43.95000076293945,43.95,0,0,0,0,0,0,0,0,0,0,0,0,0,0,0,0,0,0,1,0,0,0,43.95,0,0,1,0.6180582,2172
1,0,0,0,7,1,1,94.0999984741211,701.3,1,0,1,0,0,0,0,0,0,0,0,0,1,0,1,0,0,0,0,1,0,2,100.18571428571428,0,0,1,0.6651782,4039
0,0,0,0,1,1,1,20.200000762939453,20.2,0,0,0,1,0,1,0,1,0,1,0,1,0,1,0,1,0,0,0,0,0,0,20.2,0,1,1,0.55142784,5049
0,0,0,0,13,0,1,23.899999618530273,300.8,0,1,0,0,0,0,0,0,0,0,0,0,0,0,0,0,0,0,0,1,0,0,23.138461538461538,1,1,1,0.60542923,4132
1,0,0,0,51,1,0,20.450000762939453,1042.65,0,0,0,1,0,1,0,1,0,1,0,1,0,1,0,1,0,1,0,0,1,0,20.444117647058825,2,0,0,0.19847946,4669
1,0,1,1,4,1,0,44.79999923706055,169.65,0,0,0,0,0,0,0,0,0,0,0,0,0,0,0,0,0,0,0,1,0,0,42.4125,0,0,1,0.5610574,5173
1,0,0,0,26,1,1,84.30000305175781,2281.6,1,0,1,0,0,0,0,0,1,0,1,0,0,0,0,0,0,0,0,0,1,2,87.75384615384615,1,0,1,0.6228987,3706
0,0,0,0,24,1,1,88.94999694824219,2072.75,1,0,1,0,0,0,0,0,1,0,0,0,1,0,0,0,0,0,1,0,0,2,86.36458333333333,1,0,1,0.6571134,2789
0,1,1,0,61,1,1,94.19999694824219,5895.45,1,0,1,0,1,0,1,0,1,0,1,0,0,0,0,0,0,0,1,0,0,4,96.6467213114754,2,0,1,0.5298414,6965
0,0,0,0,72,1,1,114.9000015258789,8496.7,1,0,1,0,1,0,1,0,1,0,1,0,1,0,1,0,0,1,0,1,0,6,118.00972222222224,2,0,0,0.2124598,2603
0,0,0,0,55,1,1,84.25,4589.85,1,0,1,0,1,0,0,0,1,0,0,0,0,0,0,0,1,0,1,0,0,2,83.45181818181818,2,0,0,0.27950335,5520
1,0,0,0,12,1,0,81.69999694824219,858.6,0,0,1,0,1,0,0,0,1,0,0,0,0,0,0,0,0,0,0,0,0,2,71.55,0,1,1,0.569269,4464
1,0,1,1,64,1,0,93.4000015258789,5822.3,1,0,1,0,1,0,0,0,1,0,0,0,0,0,1,0,0,1,0,0,0,3,90.9734375,2,0,0,0.21333244,861
0,1,0,0,37,1,1,96.55000305175781,3580.3,1,0,1,0,0,0,0,0,0,0,0,0,1,0,1,0,0,0,0,1,0,2,96.76486486486488,2,1,1,0.65988576,4307
1,0,1,0,72,1,1,88.69999694824219,6301.7,1,0,0,0,1,0,1,0,1,0,1,0,1,0,1,0,0,1,1,0,0,6,87.52361111111111,2,0,0,0.2009723,3814
1,0,0,0,11,1,0,19.5,226.8,0,0,0,1,0,1,0,1,0,1,0,1,0,1,0,1,1,0,0,0,1,0,20.61818181818182,0,0,0,0.23325378,2381
0,1,1,0,52,1,1,109.0999984741211,5647.95,1,0,1,0,1,0,1,0,1,0,0,0,1,0,1,0,0,0,0,1,0,5,108.61442307692307,2,0,1,0.5726695,3899
0,0,1,1,58,1,1,44.099998474121094,2413.05,0,0,0,0,0,0,0,0,0,0,0,0,0,0,0,0,1,0,0,0,1,0,41.60431034482759,2,0,0,0.24695776,3392
0,0,0,0,4,1,0,55.20000076293945,220.65,0,0,0,0,1,0,1,0,0,0,0,0,0,0,0,0,0,0,0,1,0,2,55.1625,0,0,1,0.52150065,2819
0,0,1,1,38,1,0,20.299999237060547,749.35,0,0,0,1,0,1,0,1,0,1,0,1,0,1,0,1,1,0,0,0,1,0,19.719736842105263,2,0,0,0.22875902,3896
1,0,0,1,3,1,0,20.850000381469727,60.65,0,0,0,1,0,1,0,1,0,1,0,1,0,1,0,1,0,0,0,0,1,0,20.216666666666665,0,0,0,0.48041996,967
1,0,0,0,62,1,1,92.30000305175781,5731.45,1,0,1,0,1,0,1,0,0,0,0,0,0,0,1,0,1,0,0,0,0,3,92.44274193548387,2,0,0,0.32169163,1468
0,0,0,0,8,1,0,54.25,447.75,0,0,0,0,1,0,0,0,0,0,1,0,0,0,0,0,1,0,0,0,0,2,55.96875,0,0,0,0.24119185,1044
1,0,1,1,16,1,0,19.75,313.4,0,0,0,1,0,1,0,1,0,1,0,1,0,1,0,1,0,0,0,1,0,0,19.5875,1,0,0,0.47295085,4576
1,0,0,0,8,1,0,43.54999923706055,335.4,0,0,0,0,0,0,0,0,0,0,0,0,0,0,0,0,0,0,0,0,1,0,41.925,0,0,1,0.6209642,1523
1,0,0,0,1,1,0,19.799999237060547,19.8,0,0,0,1,0,1,0,1,0,1,0,1,0,1,0,1,0,0,0,0,1,0,19.8,0,1,1,0.55142784,3142
1,0,1,1,52,0,0,50.20000076293945,2554.0,0,1,0,0,0,0,1,0,1,0,1,0,1,0,0,0,0,1,0,0,1,4,49.11538461538461,2,0,0,0.20351937,6435
0,0,1,0,72,1,1,26.0,1776.0,1,0,0,1,0,1,0,1,0,1,0,1,0,1,0,1,0,1,0,0,1,0,24.666666666666668,2,0,0,0.19847946,4505
1,1,0,0,16,1,0,69.6500015258789,1043.3,0,0,1,0,0,0,0,0,0,0,0,0,0,0,0,0,0,0,0,1,0,0,65.20625,1,0,1,0.65988576,2043
1,0,0,0,18,1,1,89.5999984741211,1633.0,1,0,1,0,0,0,0,0,1,0,0,0,1,0,0,0,1,0,1,0,0,2,90.72222222222223,1,0,0,0.30953306,4596
1,0,0,0,1,1,0,20.25,20.25,0,0,0,1,0,1,0,1,0,1,0,1,0,1,0,1,0,0,0,0,1,0,20.25,0,1,1,0.55142784,4721
1,0,1,1,72,1,1,75.4000015258789,5480.25,0,0,0,0,0,0,1,0,1,0,0,0,1,0,1,0,0,1,0,0,0,4,76.11458333333333,2,0,0,0.20180753,1566
0,0,1,0,49,1,0,20.700000762939453,1032.05,0,0,0,1,0,1,0,1,0,1,0,1,0,1,0,1,1,0,1,0,0,0,21.062244897959182,2,0,0,0.23052676,4362
1,0,0,0,1,1,0,44.0,44.0,0,0,0,0,0,0,0,0,0,0,0,0,0,0,0,0,0,0,0,1,0,0,44.0,0,0,1,0.6209642,2702
0,0,1,0,51,1,1,93.5,4619.55,0,0,1,0,1,0,1,0,1,0,0,0,1,0,0,0,1,0,0,1,0,4,90.57941176470588,2,0,0,0.2912925,250
1,1,1,0,72,1,1,97.25,7133.1,1,0,1,0,0,0,1,0,0,0,0,0,1,0,1,0,1,0,1,0,0,3,99.07083333333334,2,0,0,0.35053396,4824
1,1,1,0,72,1,0,77.3499984741211,5396.25,1,0,0,0,0,0,1,0,1,0,1,0,1,0,0,0,0,1,1,0,0,4,74.94791666666667,2,0,0,0.2009723,4506
0,0,0,0,16,1,0,19.049999237060547,326.65,0,0,0,1,0,1,0,1,0,1,0,1,0,1,0,1,1,0,0,0,1,0,20.415625,1,0,0,0.2327209,4234
1,0,1,1,16,1,0,84.9000015258789,1398.25,1,0,0,0,1,0,1,0,0,0,1,0,1,0,1,0,0,0,0,1,0,5,87.390625,1,0,0,0.46065903,3678
1,0,0,0,1,1,0,19.649999618530273,19.65,0,0,0,1,0,1,0,1,0,1,0,1,0,1,0,1,0,0,0,0,0,0,19.65,0,0,1,0.55142784,2759
1,0,1,0,10,1,1,85.5999984741211,813.85,1,0,1,0,0,0,0,0,0,0,0,0,1,0,0,0,0,0,0,1,0,1,81.385,0,1,1,0.6651782,1366
0,0,1,0,57,1,1,100.75,5985.0,1,0,1,0,0,0,0,0,1,0,0,0,1,0,1,0,1,0,1,0,0,3,105.0,2,0,0,0.41262975,1345
1,0,1,1,32,1,1,90.80000305175781,3023.85,0,0,1,0,1,0,1,0,0,0,0,0,0,0,1,0,1,0,0,1,0,3,94.4953125,1,0,0,0.30067462,6175
0,0,0,0,72,1,1,101.30000305175781,7261.25,1,0,1,0,1,0,1,0,1,0,0,0,1,0,0,0,0,1,0,0,0,4,100.85069444444444,2,0,0,0.21062641,1956
0,1,1,0,58,1,1,97.80000305175781,5458.8,1,0,1,0,0,0,1,0,0,0,0,0,1,0,1,0,1,0,0,0,0,3,94.11724137931034,2,0,0,0.35334575,1441
0,0,0,0,23,1,1,73.75,1756.6,1,0,0,0,0,0,0,0,0,0,1,0,1,0,1,0,1,0,0,0,1,3,76.37391304347825,1,0,0,0.2738487,1467
1,1,0,0,25,1,1,89.5,2196.15,1,0,1,0,0,0,1,0,0,0,0,0,1,0,0,0,0,0,0,1,0,2,87.846,1,1,1,0.64827424,6967
1,0,1,1,32,1,1,19.450000762939453,674.55,0,0,0,1,0,1,0,1,0,1,0,1,0,1,0,1,0,0,1,0,0,0,21.0796875,1,0,0,0.47295085,2440
0,0,0,0,69,1,0,104.0,7028.5,1,0,1,0,0,0,0,0,1,0,1,0,1,0,1,0,0,1,0,1,0,4,101.8623188405797,2,0,0,0.22401962,2210
0,0,1,1,72,1,1,109.5,7854.9,0,0,1,0,1,0,1,0,1,0,1,0,1,0,1,0,0,1,1,0,0,6,109.09583333333333,2,0,0,0.21053055,6115
1,0,0,0,50,0,1,35.400001525878906,1748.9,0,1,0,0,1,0,0,0,0,0,1,0,0,0,0,0,1,0,0,0,1,2,34.978,2,0,0,0.23872513,1333
1,0,1,1,28,1,0,106.0999984741211,2847.4,1,0,1,0,1,0,1,0,0,0,0,0,1,0,1,0,1,0,0,1,0,4,101.69285714285715,1,1,0,0.3772829,2451
0,0,1,0,10,1,0,20.100000381469727,184.4,0,0,0,1,0,1,0,1,0,1,0,1,0,1,0,1,1,0,0,0,1,0,18.44,0,0,0,0.23325378,6384
1,0,1,1,58,1,1,94.69999694824219,5430.35,1,0,1,0,0,0,1,0,0,0,1,0,1,0,0,0,1,0,1,0,0,3,93.62672413793103,2,0,0,0.3177178,527
1,1,1,0,7,1,1,75.4000015258789,533.05,1,0,1,0,0,0,0,0,0,0,0,0,0,0,0,0,0,0,0,1,0,0,76.14999999999999,0,0,1,0.6651782,5839
1,0,0,1,4,1,0,49.349998474121094,219.65,0,0,0,0,1,0,0,0,0,0,0,0,0,0,0,0,0,0,0,1,0,1,54.9125,0,1,0,0.4648348,3743
0,0,1,1,34,1,1,60.79999923706055,2042.05,0,0,0,0,1,0,1,0,1,0,0,0,0,0,0,0,1,0,0,0,1,3,60.06029411764706,1,0,0,0.23154294,3441
0,0,1,1,70,1,1,115.1500015258789,8250.0,1,0,1,0,1,0,1,0,1,0,1,0,1,0,1,0,0,1,1,0,0,6,117.85714285714286,2,0,0,0.24225776,5819
1,1,1,1,71,1,1,72.9000015258789,5139.65,1,0,0,0,0,0,1,0,1,0,1,0,0,0,1,0,1,0,0,0,0,4,72.38943661971831,2,0,0,0.27220964,6763
1,0,0,0,21,1,0,103.8499984741211,2215.0,1,0,1,0,1,0,0,0,1,0,0,0,1,0,1,0,0,0,0,0,1,4,105.47619047619048,1,0,1,0.58517975,4144
0,0,0,0,56,1,1,60.25,3282.75,0,0,0,0,1,0,0,0,1,0,1,0,0,0,0,0,1,0,1,0,0,3,58.620535714285715,2,0,0,0.2326966,2949
1,0,0,1,71,1,1,76.9000015258789,5522.7,0,0,0,0,1,0,1,0,1,0,1,0,1,0,0,0,0,1,1,0,0,5,77.78450704225352,2,0,0,0.20180753,5344
0,0,1,1,14,1,1,87.25,1258.6,1,0,1,0,0,0,0,0,1,0,0,0,0,0,1,0,0,0,0,1,0,2,89.89999999999999,1,1,1,0.5982501,1346
1,0,1,1,41,1,0,19.5,798.2,0,0,0,1,0,1,0,1,0,1,0,1,0,1,0,1,1,0,0,0,0,0,19.46829268292683,2,0,0,0.22875902,4543
0,0,0,0,3,1,0,74.4000015258789,215.8,1,0,1,0,0,0,0,0,0,0,0,0,0,0,0,0,0,0,0,0,0,0,71.93333333333334,0,1,1,0.66716,945
0,0,1,1,58,1,0,20.5,1191.4,0,0,0,1,0,1,0,1,0,1,0,1,0,1,0,1,0,1,1,0,0,0,20.54137931034483,2,0,0,0.1970722,6433
0,0,1,1,72,0,0,65.69999694824219,4575.35,0,1,0,0,1,0,1,0,1,0,1,0,1,0,1,0,0,1,0,0,0,6,63.54652777777778,2,0,0,0.20351937,4162
0,0,0,0,13,1,0,89.4000015258789,1132.35,1,0,1,0,0,0,1,0,1,0,1,0,0,0,0,0,0,0,0,1,0,3,87.10384615384615,1,1,1,0.61076933,5728
1,0,1,1,43,1,1,79.1500015258789,3566.6,0,0,0,0,1,0,0,0,1,0,1,0,1,0,1,0,0,1,1,0,0,5,82.94418604651163,2,0,0,0.20180753,821
1,0,0,0,41,0,1,51.349998474121094,2075.1,0,1,0,0,0,0,0,0,1,0,0,0,1,0,1,0,1,0,0,1,0,3,50.61219512195122,2,0,0,0.28428409,4849
0,0,0,0,2,1,0,70.0,153.05,0,0,1,0,0,0,0,0,0,0,0,0,0,0,0,0,0,0,0,0,0,0,76.525,0,1,1,0.66716,5860
0,0,0,0,1,1,0,20.299999237060547,20.3,0,0,0,1,0,1,0,1,0,1,0,1,0,1,0,1,0,0,1,0,0,0,20.3,0,0,1,0.54837644,5778
1,0,0,0,4,1,1,79.9000015258789,324.3,0,0,1,0,0,0,0,0,0,0,0,0,0,0,1,0,0,0,0,1,0,1,81.075,0,1,1,0.6651782,4466
1,0,0,0,1,1,1,19.899999618530273,19.9,0,0,0,1,0,1,0,1,0,1,0,1,0,1,0,1,0,0,0,0,1,0,19.9,0,0,1,0.55142784,6761
1,0,1,0,72,1,1,114.0999984741211,8086.4,1,0,1,0,1,0,1,0,1,0,1,0,1,0,1,0,0,1,1,0,0,6,112.3111111111111,2,0,0,0.2124598,1875
0,0,1,1,69,1,1,64.1500015258789,4254.1,1,0,0,0,1,0,0,0,1,0,1,0,0,0,0,0,0,1,1,0,0,3,61.6536231884058,2,0,0,0.20011461,49
1,0,1,1,27,0,1,45.849998474121094,1246.4,0,1,0,0,0,0,1,0,1,0,0,0,0,0,1,0,1,0,1,0,0,3,46.162962962962965,1,0,0,0.27431342,2237
0,0,0,1,14,1,1,59.79999923706055,824.85,0,0,0,0,0,0,0,0,1,0,0,0,1,0,0,0,0,0,1,0,0,2,58.917857142857144,1,0,1,0.53291583,2435
1,0,0,0,19,1,1,45.0,865.85,0,0,0,0,0,0,0,0,0,0,0,0,0,0,0,0,0,0,0,0,0,0,45.57105263157895,1,0,1,0.60036904,3482
0,0,1,0,18,1,1,95.94999694824219,1745.5,0,0,1,0,0,0,0,0,1,0,0,0,1,0,1,0,0,0,1,0,0,3,96.97222222222223,1,0,1,0.6571134,3928
1,0,1,1,5,1,1,90.3499984741211,434.5,0,0,1,0,1,0,0,0,1,0,0,0,0,0,1,0,0,0,0,0,1,3,86.9,0,0,1,0.50356585,6804
1,0,1,1,28,1,0,100.3499984741211,2799.0,0,0,1,0,0,0,1,0,1,0,0,0,1,0,1,0,1,0,0,0,0,4,99.96428571428571,1,0,0,0.38858125,6701
0,0,0,0,30,1,0,74.6500015258789,2308.6,0,0,0,0,1,0,1,0,1,0,1,0,1,0,0,0,1,0,1,0,0,5,76.95333333333333,1,0,0,0.2326966,4877
0,1,0,0,71,1,0,104.05000305175781,7413.55,1,0,1,0,0,0,0,0,1,0,0,0,1,0,1,0,0,1,0,0,0,3,104.41619718309859,2,0,0,0.2192862,1187
1,0,0,0,1,1,1,53.95000076293945,53.95,0,0,0,0,1,0,0,0,0,0,1,0,0,0,0,0,0,0,0,1,0,2,53.95,0,1,0,0.4812939,4823
1,0,1,1,71,1,1,97.19999694824219,6910.3,1,0,1,0,1,0,0,0,0,0,0,0,1,0,1,0,0,1,0,1,0,3,97.32816901408451,2,0,0,0.22201496,5406
0,0,1,1,32,1,0,62.45000076293945,2045.55,1,0,0,0,0,0,1,0,1,0,0,0,0,0,0,0,0,0,0,0,0,2,63.9234375,1,0,1,0.53291583,4403
0,1,0,0,70,1,1,75.5,5212.65,1,0,0,0,0,0,1,0,1,0,1,0,1,0,0,0,0,1,0,0,0,4,74.46642857142857,2,0,0,0.2009723,4512
1,0,0,0,1,1,1,55.25,55.25,0,0,0,0,0,0,0,0,0,0,0,0,0,0,1,0,0,0,0,1,0,1,55.25,0,0,1,0.6209642,3202
1,0,1,1,1,1,1,71.0,71.0,0,0,1,0,0,0,0,0,0,0,0,0,0,0,0,0,0,0,0,1,0,0,71.0,0,1,1,0.61289734,5812
0,1,0,0,4,1,0,48.75,179.85,1,0,0,0,0,0,0,0,0,0,0,0,0,0,0,0,0,0,0,0,1,0,44.9625,0,0,1,0.6209642,4382
1,1,1,0,43,1,1,94.30000305175781,3953.15,1,0,1,0,0,0,1,0,0,0,1,0,1,0,0,0,0,0,0,1,0,3,91.93372093023255,2,0,1,0.61076933,1179
1,0,1,0,72,1,0,92.30000305175781,6719.9,1,0,0,0,1,0,1,0,1,0,1,0,1,0,1,0,0,1,1,0,0,6,93.33194444444445,2,0,0,0.2009723,6659
1,1,1,1,72,1,1,114.94999694824219,8196.4,1,0,1,0,1,0,1,0,1,0,1,0,1,0,1,0,0,1,0,0,0,6,113.83888888888889,2,0,0,0.21053055,746
1,1,1,0,4,1,1,74.4000015258789,306.6,1,0,1,0,0,0,0,0,0,0,0,0,0,0,0,0,0,0,0,0,1,0,76.65,0,1,1,0.6651782,7041
0,0,0,0,24,1,0,24.600000381469727,605.25,1,0,0,1,0,1,0,1,0,1,0,1,0,1,0,1,1,0,0,0,0,0,25.21875,1,0,0,0.2327209,4300
1,1,1,0,1,1,1,95.0999984741211,95.1,1,0,1,0,0,0,0,0,0,0,0,0,1,0,1,0,0,0,0,1,0,2,95.1,0,1,1,0.6651782,3380
0,0,0,0,1,1,0,18.850000381469727,18.85,0,0,0,1,0,1,0,1,0,1,0,1,0,1,0,1,0,0,0,1,0,0,18.85,0,0,1,0.55142784,1151
1,1,0,0,14,1,1,95.5999984741211,1273.3,1,0,1,0,0,0,0,0,0,0,0,0,1,0,1,0,0,0,0,1,0,2,90.95,1,0,1,0.65988576,5019
1,1,1,0,36,1,1,84.0999984741211,3021.6,1,0,1,0,0,0,0,0,0,0,0,0,0,0,1,0,0,0,0,1,0,1,83.93333333333334,1,1,1,0.65988576,5177
1,0,1,1,40,1,1,81.19999694824219,3292.3,1,0,1,0,0,0,0,0,1,0,0,0,0,0,0,0,0,0,0,1,0,1,82.3075,2,0,1,0.5982501,3579
1,1,0,0,67,1,1,105.05000305175781,7171.7,0,0,1,0,1,0,1,0,0,0,1,0,1,0,1,0,0,1,0,1,0,5,107.04029850746268,2,0,0,0.33332264,6369
1,0,1,1,69,1,1,92.1500015258789,6480.9,0,0,1,0,0,0,1,0,0,0,1,0,1,0,0,0,0,1,0,0,1,3,93.92608695652173,2,0,0,0.20484607,3419
1,0,0,0,1,1,0,20.600000381469727,20.6,0,0,0,1,0,1,0,1,0,1,0,1,0,1,0,1,0,0,0,0,1,0,20.6,0,0,1,0.55142784,5219
0,0,0,1,10,0,0,40.25,411.45,0,1,0,0,1,0,1,0,0,0,1,0,0,0,0,0,1,0,0,0,1,3,41.144999999999996,0,0,0,0.23776767,3934
1,0,1,1,55,1,0,57.54999923706055,3046.4,0,0,0,0,1,0,1,0,0,0,1,0,0,0,0,0,0,1,0,0,0,3,55.38909090909091,2,1,0,0.20011461,4386
1,0,1,1,68,1,1,113.1500015258789,7856.0,1,0,1,0,1,0,1,0,1,0,1,0,1,0,1,0,0,1,0,1,0,6,115.52941176470588,2,1,0,0.24225776,5581
1,1,1,1,66,1,1,99.5,6822.15,1,0,1,0,0,0,0,0,1,0,0,0,1,0,1,0,0,0,1,0,0,3,103.36590909090908,2,1,1,0.5982501,2282
0,0,0,0,7,1,1,69.9000015258789,497.3,0,0,1,0,0,0,0,0,0,0,0,0,0,0,0,0,0,0,0,0,1,0,71.04285714285714,0,0,1,0.66716,4327
0,0,1,1,10,1,0,20.149999618530273,220.8,0,0,0,1,0,1,0,1,0,1,0,1,0,1,0,1,0,1,0,0,1,0,22.080000000000002,0,0,0,0.19754447,4589
1,0,0,0,1,0,0,29.149999618530273,29.15,0,1,0,0,0,0,0,0,0,0,1,0,0,0,0,0,0,0,0,0,1,1,29.15,0,0,1,0.582423,3753
1,0,1,1,55,1,0,19.350000381469727,1153.25,0,0,0,1,0,1,0,1,0,1,0,1,0,1,0,1,0,1,0,0,0,0,20.96818181818182,2,0,0,0.1970722,552
1,0,1,0,45,1,1,107.75,4882.8,1,0,1,0,0,0,1,0,1,0,0,0,1,0,1,0,0,0,0,0,0,4,108.50666666666667,2,0,1,0.64827424,5444
0,0,1,0,10,1,1,67.80000305175781,653.15,0,0,0,0,0,0,0,0,1,0,0,0,1,0,1,0,0,0,1,0,0,3,65.315,0,0,1,0.6180582,1567
0,0,1,0,69,1,1,116.0,8182.85,1,0,1,0,1,0,1,0,1,0,1,0,1,0,1,0,0,1,0,1,0,6,118.59202898550726,2,0,0,0.24438776,2926
0,1,0,0,1,1,1,85.05000305175781,85.05,1,0,1,0,0,0,0,0,0,0,0,0,0,0,1,0,0,0,0,1,0,1,85.05,0,1,1,0.66716,4585
0,0,0,0,33,1,0,25.700000762939453,826.1,1,0,0,1,0,1,0,1,0,1,0,1,0,1,0,1,0,1,1,0,0,0,25.033333333333335,1,0,0,0.19847946,2627
0,0,0,0,45,1,0,81.6500015258789,3618.7,0,0,0,0,1,0,0,0,1,0,1,0,1,0,1,0,0,1,0,0,0,5,80.41555555555556,2,0,0,0.2009723,1728
0,0,0,0,1,1,0,44.75,44.75,0,0,0,0,0,0,0,0,0,0,0,0,0,0,0,0,0,0,0,0,1,0,44.75,0,0,1,0.6209642,4443
1,0,0,0,31,1,1,71.05000305175781,2168.15,1,0,0,0,0,0,1,0,0,0,1,0,1,0,0,0,0,0,0,1,0,3,69.94032258064516,1,0,1,0.6063007,1727
1,0,1,1,50,1,1,20.350000381469727,938.95,0,0,0,1,0,1,0,1,0,1,0,1,0,1,0,1,1,0,0,0,1,0,18.779,2,0,0,0.22875902,6143
0,0,0,0,57,1,1,87.55000305175781,4884.85,1,0,1,0,1,0,1,0,0,0,1,0,0,0,0,0,0,0,0,0,0,3,85.69912280701755,2,0,1,0.5237167,618
1,0,0,0,1,1,1,74.25,74.25,1,0,1,0,0,0,0,0,0,0,0,0,0,0,0,0,0,0,0,0,1,0,74.25,0,1,1,0.6651782,2510
0,0,0,0,2,1,1,75.80000305175781,160.75,0,0,1,0,0,0,0,0,1,0,0,0,0,0,0,0,0,0,0,1,0,1,80.375,0,1,1,0.66716,2161
1,0,0,0,3,1,1,105.3499984741211,323.25,1,0,1,0,0,0,1,0,1,0,0,0,1,0,1,0,0,0,0,0,0,4,107.75,0,1,1,0.6651782,3085
1,1,1,0,67,1,1,94.6500015258789,6079.0,1,0,1,0,0,0,0,0,0,0,0,0,1,0,1,0,0,0,1,0,0,2,90.73134328358209,2,0,1,0.6571134,3922
0,1,0,0,42,1,1,104.75,4323.45,1,0,1,0,0,0,1,0,1,0,0,0,1,0,1,0,0,0,0,0,0,4,102.93928571428572,2,1,1,0.64827424,6544
0,0,1,0,70,1,1,26.0,2006.95,1,0,0,1,0,1,0,1,0,1,0,1,0,1,0,1,0,1,0,0,0,0,28.670714285714286,2,0,0,0.19847946,4256
1,0,1,0,71,1,0,20.850000381469727,1539.75,0,0,0,1,0,1,0,1,0,1,0,1,0,1,0,1,1,0,0,1,0,0,21.68661971830986,2,0,0,0.2327209,4320
1,0,0,0,9,1,1,75.8499984741211,724.65,1,0,1,0,0,0,0,0,0,0,0,0,0,0,0,0,0,0,0,1,0,0,80.51666666666667,0,0,1,0.6651782,5057
1,0,1,1,72,0,0,45.25,3139.8,0,1,0,0,1,0,1,0,1,0,1,0,0,0,0,0,0,1,1,0,0,4,43.608333333333334,2,0,0,0.20351937,216
1,0,1,1,53,1,1,105.25,5576.3,1,0,1,0,0,0,1,0,1,0,0,0,1,0,1,0,1,0,0,1,0,4,105.21320754716982,2,0,0,0.39386517,3228
0,1,0,0,19,1,1,105.0,2007.25,0,0,1,0,1,0,1,0,0,0,1,0,1,0,1,0,0,0,0,0,1,5,105.64473684210526,1,0,1,0.5370813,267
0,0,0,0,9,1,0,94.4000015258789,857.25,1,0,1,0,0,0,0,0,0,0,0,0,1,0,1,0,0,0,0,1,0,2,95.25,0,1,1,0.66716,64
1,0,1,1,72,1,0,105.5,7611.55,0,0,1,0,1,0,1,0,0,0,1,0,1,0,1,0,0,1,0,0,0,5,105.71597222222222,2,0,0,0.2919042,449
1,0,1,1,20,0,1,39.400001525878906,825.4,0,1,0,0,1,0,0,0,1,0,1,0,0,0,0,0,0,1,1,0,0,3,41.269999999999996,1,0,0,0.20351937,4845
0,0,1,1,43,1,0,20.0,817.95,0,0,0,1,0,1,0,1,0,1,0,1,0,1,0,1,1,0,0,0,1,0,19.022093023255817,2,0,0,0.22875902,6585
0,0,0,0,50,1,1,79.5999984741211,4024.2,1,0,0,0,0,0,1,0,0,0,1,0,1,0,1,0,0,1,0,0,1,4,80.484,2,0,0,0.2009723,3201
0,0,1,0,55,1,1,89.80000305175781,4959.6,1,0,1,0,1,0,0,0,0,0,0,0,1,0,0,0,0,0,0,0,0,2,90.17454545454547,2,0,1,0.5761957,2796
1,0,1,0,2,1,1,94.19999694824219,167.5,0,0,1,0,0,0,0,0,0,0,1,0,1,0,1,0,0,0,0,1,0,3,83.75,0,1,1,0.62844265,507
0,0,1,1,9,1,0,20.350000381469727,191.1,0,0,0,1,0,1,0,1,0,1,0,1,0,1,0,1,0,1,0,0,1,0,21.233333333333334,0,0,0,0.19754447,5402
1,0,0,0,10,0,1,33.900001525878906,298.45,0,1,0,0,0,0,0,0,0,0,0,0,0,0,1,0,0,0,0,0,1,1,29.845,0,1,1,0.6209642,2990
0,0,0,0,71,1,0,77.3499984741211,5550.1,0,0,0,0,1,0,1,0,1,0,1,0,1,0,0,0,0,1,1,0,0,5,78.17042253521127,2,0,0,0.2009723,968
0,0,1,0,32,1,0,84.1500015258789,2585.95,0,0,1,0,0,0,1,0,0,0,0,0,0,0,1,0,0,0,0,0,0,2,80.8109375,1,1,1,0.64827424,3047
1,1,1,0,3,1,1,105.9000015258789,334.65,1,0,1,0,0,0,1,0,1,0,0,0,1,0,1,0,0,0,0,1,0,4,111.55,0,1,1,0.6651782,6894
1,1,1,0,16,1,1,74.30000305175781,1178.25,0,0,1,0,0,0,1,0,0,0,0,0,0,0,0,0,0,0,1,0,0,1,73.640625,1,1,1,0.6454581,2776
1,0,0,0,25,1,0,69.75,1729.35,0,0,1,0,0,0,0,0,0,0,0,0,0,0,0,0,0,0,0,1,0,0,69.17399999999999,1,0,1,0.65988576,4308
1,0,0,0,38,1,1,70.44999694824219,2597.6,0,0,1,0,0,0,0,0,0,0,0,0,0,0,0,0,1,0,0,0,0,0,68.3578947368421,2,1,0,0.26986948,4815
0,0,0,0,40,1,0,20.149999618530273,804.85,0,0,0,1,0,1,0,1,0,1,0,1,0,1,0,1,0,1,0,0,1,0,20.12125,2,0,0,0.19847946,1688
0,0,1,1,61,1,1,24.200000762939453,1445.2,1,0,0,1,0,1,0,1,0,1,0,1,0,1,0,1,0,1,0,0,1,0,23.691803278688525,2,0,0,0.1970722,5745
0,0,1,1,25,1,0,20.049999237060547,520.1,0,0,0,1,0,1,0,1,0,1,0,1,0,1,0,1,1,0,0,0,1,0,20.804000000000002,1,0,0,0.22875902,4373
0,0,0,1,48,1,1,95.5,4627.85,0,0,1,0,0,0,1,0,1,0,1,0,1,0,0,0,0,1,0,0,1,4,96.41354166666667,2,1,0,0.20641086,6680
0,0,0,0,3,1,1,69.55000305175781,222.3,0,0,1,0,0,0,0,0,0,0,0,0,0,0,0,0,0,0,0,0,0,0,74.10000000000001,0,1,1,0.66716,650
0,0,0,0,63,1,0,108.25,6780.1,1,0,1,0,1,0,1,0,1,0,0,0,1,0,1,0,0,0,1,0,0,5,107.62063492063493,2,0,1,0.5696498,2731
0,1,0,0,37,1,1,76.25,2841.55,1,0,1,0,0,0,0,0,0,0,0,0,0,0,0,0,0,0,0,1,0,0,76.79864864864865,2,1,1,0.65988576,4847
1,0,0,0,1,1,1,49.79999923706055,49.8,0,0,0,0,1,0,0,0,0,0,0,0,0,0,0,0,0,0,1,0,0,1,49.8,0,0,1,0.5184235,6081
1,0,1,1,17,1,0,80.8499984741211,1400.85,0,0,1,0,0,0,0,0,0,0,0,0,1,0,0,0,0,0,0,1,0,1,82.40294117647058,1,1,1,0.5982501,2086
1,0,0,0,3,1,1,69.3499984741211,191.35,0,0,0,0,0,0,0,0,0,0,1,0,1,0,1,0,0,0,0,1,0,3,63.78333333333333,0,1,1,0.6267803,5179
0,0,1,0,21,1,1,86.05000305175781,1818.9,0,0,1,0,0,0,0,0,0,0,1,0,1,0,0,0,0,0,0,1,0,2,86.61428571428571,1,0,1,0.6228987,6879
0,0,1,1,67,0,0,36.150001525878906,2434.45,0,1,0,0,1,0,1,0,0,0,0,0,0,0,0,0,0,1,0,0,0,2,36.33507462686567,2,0,0,0.20351937,4665
0,0,1,1,34,1,1,20.100000381469727,682.1,0,0,0,1,0,1,0,1,0,1,0,1,0,1,0,1,1,0,0,0,0,0,20.061764705882354,1,0,0,0.22875902,2505
1,0,0,0,18,1,1,90.69999694824219,1597.25,1,0,1,0,0,0,0,0,1,0,0,0,0,0,1,0,0,0,1,0,0,2,88.73611111111111,1,1,1,0.6571134,5364
1,0,1,1,72,1,0,88.69999694824219,6501.35,1,0,0,0,1,0,1,0,1,0,1,0,1,0,1,0,0,1,1,0,0,6,90.29652777777778,2,0,0,0.20180753,6182
1,0,1,1,18,1,0,95.1500015258789,1779.95,0,0,1,0,0,0,0,0,1,0,0,0,1,0,1,0,0,0,0,0,1,3,98.88611111111112,1,1,1,0.5982501,284
1,0,0,0,3,1,0,75.0,209.1,1,0,1,0,0,0,0,0,0,0,0,0,0,0,0,0,0,0,0,0,1,0,69.7,0,1,1,0.6651782,6718
0,0,0,0,1,1,1,49.95000076293945,49.95,1,0,0,0,0,0,0,0,0,0,0,0,0,0,0,0,0,0,0,0,0,0,49.95,0,1,1,0.6209642,1383
1,0,0,0,10,1,1,72.1500015258789,794.25,1,0,0,0,0,0,0,0,0,0,0,0,1,0,1,0,0,0,1,0,0,2,79.425,0,1,1,0.6608345,5430
0,0,0,0,10,1,1,20.899999618530273,247.0,0,0,0,1,0,1,0,1,0,1,0,1,0,1,0,1,0,0,0,0,1,0,24.7,0,0,1,0.53559256,4087
0,0,1,1,29,1,0,20.0,540.05,0,0,0,1,0,1,0,1,0,1,0,1,0,1,0,1,1,0,0,1,0,0,18.622413793103448,1,0,0,0.22875902,213
0,1,1,0,34,1,1,94.25,3217.55,1,0,1,0,0,0,1,0,1,0,0,0,0,0,1,0,0,0,0,1,0,3,94.63382352941177,1,1,1,0.64827424,1389
1,1,1,0,7,1,1,101.94999694824219,700.85,1,0,1,0,0,0,0,0,1,0,0,0,1,0,1,0,0,0,0,1,0,3,100.12142857142858,0,1,1,0.6651782,6365
1,0,1,1,69,1,0,86.9000015258789,6194.1,1,0,0,0,1,0,0,0,1,0,1,0,1,0,1,0,0,1,0,0,0,5,89.7695652173913,2,0,0,0.20180753,5268
0,0,0,0,36,1,0,54.45000076293945,1893.5,1,0,0,0,1,0,0,0,0,0,0,0,0,0,0,0,1,0,0,0,1,1,52.59722222222222,1,0,0,0.24047415,4015
1,0,1,0,72,1,0,85.94999694824219,6151.9,1,0,0,0,0,0,1,0,1,0,1,0,1,0,1,0,0,1,0,0,0,5,85.44305555555555,2,0,0,0.2009723,2293
0,0,0,0,42,1,1,20.649999618530273,958.1,0,0,0,1,0,1,0,1,0,1,0,1,0,1,0,1,1,0,0,0,1,0,22.811904761904763,2,0,0,0.2327209,1699
1,0,0,0,42,1,1,99.0,4298.45,1,0,1,0,1,0,1,0,1,0,0,0,0,0,1,0,1,0,0,1,0,4,102.34404761904761,2,0,0,0.38648725,249
1,0,0,0,67,0,0,43.900001525878906,3097.2,0,1,0,0,1,0,0,0,0,0,1,0,1,0,0,0,0,1,0,1,0,3,46.22686567164179,2,0,0,0.21120453,6416
0,1,0,0,21,1,1,95.4000015258789,2025.1,1,0,1,0,0,0,0,0,0,0,0,0,1,0,1,0,0,0,0,0,0,2,96.43333333333332,1,0,1,0.65988576,5533
0,0,0,0,23,1,1,93.5,2341.55,1,0,1,0,0,0,0,0,0,0,0,0,1,0,1,0,0,0,0,1,0,2,101.80652173913045,1,0,1,0.65988576,6284
0,0,0,0,15,1,0,86.19999694824219,1270.2,0,0,1,0,1,0,0,0,0,0,0,0,1,0,0,0,0,0,0,1,0,2,84.68,1,1,1,0.5761957,4651
0,1,1,0,34,1,0,64.19999694824219,2106.3,0,0,0,0,0,0,0,0,1,0,1,0,1,0,0,0,1,0,0,0,0,3,61.95,1,0,0,0.2504708,5681
1,1,1,0,7,1,1,99.25,665.45,1,0,1,0,0,0,0,0,1,0,0,0,1,0,1,0,0,0,0,1,0,3,95.06428571428572,0,1,1,0.6651782,2631
1,0,0,1,9,1,0,20.399999618530273,184.1,0,0,0,1,0,1,0,1,0,1,0,1,0,1,0,1,0,0,0,0,1,0,20.455555555555556,0,0,0,0.47369415,3024
0,0,1,0,34,1,0,24.700000762939453,780.2,1,0,0,1,0,1,0,1,0,1,0,1,0,1,0,1,0,0,0,1,0,0,22.947058823529414,1,0,1,0.5348508,175
1,0,0,0,1,0,1,35.54999923706055,35.55,0,1,0,0,0,0,0,0,0,0,0,0,0,0,1,0,0,0,0,1,0,1,35.55,0,1,1,0.6209642,1144
0,0,0,0,25,1,0,108.9000015258789,2809.05,1,0,1,0,0,0,1,0,1,0,1,0,1,0,1,0,0,1,0,1,0,5,112.36200000000001,1,0,0,0.33332264,2785
0,0,1,0,72,1,1,115.5,8312.75,1,0,1,0,1,0,1,0,1,0,1,0,1,0,1,0,0,1,0,0,0,6,115.45486111111111,2,0,0,0.2124598,4737
1,0,0,0,1,1,0,20.549999237060547,20.55,0,0,0,1,0,1,0,1,0,1,0,1,0,1,0,1,0,0,0,1,0,0,20.55,0,1,1,0.55142784,1458
0,0,1,0,60,1,1,99.80000305175781,5985.75,1,0,1,0,0,0,1,0,0,0,0,0,1,0,1,0,0,0,0,1,0,3,99.7625,2,0,1,0.64827424,1420
1,0,1,0,43,1,1,84.25,3539.25,0,0,1,0,1,0,0,0,1,0,1,0,0,0,0,0,1,0,0,0,0,3,82.30813953488372,2,0,0,0.27581134,170
1,0,0,0,3,1,0,21.200000762939453,52.05,0,0,0,1,0,1,0,1,0,1,0,1,0,1,0,1,1,0,0,0,1,0,17.349999999999998,0,0,0,0.23325378,5878
1,1,1,0,72,1,1,84.0999984741211,5981.65,1,0,0,0,1,0,1,0,1,0,0,0,1,0,1,0,0,1,1,0,0,5,83.07847222222222,2,0,0,0.20595346,2080
1,0,0,0,2,1,0,45.349998474121094,89.5,0,0,0,0,0,0,0,0,0,0,0,0,0,0,0,0,0,0,0,1,0,0,44.75,0,1,1,0.6209642,779
1,0,0,0,10,1,1,98.9000015258789,1064.95,0,0,1,0,1,0,0,0,1,0,0,0,1,0,1,0,1,0,0,1,0,4,106.495,0,0,0,0.3919588,6356
1,0,0,0,7,1,1,98.05000305175781,713.0,1,0,1,0,0,0,0,0,1,0,0,0,1,0,1,0,0,0,0,0,0,3,101.85714285714286,0,1,1,0.6651782,1073
0,0,1,0,33,1,1,51.45000076293945,1758.9,0,0,0,0,0,0,0,0,0,0,1,0,0,0,0,0,1,0,0,0,1,1,53.300000000000004,1,0,0,0.2504708,5694
1,0,0,0,31,1,1,81.1500015258789,2640.55,1,0,1,0,0,0,1,0,0,0,0,0,0,0,0,0,0,0,0,1,0,1,85.17903225806452,1,0,1,0.64827424,4579
1,1,0,0,38,1,0,94.75,3653.0,1,0,1,0,0,0,0,0,0,0,0,0,1,0,1,0,0,0,0,1,0,2,96.13157894736842,2,0,1,0.65988576,3305
0,0,0,0,24,1,1,84.3499984741211,1938.05,1,0,1,0,1,0,0,0,0,0,1,0,0,0,0,0,0,0,0,1,0,2,80.75208333333333,1,0,1,0.53650016,1398
0,0,0,0,28,1,1,59.54999923706055,1646.45,0,0,0,0,0,0,0,0,1,0,0,0,1,0,0,0,0,0,0,0,0,2,58.801785714285714,1,0,1,0.60036904,1305
1,0,1,1,72,0,0,38.5,2763.0,0,1,0,0,1,0,1,0,1,0,0,0,0,0,0,0,0,1,1,0,0,3,38.375,2,0,0,0.20351937,5212
0,0,1,0,20,1,0,19.25,375.25,0,0,0,1,0,1,0,1,0,1,0,1,0,1,0,1,0,0,0,0,0,0,18.7625,1,0,1,0.5348508,4667
1,0,0,0,60,1,0,79.0,4801.1,0,0,0,0,1,0,0,0,1,0,1,0,1,0,1,0,1,0,0,0,1,5,80.01833333333335,2,0,0,0.257329,6447
0,1,0,0,4,1,1,89.19999694824219,346.2,1,0,1,0,0,0,0,0,1,0,0,0,1,0,0,0,0,0,0,1,0,2,86.55,0,1,1,0.66716,582
0,0,1,0,46,1,0,55.0,2473.95,1,0,0,0,1,0,0,0,0,0,0,0,0,0,0,0,0,0,0,0,0,1,53.78152173913043,2,0,1,0.5128456,631
1,0,1,1,72,1,0,82.30000305175781,5815.15,1,0,0,0,1,0,1,0,1,0,1,0,1,0,0,0,0,1,0,0,0,5,80.76597222222222,2,0,0,0.20180753,1377
0,1,0,0,41,1,1,113.19999694824219,4689.5,1,0,1,0,1,0,1,0,1,0,0,0,1,0,1,0,0,0,0,1,0,5,114.3780487804878,2,1,1,0.5726695,1770
1,1,1,0,65,1,1,100.75,6674.65,1,0,1,0,1,0,0,0,0,0,0,0,1,0,1,0,1,0,0,1,0,3,102.68692307692307,2,0,0,0.40405592,3476
1,0,1,1,43,0,0,29.299999237060547,1224.05,0,1,0,0,0,0,1,0,0,0,0,0,0,0,0,0,0,0,1,0,0,1,28.46627906976744,2,0,1,0.53817326,6665
0,0,0,1,21,1,0,64.8499984741211,1336.8,0,0,0,0,1,0,0,0,1,0,0,0,0,0,1,0,1,0,0,0,1,3,63.65714285714286,1,0,0,0.25375235,2142
1,0,1,1,54,1,0,20.399999618530273,1090.6,0,0,0,1,0,1,0,1,0,1,0,1,0,1,0,1,0,1,1,0,0,0,20.196296296296296,2,0,0,0.1970722,1216
0,1,1,0,61,1,1,104.4000015258789,6405.0,1,0,1,0,0,0,1,0,1,0,0,0,1,0,1,0,1,0,1,0,0,4,105.0,2,1,0,0.40024903,4982
1,0,0,0,20,0,1,55.0,1165.55,0,1,0,0,1,0,1,0,1,0,1,0,1,0,0,0,0,0,1,0,0,5,58.277499999999996,1,0,0,0.4748429,5954
1,0,0,0,69,1,1,105.19999694824219,7386.05,1,0,1,0,0,0,1,0,0,0,1,0,1,0,1,0,1,0,0,0,0,4,107.04420289855072,2,0,0,0.39985391,2684
1,1,0,0,1,1,0,45.20000076293945,45.2,0,0,0,0,0,0,0,0,0,0,0,0,0,0,0,0,0,0,0,1,0,0,45.2,0,0,1,0.6209642,2296
1,1,1,0,33,1,1,93.55000305175781,3055.5,0,0,1,0,1,0,1,0,0,0,1,0,0,0,1,0,1,0,0,1,0,4,92.5909090909091,1,0,0,0.3102542,2665
1,0,0,1,19,1,0,20.850000381469727,467.5,0,0,0,1,0,1,0,1,0,1,0,1,0,1,0,1,0,1,1,0,0,0,24.605263157894736,1,0,0,0.1970722,6678
1,0,0,0,2,1,0,79.0,143.65,0,0,1,0,0,0,0,0,0,0,0,0,1,0,0,0,0,0,0,1,0,1,71.825,0,1,1,0.6651782,1772
0,0,1,1,13,1,1,63.150001525878906,816.8,0,0,0,0,1,0,0,0,1,0,0,0,0,0,1,0,0,0,0,0,1,3,62.83076923076923,1,0,0,0.4442934,2771
1,0,0,0,1,1,1,45.79999923706055,45.8,0,0,0,0,0,0,0,0,0,0,0,0,0,0,0,0,0,0,0,0,1,0,45.8,0,0,1,0.6209642,3065
0,0,1,1,55,1,0,55.70000076293945,3131.8,0,0,0,0,1,0,1,0,0,0,0,0,0,0,0,0,0,0,0,1,0,2,56.941818181818185,2,0,0,0.4442934,3461
1,0,0,0,22,1,1,95.0999984741211,2162.6,1,0,1,0,0,0,0,0,0,0,0,0,1,0,1,0,0,0,0,1,0,2,98.3,1,0,1,0.65988576,954
1,1,1,0,27,1,1,75.5,1893.95,1,0,1,0,0,0,0,0,0,0,0,0,0,0,0,0,0,0,0,1,0,0,70.1462962962963,1,1,1,0.65988576,1001
1,1,1,0,13,1,1,89.05000305175781,1169.35,0,0,1,0,0,0,1,0,0,0,1,0,0,0,1,0,0,0,0,0,0,3,89.94999999999999,1,1,1,0.61076933,1607
1,0,1,1,26,1,0,50.349998474121094,1285.8,0,0,0,0,0,0,0,0,1,0,0,0,0,0,0,0,1,0,0,0,1,1,49.45384615384615,1,0,0,0.24695776,4674
1,0,1,1,35,1,0,20.100000381469727,655.3,0,0,0,1,0,1,0,1,0,1,0,1,0,1,0,1,0,1,0,0,1,0,18.72285714285714,1,0,0,0.1970722,652
0,1,0,0,56,1,0,104.75,5841.35,1,0,1,0,0,0,1,0,1,0,0,0,1,0,1,0,0,0,0,1,0,4,104.30982142857144,2,0,1,0.64827424,3472
1,0,0,0,1,1,1,95.44999694824219,95.45,1,0,1,0,0,0,0,0,0,0,0,0,1,0,1,0,0,0,0,1,0,2,95.45,0,1,1,0.6651782,6866
1,1,1,0,1,1,0,74.30000305175781,74.3,1,0,1,0,0,0,0,0,0,0,0,0,0,0,0,0,0,0,0,1,0,0,74.3,0,0,1,0.6651782,2036
1,0,0,0,23,1,1,90.5999984741211,1943.2,1,0,1,0,0,0,0,0,0,0,1,0,1,0,0,0,0,0,0,1,0,2,84.48695652173913,1,1,1,0.6228987,1059
0,0,0,0,7,1,0,75.44999694824219,480.75,1,0,1,0,0,0,0,0,0,0,0,0,0,0,0,0,0,0,0,0,1,0,68.67857142857143,0,1,1,0.66716,2954
1,0,1,0,22,1,1,104.5999984741211,2180.55,0,0,1,0,1,0,1,0,0,0,1,0,1,0,1,0,0,0,0,1,0,5,99.1159090909091,1,0,1,0.53291136,5044
1,0,1,0,56,1,0,59.5,3389.25,1,0,0,0,0,0,1,0,1,0,0,0,0,0,0,0,0,1,1,0,0,2,60.52232142857143,2,0,0,0.20595346,4743
1,0,1,0,71,1,1,82.55000305175781,5832.65,0,0,0,0,1,0,0,0,1,0,1,0,1,0,1,0,0,1,0,1,0,5,82.14999999999999,2,0,0,0.20770471,6595
1,0,1,1,59,1,0,19.850000381469727,1188.25,0,0,0,1,0,1,0,1,0,1,0,1,0,1,0,1,0,1,0,0,1,0,20.139830508474578,2,0,0,0.1970722,1284
0,0,0,0,18,1,1,96.05000305175781,1740.7,0,0,1,0,1,0,0,0,0,0,0,0,1,0,1,0,0,0,0,1,0,3,96.70555555555556,1,1,1,0.58517975,4994
1,0,1,0,60,1,1,61.349998474121094,3766.2,0,0,0,0,1,0,1,0,0,0,1,0,0,0,0,0,0,1,0,0,1,3,62.769999999999996,2,0,0,0.2009723,5453
0,0,0,0,8,1,0,44.45000076293945,369.3,0,0,0,0,0,0,0,0,0,0,0,0,0,0,0,0,0,0,0,0,1,0,46.1625,0,0,1,0.6209642,4658
1,0,0,0,1,1,1,19.75,19.75,0,0,0,1,0,1,0,1,0,1,0,1,0,1,0,1,0,0,1,0,0,0,19.75,0,0,1,0.54837644,4491
0,1,1,0,1,1,1,70.44999694824219,70.45,0,0,1,0,0,0,0,0,0,0,0,0,0,0,0,0,0,0,0,0,1,0,70.45,0,1,1,0.66716,139
0,0,1,1,28,1,1,82.8499984741211,2320.8,0,0,1,0,1,0,0,0,0,0,0,0,0,0,1,0,1,0,0,0,0,2,82.88571428571429,1,0,0,0.29887253,5103
1,0,0,0,18,1,0,74.1500015258789,1387.0,1,0,1,0,0,0,0,0,0,0,0,0,0,0,0,0,0,0,0,0,1,0,77.05555555555556,1,0,1,0.65988576,6466
1,0,0,0,24,1,1,90.3499984741211,2238.5,0,0,1,0,0,0,0,0,0,0,0,0,1,0,1,0,0,0,0,1,0,2,93.27083333333333,1,1,1,0.65988576,2651
0,0,1,1,68,0,0,60.29999923706055,4109.0,0,1,0,0,0,0,1,0,1,0,1,0,1,0,1,0,0,1,1,0,0,5,60.4264705882353,2,0,0,0.20351937,303
1,0,1,1,71,1,1,104.6500015258789,7288.4,0,0,1,0,1,0,1,0,1,0,0,0,1,0,1,0,1,0,0,0,0,5,102.65352112676055,2,0,0,0.3825093,2308
1,0,1,1,64,1,1,19.700000762939453,1274.05,0,0,0,1,0,1,0,1,0,1,0,1,0,1,0,1,0,1,0,0,0,0,19.90703125,2,0,0,0.1970722,4280
0,0,1,0,72,1,1,110.75,7751.7,1,0,1,0,1,0,1,0,1,0,0,0,1,0,1,0,0,1,0,1,0,5,107.6625,2,0,0,0.2972119,4934
0,1,0,0,69,1,0,110.25,7467.55,1,0,1,0,1,0,0,0,1,0,1,0,1,0,1,0,0,1,1,0,0,5,108.22536231884058,2,0,0,0.3448234,6101
0,0,0,0,67,0,1,53.400001525878906,3579.15,0,1,0,0,0,0,0,0,1,0,1,0,1,0,1,0,0,0,1,0,0,4,53.420149253731346,2,0,1,0.56338114,6132
0,1,0,0,20,1,0,80.69999694824219,1614.2,0,0,1,0,0,0,0,0,0,0,0,0,1,0,0,0,0,0,0,0,0,1,80.71000000000001,1,0,1,0.65988576,1296
0,0,1,1,25,1,1,18.700000762939453,383.65,0,0,0,1,0,1,0,1,0,1,0,1,0,1,0,1,0,1,0,0,1,0,15.345999999999998,1,0,0,0.1970722,6906
0,0,0,0,50,1,1,89.69999694824219,4304.5,0,0,1,0,0,0,0,0,1,0,1,0,0,0,1,0,0,1,0,0,0,3,86.09,2,0,0,0.2124622,1750
0,0,1,1,6,1,1,48.95000076293945,273.25,1,0,0,0,0,0,0,0,0,0,0,0,0,0,0,0,0,0,1,0,0,0,45.541666666666664,0,0,1,0.5544073,1583
0,0,0,1,2,1,1,19.600000381469727,35.85,0,0,0,1,0,1,0,1,0,1,0,1,0,1,0,1,0,0,0,1,0,0,17.925,0,1,0,0.48041996,5806
0,0,0,0,18,1,0,20.100000381469727,407.05,0,0,0,1,0,1,0,1,0,1,0,1,0,1,0,1,1,0,0,0,1,0,22.61388888888889,1,0,0,0.2327209,2423
0,1,0,0,2,1,1,56.54999923706055,118.25,1,0,0,0,0,0,1,0,0,0,0,0,0,0,0,0,0,0,1,0,0,1,59.125,0,0,1,0.6180582,6345
1,0,0,0,3,0,1,40.150001525878906,130.75,0,1,0,0,0,0,0,0,1,0,0,0,1,0,0,0,0,0,0,0,1,2,43.583333333333336,0,1,1,0.6209642,6043
0,0,0,1,9,1,1,69.4000015258789,571.45,0,0,0,0,0,0,0,0,0,0,1,0,1,0,1,0,0,0,1,0,0,3,63.49444444444445,0,0,1,0.56807876,1207
1,0,0,0,1,1,1,69.9000015258789,69.9,0,0,1,0,0,0,0,0,0,0,0,0,0,0,0,0,0,0,0,1,0,0,69.9,0,1,1,0.6651782,1739
0,0,0,0,70,1,1,113.6500015258789,7939.25,1,0,1,0,1,0,1,0,1,0,1,0,1,0,1,0,0,1,0,0,0,6,113.41785714285714,2,0,0,0.24438776,3508
0,0,0,0,46,1,0,96.05000305175781,4399.5,1,0,1,0,0,0,0,0,0,0,0,0,1,0,1,0,0,0,0,0,0,2,95.6413043478261,2,1,1,0.65988576,1664
0,0,0,0,15,1,1,48.79999923706055,720.1,1,0,0,0,0,0,0,0,0,0,0,0,0,0,0,0,0,0,0,0,1,0,48.00666666666667,1,0,1,0.60036904,5854
0,0,0,0,53,1,0,19.850000381469727,1049.6,0,0,0,1,0,1,0,1,0,1,0,1,0,1,0,1,0,1,1,0,0,0,19.80377358490566,2,0,0,0.19847946,5756
0,0,0,0,1,1,1,55.400001525878906,55.4,0,0,0,0,0,0,0,0,0,0,0,0,0,0,1,0,0,0,0,1,0,1,55.4,0,1,1,0.6209642,6088
0,0,0,0,29,1,0,19.350000381469727,601.6,0,0,0,1,0,1,0,1,0,1,0,1,0,1,0,1,0,0,1,0,0,0,20.7448275862069,1,0,1,0.5317824,4148
0,0,0,0,1,1,1,77.1500015258789,77.15,1,0,1,0,0,0,0,0,0,0,0,0,0,0,0,0,0,0,0,1,0,0,77.15,0,1,1,0.66716,2464
1,0,0,0,69,0,1,60.04999923706055,4176.7,0,1,0,0,1,0,1,0,0,0,1,0,1,0,1,0,0,1,0,0,0,5,60.53188405797101,2,0,0,0.20438793,324
1,1,1,0,63,0,0,36.099998474121094,2298.9,0,1,0,0,1,0,0,0,0,0,1,0,0,0,0,0,1,0,0,0,0,2,36.490476190476194,2,0,0,0.23872513,6530
1,1,0,0,51,1,0,25.0,1260.7,1,0,0,1,0,1,0,1,0,1,0,1,0,1,0,1,1,0,0,0,0,0,24.719607843137254,2,0,0,0.2327209,3512
1,0,1,0,64,1,1,73.55000305175781,4764.0,0,0,1,0,1,0,0,0,0,0,0,0,0,0,0,0,0,0,0,0,1,1,74.4375,2,0,1,0.5761957,6485
0,0,1,1,52,1,1,84.05000305175781,4326.8,0,0,1,0,1,0,0,0,1,0,1,0,0,0,0,0,0,0,0,0,0,3,83.20769230769231,2,0,0,0.4781119,503
1,0,1,1,70,0,0,59.5,4144.8,0,1,0,0,1,0,0,0,1,0,1,0,1,0,1,0,0,1,0,0,0,5,59.21142857142858,2,0,0,0.20351937,1119
1,0,1,1,9,1,0,54.79999923706055,452.8,0,0,0,0,0,0,1,0,0,0,1,0,0,0,0,0,0,0,0,0,1,2,50.31111111111111,0,0,1,0.5220646,5692
0,0,0,0,3,1,0,83.75,247.25,0,0,1,0,0,0,1,0,0,0,0,0,1,0,0,0,0,0,0,1,0,2,82.41666666666667,0,1,1,0.66716,1867
1,0,1,0,70,1,1,74.80000305175781,5315.8,1,0,0,0,1,0,0,0,1,0,1,0,0,0,1,0,0,1,1,0,0,4,75.94,2,0,0,0.2009723,5572
1,0,0,0,21,1,1,84.0999984741211,1737.45,1,0,1,0,0,0,0,0,0,0,0,0,0,0,1,0,0,0,0,1,0,1,82.7357142857143,1,0,1,0.65988576,2150
0,1,0,0,5,1,1,75.55000305175781,349.65,0,0,1,0,0,0,0,0,1,0,0,0,0,0,0,0,0,0,1,0,0,1,69.92999999999999,0,1,1,0.6644168,1439
1,0,0,0,20,1,1,108.19999694824219,2203.7,0,0,1,0,1,0,1,0,1,0,1,0,1,0,1,0,0,0,0,0,0,6,110.18499999999999,1,0,1,0.5370813,4554
0,1,1,0,72,1,1,109.75,8075.35,1,0,1,0,1,0,0,0,1,0,1,0,1,0,1,0,0,1,0,0,1,5,112.1576388888889,2,0,0,0.22117387,5319
1,0,1,1,72,1,0,20.299999237060547,1401.15,0,0,0,1,0,1,0,1,0,1,0,1,0,1,0,1,0,1,0,0,0,0,19.460416666666667,2,0,0,0.1970722,1824
0,1,0,0,2,1,1,70.6500015258789,142.35,0,0,1,0,0,0,0,0,0,0,0,0,0,0,0,0,0,0,0,1,0,0,71.175,0,1,1,0.66716,6273
0,0,1,1,23,1,1,75.30000305175781,1702.9,0,0,1,0,0,0,0,0,1,0,0,0,0,0,0,0,0,0,1,0,0,1,74.0391304347826,1,0,1,0.5982501,2081
0,0,0,0,4,1,0,20.950000762939453,85.5,0,0,0,1,0,1,0,1,0,1,0,1,0,1,0,1,0,0,0,0,0,0,21.375,0,1,1,0.53559256,3630
1,0,0,0,32,1,1,80.3499984741211,2596.15,1,0,1,0,0,0,1,0,0,0,0,0,0,0,0,0,0,0,0,0,0,1,81.1296875,1,1,1,0.64827424,554
0,0,0,0,36,1,1,89.6500015258789,3348.1,1,0,0,0,1,0,0,0,1,0,1,0,1,0,1,0,1,0,1,0,0,5,93.00277777777778,1,0,0,0.29589638,6160
1,0,0,0,24,1,1,49.70000076293945,1218.25,0,0,0,0,0,0,1,0,0,0,0,0,0,0,0,0,0,0,0,0,1,1,50.760416666666664,1,0,1,0.60036904,6977
1,0,0,0,6,1,1,49.5,312.7,0,0,0,0,0,0,0,0,0,0,1,0,0,0,0,0,0,0,1,0,0,1,52.11666666666667,0,0,1,0.5794216,5000
1,0,1,1,23,1,0,59.70000076293945,1414.2,1,0,0,0,0,0,1,0,0,0,1,0,0,0,0,0,0,1,0,0,1,2,61.48695652173913,1,0,0,0.20011461,2234
0,0,1,1,48,1,0,20.649999618530273,1057.0,0,0,0,1,0,1,0,1,0,1,0,1,0,1,0,1,0,1,0,0,0,0,22.020833333333332,2,0,0,0.1970722,87
0,0,0,0,28,1,1,54.900001525878906,1505.15,1,0,0,0,0,0,0,0,0,0,1,0,0,0,0,0,0,0,1,0,0,1,53.75535714285714,1,0,1,0.55817515,1777
1,1,0,0,52,0,1,49.150001525878906,2550.9,0,1,0,0,0,0,1,0,0,0,0,0,1,0,1,0,0,0,0,1,0,3,49.05576923076923,2,1,1,0.60542923,674
0,0,0,0,3,1,1,74.94999694824219,212.4,1,0,1,0,0,0,0,0,0,0,0,0,0,0,0,0,0,0,0,1,0,0,70.8,0,0,1,0.66716,3885
0,0,0,0,2,1,0,80.55000305175781,184.1,0,0,1,0,0,0,0,0,0,0,0,0,0,0,1,0,0,0,0,1,0,1,92.05,0,1,1,0.66716,2156
1,0,0,0,4,1,0,19.950000762939453,68.2,0,0,0,1,0,1,0,1,0,1,0,1,0,1,0,1,1,0,0,0,1,0,17.05,0,0,0,0.23325378,5691
1,0,0,0,5,1,1,69.69999694824219,316.9,0,0,1,0,0,0,0,0,0,0,0,0,0,0,0,0,0,0,0,1,0,0,63.379999999999995,0,1,1,0.6651782,36
0,1,0,0,1,1,1,69.5999984741211,69.6,0,0,1,0,0,0,0,0,0,0,0,0,0,0,0,0,0,0,0,1,0,0,69.6,0,1,1,0.66716,1731
1,0,1,1,66,1,1,19.75,1344.5,0,0,0,1,0,1,0,1,0,1,0,1,0,1,0,1,0,1,0,0,1,0,20.37121212121212,2,0,0,0.1970722,4301
0,0,1,0,52,1,1,102.69999694824219,5138.1,1,0,1,0,0,0,1,0,0,0,1,0,1,0,1,0,0,0,1,0,0,4,98.8096153846154,2,0,1,0.6078345,325
0,0,0,0,1,0,0,24.600000381469727,24.6,0,1,0,0,0,0,0,0,0,0,0,0,0,0,0,0,0,0,0,1,0,0,24.6,0,1,1,0.6209642,893
1,0,0,0,35,1,1,89.19999694824219,3251.3,0,0,1,0,1,0,0,0,0,0,1,0,0,0,1,0,1,0,0,1,0,3,92.89428571428572,1,0,0,0.31334946,6939
1,0,1,0,3,1,1,55.79999923706055,154.55,0,0,0,0,0,0,0,0,1,0,1,0,0,0,0,0,0,0,0,0,1,2,51.51666666666667,0,0,1,0.582423,1443
0,1,0,0,66,1,1,102.8499984741211,6976.75,1,0,1,0,0,0,0,0,1,0,1,0,1,0,1,0,1,0,1,0,0,4,105.70833333333333,2,0,0,0.40924695,617
0,0,0,0,59,1,0,68.69999694824219,4070.95,1,0,0,0,1,0,0,0,0,0,1,0,0,0,1,0,1,0,0,0,0,3,68.99915254237288,2,0,0,0.257329,5262
1,0,1,1,52,1,0,25.75,1345.85,1,0,0,1,0,1,0,1,0,1,0,1,0,1,0,1,0,1,0,0,1,0,25.881730769230767,2,0,0,0.1970722,2199
0,0,0,0,8,1,1,73.5,632.2,1,0,1,0,0,0,0,0,0,0,0,0,0,0,0,0,0,0,0,1,0,0,79.025,0,0,1,0.66716,5110
0,0,0,0,5,1,1,53.79999923706055,283.95,1,0,0,0,1,0,0,0,0,0,0,0,0,0,0,0,0,0,0,1,0,1,56.79,0,0,1,0.52150065,1166
1,0,0,0,4,0,1,44.54999923706055,174.3,0,1,0,0,0,0,0,0,0,0,0,0,1,0,1,0,0,0,0,1,0,2,43.575,0,1,1,0.6209642,2748
1,0,1,1,50,1,1,70.5,3486.65,1,0,0,0,1,0,0,0,0,0,1,0,1,0,0,0,0,1,1,0,0,3,69.733,2,0,0,0.20011461,3056
1,0,1,1,62,1,0,108.1500015258789,6825.65,0,0,1,0,1,0,1,0,1,0,1,0,1,0,1,0,0,1,0,0,1,6,110.09112903225805,2,0,0,0.33075678,2021
0,0,0,0,61,1,0,19.450000762939453,1336.35,0,0,0,1,0,1,0,1,0,1,0,1,0,1,0,1,1,0,0,0,0,0,21.907377049180326,2,0,0,0.2327209,5858
1,0,1,1,55,1,0,85.5,4713.4,1,0,1,0,0,0,0,0,0,0,0,0,0,0,1,0,0,0,0,0,0,1,85.69818181818181,2,0,1,0.5982501,522
1,0,0,0,5,1,0,20.049999237060547,95.55,0,0,0,1,0,1,0,1,0,1,0,1,0,1,0,1,0,0,1,0,0,0,19.11,0,0,1,0.53252476,6564
0,0,1,1,35,1,1,54.95000076293945,1916.0,0,0,0,0,1,0,0,0,0,0,1,0,0,0,0,0,1,0,0,0,0,2,54.74285714285714,1,0,0,0.23154294,979
1,0,0,1,22,1,1,89.0999984741211,1949.4,1,0,1,0,0,0,1,0,0,0,0,0,1,0,0,0,0,0,1,0,0,2,88.60909090909091,1,0,1,0.58585507,6
1,0,0,0,57,0,0,53.349998474121094,3090.05,0,1,0,0,0,0,0,0,1,0,1,0,1,0,1,0,0,1,1,0,0,4,54.21140350877193,2,0,0,0.20438793,4474
1,1,1,0,57,1,1,95.25,5427.05,1,0,1,0,0,0,1,0,1,0,0,0,0,0,1,0,0,0,0,0,0,3,95.21140350877194,2,1,1,0.64827424,2206
0,0,1,0,64,1,0,19.450000762939453,1225.65,0,0,0,1,0,1,0,1,0,1,0,1,0,1,0,1,0,1,1,0,0,0,19.15078125,2,0,0,0.19847946,2874
0,0,0,0,26,1,1,95.8499984741211,2475.35,0,0,1,0,1,0,0,0,1,0,1,0,0,0,1,0,1,0,0,0,0,4,95.20576923076922,1,0,0,0.34213784,3152
0,1,1,0,39,1,0,99.0999984741211,3877.95,0,0,1,0,1,0,1,0,0,0,0,0,1,0,1,0,1,0,0,0,1,4,99.43461538461538,2,0,0,0.38648725,6147
0,0,1,0,19,1,1,59.79999923706055,1130.85,0,0,0,0,0,0,1,0,0,0,0,0,0,0,1,0,0,0,0,0,1,2,59.518421052631574,1,0,1,0.60036904,6110
1,0,1,0,31,1,0,93.80000305175781,3019.5,1,0,1,0,0,0,1,0,1,0,0,0,1,0,0,0,0,0,0,1,0,3,97.40322580645162,1,1,1,0.64827424,3544
0,0,1,1,6,1,0,19.850000381469727,119.3,0,0,0,1,0,1,0,1,0,1,0,1,0,1,0,1,0,0,0,0,1,0,19.883333333333333,0,0,0,0.47369415,2473
1,0,0,0,52,1,1,89.44999694824219,4577.75,1,0,1,0,0,0,0,0,1,0,0,0,0,0,1,0,0,1,1,0,0,2,88.03365384615384,2,0,0,0.21765059,1117
1,0,1,1,53,1,0,85.69999694824219,4616.1,1,0,0,0,1,0,0,0,1,0,1,0,1,0,1,0,0,0,0,1,0,5,87.09622641509435,2,0,0,0.46065903,2011
0,1,0,0,56,1,1,111.94999694824219,6418.9,1,0,1,0,0,0,1,0,1,0,1,0,1,0,1,0,1,0,0,1,0,5,114.62321428571428,2,1,0,0.39985391,6972
1,0,1,1,56,1,1,75.8499984741211,4261.2,1,0,0,0,1,0,1,0,0,0,1,0,0,0,1,0,0,1,1,0,0,4,76.09285714285714,2,0,0,0.20180753,2479
1,0,1,1,49,1,1,99.80000305175781,4872.45,1,0,1,0,0,0,0,0,1,0,0,0,1,0,1,0,0,0,0,1,0,3,99.43775510204081,2,1,1,0.5982501,1926
1,0,0,1,39,1,0,25.0,1004.35,1,0,0,1,0,1,0,1,0,1,0,1,0,1,0,1,0,1,0,0,1,0,25.752564102564104,2,0,0,0.1970722,3644
0,0,1,1,61,1,1,99.1500015258789,6010.05,1,0,1,0,0,0,1,0,0,0,0,0,1,0,1,0,0,0,0,1,0,3,98.52540983606558,2,1,1,0.58585507,2877
0,0,1,0,43,0,0,34.0,1505.35,0,1,0,0,1,0,0,0,0,0,1,0,0,0,0,0,0,0,0,0,0,2,35.00813953488372,2,0,0,0.47791812,6522
0,0,0,0,5,1,0,19.549999237060547,99.6,0,0,0,1,0,1,0,1,0,1,0,1,0,1,0,1,1,0,0,1,0,0,19.919999999999998,0,0,0,0.23325378,2179
0,0,0,0,11,1,0,20.299999237060547,246.3,0,0,0,1,0,1,0,1,0,1,0,1,0,1,0,1,0,0,0,0,0,0,22.39090909090909,0,0,1,0.53559256,4593
1,0,0,0,2,1,0,24.850000381469727,62.0,1,0,0,1,0,1,0,1,0,1,0,1,0,1,0,1,0,0,0,0,1,0,31.0,0,0,1,0.53559256,852
0,0,0,0,13,1,1,96.6500015258789,1244.5,1,0,1,0,1,0,1,0,0,0,0,0,1,0,0,0,0,0,0,1,0,3,95.73076923076923,1,1,1,0.5726695,5628
1,0,1,1,72,1,0,81.0,5750.0,1,0,0,0,1,0,1,0,1,0,1,0,0,0,1,0,0,1,1,0,0,5,79.86111111111111,2,0,0,0.20180753,6097
0,1,0,0,46,1,1,69.0999984741211,3255.35,1,0,0,0,0,0,0,0,1,0,1,0,0,0,1,0,1,0,1,0,0,3,70.76847826086956,2,0,0,0.271404,4879
1,0,1,0,71,1,1,108.55000305175781,7616.0,1,0,1,0,1,0,0,0,1,0,1,0,1,0,1,0,0,1,1,0,0,5,107.26760563380282,2,0,0,0.3448234,807
0,0,0,0,36,1,1,87.55000305175781,3078.1,0,0,1,0,0,0,0,0,1,0,1,0,0,0,1,0,0,0,0,1,0,3,85.50277777777778,1,1,1,0.6228987,5787
1,0,1,0,64,1,1,108.5,6880.85,1,0,1,0,1,0,0,0,1,0,1,0,1,0,1,0,1,0,0,0,1,5,107.51328125,2,0,0,0.40069544,4925
0,0,0,0,1,1,0,75.30000305175781,75.3,0,0,1,0,1,0,0,0,0,0,0,0,0,0,0,0,0,0,0,0,1,1,75.3,0,1,1,0.5714528,581
0,0,1,0,15,1,1,84.30000305175781,1308.4,0,0,1,0,0,0,0,0,1,0,0,0,1,0,0,0,0,0,0,1,0,2,87.22666666666667,1,1,1,0.65988576,1412
1,0,1,0,36,1,0,20.0,666.75,0,0,0,1,0,1,0,1,0,1,0,1,0,1,0,1,1,0,0,0,1,0,18.520833333333332,1,0,0,0.2327209,1462
0,0,1,1,6,0,0,40.54999923706055,217.5,0,1,0,0,0,0,1,0,1,0,1,0,0,0,0,0,0,1,0,0,1,3,36.25,0,0,0,0.21434374,4710
1,0,1,0,30,1,1,50.0,1474.9,0,0,0,0,0,0,0,0,1,0,0,0,0,0,0,0,0,0,0,0,1,1,49.163333333333334,1,0,1,0.60036904,1544
1,0,0,0,1,1,1,59.849998474121094,59.85,1,0,0,0,0,0,0,0,0,0,0,0,1,0,0,0,0,0,0,1,0,1,59.85,0,1,1,0.6209642,1730
1,0,0,0,13,1,1,80.8499984741211,1008.7,0,0,1,0,0,0,0,0,0,0,0,0,0,0,1,0,0,0,0,1,0,1,77.5923076923077,1,1,1,0.65988576,5423
1,0,1,1,61,1,0,20.399999618530273,1226.45,0,0,0,1,0,1,0,1,0,1,0,1,0,1,0,1,1,0,0,0,1,0,20.105737704918035,2,0,0,0.22875902,4175
1,0,1,1,72,1,1,107.69999694824219,7919.8,1,0,1,0,1,0,1,0,0,0,1,0,1,0,1,0,0,1,1,0,0,5,109.99722222222222,2,0,0,0.21053055,3966
0,0,1,1,67,1,0,74.0,4868.4,1,0,0,0,1,0,1,0,0,0,1,0,1,0,0,0,0,1,1,0,0,4,72.66268656716417,2,0,0,0.20180753,2772
0,0,0,0,34,1,1,79.94999694824219,2727.3,0,0,0,0,1,0,0,0,1,0,1,0,1,0,1,0,1,0,0,0,0,5,80.21470588235294,1,0,0,0.257329,5881
0,0,1,0,72,1,0,20.5,1502.25,0,0,0,1,0,1,0,1,0,1,0,1,0,1,0,1,0,1,1,0,0,0,20.864583333333332,2,0,0,0.19847946,1815
1,0,1,0,46,1,0,65.6500015258789,3047.15,0,0,0,0,1,0,1,0,1,0,1,0,0,0,0,0,0,1,0,0,1,4,66.24239130434783,2,0,0,0.2009723,5115
0,0,0,0,7,1,1,75.0999984741211,552.95,1,0,1,0,0,0,0,0,0,0,0,0,0,0,0,0,0,0,0,0,0,0,78.99285714285715,0,1,1,0.66716,4995
0,1,0,0,7,1,0,76.44999694824219,503.6,0,0,1,0,1,0,0,0,0,0,0,0,0,0,0,0,0,0,0,0,0,1,71.94285714285715,0,1,1,0.5714528,177
1,0,1,0,72,1,1,67.80000305175781,4804.65,1,0,0,0,1,0,1,0,1,0,1,0,0,0,0,0,0,1,0,0,0,4,66.73124999999999,2,0,0,0.2009723,4004
0,0,1,1,32,1,1,86.0999984741211,2723.75,0,0,1,0,0,0,1,0,0,0,0,0,1,0,0,0,0,0,0,1,0,2,85.1171875,1,0,1,0.58585507,959
1,0,0,0,39,1,1,53.849998474121094,2200.7,1,0,0,0,0,0,0,0,0,0,1,0,0,0,0,0,0,1,1,0,0,1,56.42820512820512,2,0,0,0.2009723,1115
1,0,1,1,47,1,1,96.0999984741211,4391.45,0,0,1,0,1,0,1,0,1,0,0,0,0,0,1,0,1,0,0,1,0,4,93.43510638297872,2,0,0,0.32885626,1573
0,1,1,0,50,1,1,95.05000305175781,4888.7,1,0,1,0,0,0,1,0,1,0,0,0,1,0,0,0,0,0,0,1,0,3,97.774,2,1,1,0.64827424,3525
1,0,1,1,58,1,1,19.549999237060547,1108.8,0,0,0,1,0,1,0,1,0,1,0,1,0,1,0,1,1,0,0,1,0,0,19.117241379310343,2,0,0,0.22875902,2227
0,0,0,0,41,1,1,81.30000305175781,3190.65,1,0,1,0,1,0,0,0,0,0,0,0,0,0,0,0,0,0,1,0,0,1,77.82073170731708,2,0,1,0.5731824,6454
0,1,1,0,4,1,1,83.25,308.05,1,0,1,0,0,0,0,0,0,0,0,0,1,0,0,0,0,0,0,1,0,1,77.0125,0,0,1,0.66716,935
0,0,1,1,32,1,0,61.400001525878906,1864.65,0,0,0,0,1,0,1,0,0,0,1,0,0,0,0,0,0,0,0,0,0,3,58.2703125,1,0,0,0.41242892,4430
1,0,0,0,1,1,0,20.75,20.75,0,0,0,1,0,1,0,1,0,1,0,1,0,1,0,1,0,0,1,0,0,0,20.75,0,0,1,0.54837644,4325
1,0,0,0,19,1,0,19.649999618530273,358.15,0,0,0,1,0,1,0,1,0,1,0,1,0,1,0,1,0,1,0,0,1,0,18.849999999999998,1,0,0,0.19847946,3365
0,1,1,0,62,1,1,104.8499984741211,6312.9,1,0,1,0,1,0,0,0,1,0,0,0,1,0,1,0,1,0,0,1,0,4,101.82096774193548,2,0,0,0.40405592,4577
0,0,0,0,1,1,0,74.0999984741211,74.1,0,0,0,0,0,0,0,0,1,0,1,0,1,0,1,0,1,0,1,0,0,4,74.1,0,0,0,0.28887156,1286
0,0,0,0,12,1,1,61.650001525878906,713.75,1,0,0,0,1,0,0,0,1,0,1,0,0,0,0,0,0,0,0,0,1,3,59.479166666666664,0,1,0,0.4812939,595
0,0,1,0,48,0,1,45.29999923706055,2145.0,0,1,0,0,1,0,0,0,1,0,0,0,0,0,1,0,0,0,0,0,0,3,44.6875,2,1,1,0.5181246,481
0,0,0,1,3,1,1,64.5,177.4,0,0,0,0,1,0,0,0,0,0,1,0,0,0,1,0,0,0,0,0,0,3,59.13333333333333,0,0,0,0.43264404,74
0,0,1,0,40,1,1,78.8499984741211,3126.85,1,0,1,0,0,0,0,0,0,0,1,0,0,0,0,0,0,0,1,0,0,1,78.17125,2,0,1,0.61999846,2099
1,0,0,0,19,0,1,25.149999618530273,468.35,0,1,0,0,0,0,0,0,0,0,0,0,0,0,0,0,0,0,0,0,0,0,24.650000000000002,1,0,1,0.60542923,3940
0,0,0,0,1,1,1,70.25,70.25,0,0,1,0,0,0,0,0,0,0,0,0,0,0,0,0,0,0,0,1,0,0,70.25,0,1,1,0.66716,5662
0,0,1,1,67,1,1,24.899999618530273,1680.25,1,0,0,1,0,1,0,1,0,1,0,1,0,1,0,1,0,1,0,0,1,0,25.078358208955223,2,0,0,0.1970722,6300
0,0,1,1,16,1,0,100.69999694824219,1522.7,0,0,1,0,1,0,0,0,1,0,0,0,1,0,1,0,0,0,0,0,0,4,95.16875,1,0,1,0.5198566,4692
0,0,0,0,1,1,1,19.549999237060547,19.55,0,0,0,1,0,1,0,1,0,1,0,1,0,1,0,1,0,0,0,0,1,0,19.55,0,0,1,0.55142784,4784
0,0,0,1,21,0,0,53.150001525878906,1183.2,0,1,0,0,1,0,1,0,1,0,1,0,1,0,0,0,0,1,0,0,1,5,56.34285714285714,1,0,0,0.20351937,6783
0,1,1,1,29,0,1,35.650001525878906,1025.15,0,1,0,0,0,0,1,0,1,0,0,0,0,0,0,0,0,0,0,0,1,2,35.35,1,0,1,0.53817326,3454
1,1,1,1,20,1,0,94.30000305175781,1818.3,0,0,1,0,1,0,0,0,1,0,1,0,0,0,1,0,1,0,1,0,0,4,90.91499999999999,1,0,0,0.34028155,510
0,0,1,0,13,1,0,94.0999984741211,1215.6,1,0,1,0,0,0,1,0,1,0,0,0,1,0,0,0,0,0,0,1,0,3,93.5076923076923,1,1,1,0.64827424,6599
1,0,1,1,9,0,1,29.950000762939453,248.95,0,1,0,0,0,0,1,0,0,0,0,0,0,0,0,0,0,0,0,1,0,1,27.66111111111111,0,1,1,0.5544073,610
1,0,1,0,51,1,1,83.25,4089.45,0,0,0,0,1,0,1,0,1,0,1,0,1,0,1,0,0,1,1,0,0,6,80.18529411764706,2,0,0,0.2009723,3850
1,0,1,1,60,1,1,79.05000305175781,4663.4,0,0,0,0,1,0,1,0,0,0,1,0,1,0,1,0,0,0,1,0,0,5,77.72333333333333,2,0,0,0.46065903,6827
0,1,0,0,20,1,1,79.1500015258789,1520.9,1,0,1,0,1,0,0,0,0,0,0,0,0,0,0,0,0,0,0,1,0,1,76.045,1,1,1,0.5761957,3702
1,0,0,0,9,0,1,34.70000076293945,296.1,0,1,0,0,0,0,0,0,0,0,0,0,1,0,0,0,0,0,1,0,0,1,32.900000000000006,0,1,1,0.6180582,5536
0,1,1,0,8,1,1,80.6500015258789,633.3,1,0,1,0,0,0,1,0,0,0,0,0,0,0,0,0,0,0,1,0,0,1,79.1625,0,1,1,0.6644168,53
1,0,1,0,63,1,0,79.80000305175781,5034.05,1,0,0,0,0,0,0,0,1,0,1,0,1,0,1,0,0,1,1,0,0,4,79.90555555555555,2,0,0,0.2009723,4365
0,0,1,1,10,1,1,65.9000015258789,660.05,0,0,0,0,0,0,1,0,1,0,0,0,0,0,1,0,1,0,0,0,1,3,66.005,0,0,0,0.2875438,4249
0,0,0,0,3,1,1,69.94999694824219,220.45,0,0,0,0,0,0,0,0,1,0,0,0,1,0,1,0,1,0,0,1,0,3,73.48333333333333,0,0,0,0.297798,1635
1,0,1,1,44,1,0,20.600000381469727,926.0,0,0,0,1,0,1,0,1,0,1,0,1,0,1,0,1,1,0,0,0,0,0,21.045454545454547,2,0,0,0.22875902,2503
1,0,1,1,8,1,1,51.29999923706055,411.6,0,0,0,0,1,0,0,0,0,0,0,0,0,0,0,0,0,0,1,0,0,1,51.45,0,0,0,0.45286712,3470
1,0,1,1,61,1,1,106.0,6547.7,1,0,1,0,1,0,1,0,0,0,0,0,1,0,1,0,1,0,0,1,0,4,107.33934426229509,2,1,0,0.3825093,1477
0,0,1,1,43,1,1,99.30000305175781,4209.95,1,0,1,0,0,0,0,0,1,0,0,0,1,0,1,0,0,0,0,0,0,3,97.90581395348836,2,0,1,0.5982501,1045
1,0,1,0,43,1,1,56.349998474121094,2391.15,0,0,0,0,0,0,0,0,0,0,0,0,1,0,0,0,1,0,0,0,1,1,55.608139534883726,2,0,0,0.25628528,3776
0,0,0,0,5,1,1,50.599998474121094,249.95,1,0,0,0,0,0,0,0,0,0,0,0,0,0,0,0,0,0,0,0,1,0,49.989999999999995,0,1,1,0.6209642,3737
1,0,1,1,29,1,0,69.05000305175781,1958.45,1,0,0,0,1,0,0,0,0,0,1,0,1,0,0,0,1,0,0,0,0,3,67.53275862068966,1,0,0,0.23154294,6611
1,1,1,0,54,1,1,99.05000305175781,5295.7,1,0,1,0,0,0,0,0,1,0,0,0,1,0,1,0,0,0,1,0,0,3,98.06851851851852,2,0,1,0.6571134,6244
1,0,1,0,50,1,1,98.25,4858.7,1,0,1,0,0,0,1,0,0,0,0,0,1,0,1,0,1,0,0,1,0,3,97.17399999999999,2,0,0,0.39788508,3869
0,0,0,0,68,1,1,88.1500015258789,6148.45,1,0,0,0,1,0,1,0,1,0,1,0,1,0,1,0,0,1,0,1,0,6,90.41838235294118,2,0,0,0.20770471,337
0,1,1,1,1,1,1,69.25,69.25,0,0,1,0,0,0,0,0,0,0,0,0,0,0,0,0,0,0,0,1,0,0,69.25,0,1,1,0.6150095,2900
0,0,1,1,72,1,1,108.30000305175781,7679.65,0,0,1,0,1,0,1,0,1,0,1,0,1,0,1,0,0,1,0,0,0,6,106.66180555555555,2,0,0,0.2919042,6412
0,0,0,0,55,1,1,73.0999984741211,4144.9,1,0,1,0,0,0,0,0,0,0,0,0,0,0,0,0,0,0,0,1,0,0,75.36181818181818,2,0,1,0.65988576,6399
1,0,0,0,3,1,1,70.30000305175781,220.4,0,0,1,0,0,0,0,0,0,0,0,0,0,0,0,0,0,0,0,0,1,0,73.46666666666667,0,0,1,0.6651782,4223
1,0,0,0,1,1,0,19.049999237060547,19.05,0,0,0,1,0,1,0,1,0,1,0,1,0,1,0,1,0,0,0,0,1,0,19.05,0,0,1,0.55142784,1733
0,0,1,1,7,1,0,19.850000381469727,144.15,0,0,0,1,0,1,0,1,0,1,0,1,0,1,0,1,0,1,0,0,1,0,20.592857142857145,0,0,0,0.19754447,5077
1,1,0,0,9,1,1,84.4000015258789,732.5,1,0,1,0,0,0,0,0,0,0,0,0,0,0,1,0,0,0,1,0,0,1,81.38888888888889,0,1,1,0.6624268,1421
1,0,0,0,37,0,0,35.79999923706055,1316.9,0,1,0,0,0,0,0,0,0,0,0,0,1,0,0,0,0,1,1,0,0,1,35.5918918918919,2,0,0,0.20943157,4765
1,0,1,1,62,1,0,86.0999984741211,5215.25,0,0,0,0,1,0,1,0,1,0,1,0,1,0,1,0,0,1,0,1,0,6,84.11693548387096,2,0,0,0.20856062,153
0,0,1,1,56,1,1,61.29999923706055,3346.8,0,0,0,0,1,0,1,0,1,0,0,0,0,0,0,0,0,1,1,0,0,3,59.76428571428572,2,0,0,0.20011461,4708
0,0,1,1,27,1,0,24.5,761.95,1,0,0,1,0,1,0,1,0,1,0,1,0,1,0,1,0,1,0,1,0,0,28.22037037037037,1,0,0,0.20370728,3701
0,0,1,1,49,1,1,87.19999694824219,4345.0,0,0,0,0,1,0,1,0,1,0,1,0,1,0,1,0,1,0,0,0,1,6,88.6734693877551,2,0,0,0.2967451,5143
1,0,1,1,28,1,1,20.299999237060547,487.95,0,0,0,1,0,1,0,1,0,1,0,1,0,1,0,1,0,1,1,0,0,0,17.426785714285714,1,0,0,0.1970722,4439
1,0,0,0,5,1,0,20.649999618530273,93.55,0,0,0,1,0,1,0,1,0,1,0,1,0,1,0,1,0,0,0,0,0,0,18.71,0,0,1,0.53559256,3857
0,0,0,0,56,1,0,19.700000762939453,1051.9,0,0,0,1,0,1,0,1,0,1,0,1,0,1,0,1,0,1,0,0,0,0,18.78392857142857,2,0,0,0.19847946,4758
0,0,1,1,72,1,1,70.44999694824219,5165.7,1,0,0,0,1,0,1,0,1,0,1,0,0,0,0,0,0,1,0,0,0,4,71.74583333333334,2,0,0,0.20011461,5613
