gender,SeniorCitizen,Partner,Dependents,tenure,PhoneService,PaperlessBilling,MonthlyCharges,TotalCharges,Churn,MultipleLines_True,MultipleLines_No phone service,InternetService_Fiber optic,InternetService_No,OnlineSecurity_True,OnlineSecurity_No internet service,OnlineBackup_True,OnlineBackup_No internet service,DeviceProtection_True,DeviceProtection_No internet service,TechSupport_True,TechSupport_No internet service,StreamingTV_True,StreamingTV_No internet service,StreamingMovies_True,StreamingMovies_No internet service,Contract_One year,Contract_Two year,PaymentMethod_Credit card (automatic),PaymentMethod_Electronic check,PaymentMethod_Mailed check
0,0,1,0,1,0,1,29.850000381469727,29.85,0,0,1,0,0,0,0,1,0,0,0,0,0,0,0,0,0,0,0,0,1,0
1,0,0,0,34,1,0,56.95000076293945,1889.5,0,0,0,0,0,1,0,0,0,1,0,0,0,0,0,0,0,1,0,0,0,1
1,0,0,0,2,1,1,53.849998474121094,108.15,1,0,0,0,0,1,0,1,0,0,0,0,0,0,0,0,0,0,0,0,0,1
1,0,0,0,45,0,0,42.29999923706055,1840.75,0,0,1,0,0,1,0,0,0,1,0,1,0,0,0,0,0,1,0,0,0,0
0,0,0,0,2,1,1,70.69999694824219,151.65,1,0,0,1,0,0,0,0,0,0,0,0,0,0,0,0,0,0,0,0,1,0
0,0,0,0,8,1,1,99.6500015258789,820.5,1,1,0,1,0,0,0,0,0,1,0,0,0,1,0,1,0,0,0,0,1,0
1,0,0,1,22,1,1,89.0999984741211,1949.4,0,1,0,1,0,0,0,1,0,0,0,0,0,1,0,0,0,0,0,1,0,0
0,0,0,0,10,0,0,29.75,301.9,0,0,1,0,0,1,0,0,0,0,0,0,0,0,0,0,0,0,0,0,0,1
0,0,1,0,28,1,1,104.80000305175781,3046.05,1,1,0,1,0,0,0,0,0,1,0,1,0,1,0,1,0,0,0,0,1,0
1,0,0,1,62,1,0,56.150001525878906,3487.95,0,0,0,0,0,1,0,1,0,0,0,0,0,0,0,0,0,1,0,0,0,0
1,0,1,1,13,1,1,49.95000076293945,587.45,0,0,0,0,0,1,0,0,0,0,0,0,0,0,0,0,0,0,0,0,0,1
1,0,0,0,16,1,0,18.950000762939453,326.8,0,0,0,0,1,0,1,0,1,0,1,0,1,0,1,0,1,0,1,1,0,0
1,0,1,0,58,1,0,100.3499984741211,5681.1,0,1,0,1,0,0,0,0,0,1,0,0,0,1,0,1,0,1,0,1,0,0
1,0,0,0,49,1,1,103.69999694824219,5036.3,1,1,0,1,0,0,0,1,0,1,0,0,0,1,0,1,0,0,0,0,0,0
1,0,0,0,25,1,1,105.5,2686.05,0,0,0,1,0,1,0,0,0,1,0,1,0,1,0,1,0,0,0,0,1,0
0,0,1,1,69,1,0,113.25,7895.15,0,1,0,1,0,1,0,1,0,1,0,1,0,1,0,1,0,0,1,1,0,0
0,0,0,0,52,1,0,20.649999618530273,1022.95,0,0,0,0,1,0,1,0,1,0,1,0,1,0,1,0,1,1,0,0,0,1
1,0,0,1,71,1,0,106.69999694824219,7382.25,0,1,0,1,0,1,0,0,0,1,0,0,0,1,0,1,0,0,1,0,0,0
0,0,1,1,10,1,0,55.20000076293945,528.35,1,0,0,0,0,0,0,0,0,1,0,1,0,0,0,0,0,0,0,1,0,0
0,0,0,0,21,1,1,90.05000305175781,1862.9,0,0,0,1,0,0,0,1,0,1,0,0,0,0,0,1,0,0,0,0,1,0
1,1,0,0,1,0,1,39.650001525878906,39.65,1,0,1,0,0,0,0,0,0,1,0,0,0,0,0,1,0,0,0,0,1,0
1,0,1,0,12,1,0,19.799999237060547,202.25,0,0,0,0,1,0,1,0,1,0,1,0,1,0,1,0,1,1,0,0,0,0
1,0,0,0,1,1,0,20.149999618530273,20.15,1,0,0,0,1,0,1,0,1,0,1,0,1,0,1,0,1,0,0,0,0,1
0,0,1,0,58,1,1,59.900001525878906,3505.1,0,1,0,0,0,0,0,1,0,0,0,1,0,0,0,0,0,0,1,1,0,0
1,0,1,1,49,1,0,59.599998474121094,2970.3,0,0,0,0,0,1,0,1,0,0,0,1,0,0,0,0,0,0,0,1,0,0
0,0,0,0,30,1,1,55.29999923706055,1530.6,0,0,0,0,0,1,0,1,0,0,0,0,0,0,0,0,0,0,0,0,0,0
1,0,1,1,47,1,1,99.3499984741211,4749.15,1,1,0,1,0,0,0,1,0,0,0,0,0,1,0,1,0,0,0,0,1,0
1,0,1,1,1,0,0,30.200000762939453,30.2,1,0,1,0,0,0,0,1,0,0,0,0,0,0,0,0,0,0,0,0,1,0
1,0,1,0,72,1,1,90.25,6369.45,0,1,0,0,0,1,0,1,0,1,0,1,0,1,0,1,0,0,1,1,0,0
0,0,0,1,17,1,1,64.69999694824219,1093.1,1,0,0,0,0,0,0,0,0,0,0,0,0,1,0,1,0,0,0,0,0,1
0,1,1,0,71,1,1,96.3499984741211,6766.95,0,1,0,1,0,1,0,1,0,1,0,1,0,0,0,0,0,0,1,1,0,0
1,1,1,0,2,1,1,95.5,181.65,0,0,0,1,0,0,0,0,0,1,0,0,0,1,0,1,0,0,0,1,0,0
0,0,1,1,27,1,0,66.1500015258789,1874.45,0,0,0,0,0,1,0,1,0,1,0,1,0,0,0,0,0,1,0,0,0,1
1,0,0,0,1,1,0,20.200000762939453,20.2,0,0,0,0,1,0,1,0,1,0,1,0,1,0,1,0,1,0,0,0,0,0
1,1,0,0,1,1,0,45.25,45.25,0,0,0,0,0,0,0,0,0,0,0,0,0,0,0,0,0,0,0,0,0,0
0,0,1,1,72,1,0,99.9000015258789,7251.7,0,1,0,1,0,1,0,1,0,0,0,1,0,1,0,0,0,0,1,0,0,0
1,0,0,0,5,1,1,69.69999694824219,316.9,1,0,0,1,0,0,0,0,0,0,0,0,0,0,0,0,0,0,0,0,1,0
0,0,0,0,46,1,1,74.80000305175781,3548.3,0,0,0,1,0,0,0,0,0,1,0,0,0,0,0,0,0,0,0,1,0,0
1,0,0,0,34,1,1,106.3499984741211,3549.25,1,1,0,1,0,0,0,1,0,1,0,0,0,1,0,1,0,0,0,0,1,0
0,0,0,0,11,1,1,97.8499984741211,1105.4,1,1,0,1,0,0,0,0,0,1,0,0,0,1,0,1,0,0,0,0,0,0
1,0,1,1,10,1,0,49.54999923706055,475.7,0,0,0,0,0,0,0,1,0,0,0,0,0,0,0,0,0,1,0,0,0,1
0,0,1,1,70,1,1,69.19999694824219,4872.35,0,1,0,0,0,1,0,1,0,0,0,0,0,1,0,0,0,0,1,1,0,0
0,0,1,1,17,1,0,20.75,418.25,0,0,0,0,1,0,1,0,1,0,1,0,1,0,1,0,1,1,0,0,0,1
0,0,0,0,63,1,1,79.8499984741211,4861.45,0,1,0,0,0,1,0,1,0,1,0,1,0,1,0,0,0,0,1,1,0,0
0,0,1,0,13,1,1,76.19999694824219,981.45,0,1,0,0,0,1,0,1,0,0,0,1,0,1,0,0,0,0,0,0,1,0
0,0,0,0,49,1,1,84.5,3906.7,0,1,0,1,0,0,0,0,0,0,0,0,0,0,0,1,0,0,0,0,1,0
1,0,0,0,2,1,0,49.25,97.0,0,0,0,0,0,0,0,1,0,0,0,0,0,0,0,0,0,0,0,0,0,1
0,0,0,0,2,1,1,80.6500015258789,144.15,1,0,0,1,0,0,0,0,0,0,0,0,0,1,0,0,0,0,0,0,1,0
1,0,0,0,52,1,1,79.75,4217.8,0,1,0,0,0,1,0,0,0,0,0,1,0,1,0,1,0,0,1,1,0,0
0,0,1,1,69,1,1,64.1500015258789,4254.1,0,1,0,0,0,1,0,0,0,1,0,1,0,0,0,0,0,0,1,1,0,0
0,1,0,0,43,1,1,90.25,3838.75,0,1,0,1,0,0,0,1,0,0,0,0,0,1,0,0,0,0,0,0,1,0
0,0,0,0,15,1,1,99.0999984741211,1426.4,1,0,0,1,0,1,0,1,0,0,0,0,0,1,0,1,0,0,0,1,0,0
0,1,1,0,25,1,1,69.5,1752.65,0,1,0,0,0,1,0,0,0,0,0,1,0,1,0,0,0,0,0,1,0,0
0,1,1,0,8,1,1,80.6500015258789,633.3,1,1,0,1,0,0,0,1,0,0,0,0,0,0,0,0,0,0,0,1,0,0
0,1,1,1,60,1,1,74.8499984741211,4456.35,0,0,0,0,0,1,0,1,0,1,0,1,0,0,0,1,0,1,0,1,0,0
1,1,0,0,18,1,1,95.44999694824219,1752.55,1,1,0,1,0,0,0,0,0,0,0,0,0,1,0,1,0,0,0,0,1,0
0,0,1,1,63,1,1,99.6500015258789,6311.2,0,1,0,1,0,1,0,0,0,0,0,0,0,1,0,1,0,1,0,1,0,0
1,1,1,1,66,1,1,108.44999694824219,7076.35,0,1,0,1,0,0,0,1,0,1,0,1,0,1,0,1,0,1,0,0,1,0
0,0,1,1,34,1,0,24.950000762939453,894.3,0,1,0,0,1,0,1,0,1,0,1,0,1,0,1,0,1,0,1,1,0,0
0,0,0,0,72,1,1,107.5,7853.7,0,1,0,1,0,0,0,0,0,1,0,1,0,1,0,1,0,0,1,1,0,0
0,0,1,0,47,1,1,100.5,4707.1,0,1,0,1,0,0,0,0,0,1,0,0,0,1,0,1,0,0,0,0,1,0
1,0,0,0,60,1,1,89.9000015258789,5450.7,0,1,0,1,0,0,0,1,0,0,0,0,0,1,0,0,0,0,0,0,0,0
1,0,1,0,72,0,0,42.099998474121094,2962.0,0,0,1,0,0,1,0,1,0,1,0,0,0,0,0,0,0,0,1,0,0,0
0,0,1,1,18,1,1,54.400001525878906,957.1,0,0,0,0,0,0,0,0,0,1,0,1,0,0,0,0,0,1,0,1,0,0
0,0,0,0,9,1,0,94.4000015258789,857.25,1,1,0,1,0,0,0,0,0,0,0,0,0,1,0,1,0,0,0,0,1,0
0,0,0,0,3,1,1,75.30000305175781,244.1,0,0,0,0,0,0,0,1,0,0,0,1,0,1,0,1,0,0,0,0,1,0
1,0,1,0,47,1,1,78.9000015258789,3650.35,0,1,0,1,0,0,0,1,0,0,0,0,0,0,0,0,0,1,0,0,1,0
0,0,0,0,31,1,0,79.19999694824219,2497.2,0,0,0,0,0,0,0,1,0,1,0,1,0,1,0,1,0,0,1,0,0,1
0,0,1,1,50,1,0,20.149999618530273,930.9,0,0,0,0,1,0,1,0,1,0,1,0,1,0,1,0,1,0,1,0,0,0
1,0,0,0,10,1,1,79.8499984741211,887.35,0,0,0,1,0,1,0,0,0,1,0,0,0,0,0,0,0,0,0,0,0,1
1,0,0,0,1,1,0,49.04999923706055,49.05,0,0,0,0,0,0,0,0,0,0,0,1,0,0,0,0,0,0,0,0,0,1
0,0,1,1,52,1,1,20.399999618530273,1090.65,0,0,0,0,1,0,1,0,1,0,1,0,1,0,1,0,1,1,0,0,1,0
1,1,1,1,64,1,1,111.5999984741211,7099.0,0,1,0,1,0,1,0,0,0,1,0,1,0,1,0,1,0,0,1,0,0,0
1,0,1,1,62,1,1,24.25,1424.6,0,1,0,0,1,0,1,0,1,0,1,0,1,0,1,0,1,0,1,0,0,0
0,0,0,1,3,1,1,64.5,177.4,0,0,0,0,0,1,0,0,0,0,0,1,0,0,0,1,0,0,0,0,0,0
0,1,0,0,56,1,0,110.5,6139.5,0,1,0,1,0,1,0,1,0,1,0,0,0,1,0,1,0,1,0,0,1,0
0,0,0,0,46,1,0,55.650001525878906,2688.85,0,0,0,0,0,0,0,0,0,0,0,0,0,0,0,1,0,1,0,1,0,0
0,0,1,1,8,1,0,54.650001525878906,482.25,0,0,0,0,0,1,0,1,0,0,0,0,0,0,0,0,0,0,0,0,0,1
1,1,0,0,30,1,1,74.75,2111.3,0,0,0,0,0,1,0,1,0,0,0,0,0,1,0,1,0,0,0,0,1,0
0,0,1,1,45,1,1,25.899999618530273,1216.6,0,1,0,0,1,0,1,0,1,0,1,0,1,0,1,0,1,1,0,1,0,0
0,0,0,1,1,1,1,79.3499984741211,79.35,1,0,0,1,0,0,0,0,0,0,0,0,0,1,0,0,0,0,0,0,1,0
0,0,1,1,11,0,0,50.54999923706055,565.35,0,0,1,0,0,1,0,0,0,0,0,0,0,1,0,1,0,0,0,0,1,0
0,0,1,0,7,1,1,75.1500015258789,496.9,1,0,0,1,0,0,0,0,0,1,0,0,0,0,0,0,0,0,0,0,0,0
0,0,0,0,42,1,1,103.80000305175781,4327.5,0,0,0,1,0,0,0,1,0,1,0,1,0,1,0,1,0,0,0,0,0,0
0,0,1,0,49,1,1,20.149999618530273,973.35,0,0,0,0,1,0,1,0,1,0,1,0,1,0,1,0,1,0,1,0,0,0
1,0,0,0,9,1,1,99.30000305175781,918.75,0,1,0,1,0,0,0,1,0,0,0,0,0,1,0,1,0,0,0,1,0,0
0,0,1,0,35,1,1,62.150001525878906,2215.45,0,0,0,0,0,1,0,0,0,0,0,0,0,1,0,0,0,1,0,0,0,0
0,0,1,1,48,1,0,20.649999618530273,1057.0,0,0,0,0,1,0,1,0,1,0,1,0,1,0,1,0,1,0,1,0,0,0
0,0,1,1,46,1,1,19.950000762939453,927.1,0,0,0,0,1,0,1,0,1,0,1,0,1,0,1,0,1,0,1,0,0,1
1,0,1,0,29,0,0,33.75,1009.25,0,0,1,0,0,0,0,0,0,0,0,0,0,1,0,0,0,0,0,0,0,1
1,0,1,1,30,1,0,82.05000305175781,2570.2,0,0,0,1,0,0,0,1,0,1,0,0,0,0,0,0,0,0,0,0,0,0
1,1,0,0,1,1,0,74.69999694824219,74.7,0,0,0,1,0,0,0,0,0,0,0,1,0,0,0,0,0,0,0,0,1,0
1,0,1,1,66,1,1,84.0,5714.25,0,1,0,0,0,1,0,0,0,1,0,1,0,1,0,1,0,0,1,0,0,1
0,0,0,0,65,1,1,111.05000305175781,7107.0,0,1,0,1,0,1,0,1,0,1,0,0,0,1,0,1,0,0,0,1,0,0
1,0,0,0,72,1,1,100.9000015258789,7459.05,0,1,0,1,0,0,0,1,0,1,0,0,0,1,0,1,0,0,1,0,0,0
0,0,0,0,12,1,1,78.94999694824219,927.35,1,1,0,1,0,1,0,0,0,0,0,0,0,0,0,0,0,0,0,0,1,0
1,0,1,1,71,1,1,66.8499984741211,4748.7,0,1,0,0,0,1,0,1,0,0,0,1,0,0,0,0,0,1,0,1,0,0
1,0,0,0,5,1,0,21.049999237060547,113.85,1,0,0,0,1,0,1,0,1,0,1,0,1,0,1,0,1,0,0,0,0,1
1,0,0,0,52,1,0,21.0,1107.2,0,0,0,0,1,0,1,0,1,0,1,0,1,0,1,0,1,0,1,0,0,0
0,1,1,0,25,1,1,98.5,2514.5,1,0,0,1,0,0,0,1,0,1,0,0,0,1,0,1,0,0,0,0,1,0
1,0,0,0,1,1,0,20.200000762939453,20.2,0,0,0,0,1,0,1,0,1,0,1,0,1,0,1,0,1,0,0,0,0,1
0,0,1,1,1,1,0,19.450000762939453,19.45,0,0,0,0,1,0,1,0,1,0,1,0,1,0,1,0,1,0,0,0,1,0
1,0,0,0,38,1,0,95.0,3605.6,0,1,0,1,0,0,0,0,0,1,0,1,0,1,0,0,0,1,0,0,0,0
0,1,1,0,66,0,0,45.54999923706055,3027.25,0,0,1,0,0,0,0,1,0,1,0,0,0,1,0,0,0,1,0,0,0,0
1,0,1,0,68,1,1,110.0,7611.85,1,1,0,1,0,0,0,1,0,1,0,1,0,1,0,1,0,0,1,0,0,0
1,0,0,0,5,0,0,24.299999237060547,100.2,0,0,1,0,0,0,0,0,0,0,0,0,0,0,0,0,0,0,0,0,0,1
0,0,1,1,72,1,1,104.1500015258789,7303.05,0,1,0,1,0,1,0,1,0,0,0,0,0,1,0,1,0,1,0,0,1,0
0,0,0,0,32,0,0,30.149999618530273,927.65,0,0,1,0,0,1,0,0,0,0,0,0,0,0,0,0,0,1,0,0,0,1
1,0,0,0,43,1,0,94.3499984741211,3921.3,0,1,0,1,0,0,0,0,0,0,0,0,0,1,0,1,0,1,0,0,0,1
1,0,1,1,72,1,0,19.399999618530273,1363.25,0,0,0,0,1,0,1,0,1,0,1,0,1,0,1,0,1,0,1,1,0,0
1,0,1,0,55,1,1,96.75,5238.9,1,1,0,1,0,1,0,1,0,0,0,0,0,1,0,0,0,0,0,0,1,0
0,0,0,0,52,1,0,57.95000076293945,3042.25,0,0,0,0,0,1,0,0,0,1,0,1,0,0,0,0,0,1,0,1,0,0
0,0,0,0,43,1,1,91.6500015258789,3954.1,0,0,0,1,0,0,0,1,0,1,0,0,0,1,0,0,0,0,0,0,1,0
0,1,1,0,37,1,1,76.5,2868.15,1,1,0,1,0,0,0,0,0,0,0,0,0,0,0,0,0,0,0,0,1,0
0,0,1,1,64,0,1,54.599998474121094,3423.5,0,0,1,0,0,0,0,1,0,0,0,1,0,1,0,1,0,0,1,0,1,0
1,0,1,1,3,1,0,89.8499984741211,248.4,0,0,0,1,0,1,0,1,0,0,0,0,0,1,0,0,0,0,0,0,1,0
0,0,0,0,36,0,0,31.049999237060547,1126.35,0,0,1,0,0,1,0,0,0,0,0,0,0,0,0,0,0,0,1,0,0,0
0,0,1,1,10,1,1,100.25,1064.65,1,1,0,1,0,1,0,0,0,0,0,0,0,1,0,1,0,0,0,0,1,0
0,0,0,0,41,1,0,20.649999618530273,835.15,0,0,0,0,1,0,1,0,1,0,1,0,1,0,1,0,1,0,1,0,0,1
1,0,1,1,27,1,1,85.19999694824219,2151.6,0,1,0,1,0,0,0,1,0,0,0,1,0,0,0,0,0,0,0,1,0,0
0,0,1,1,56,1,1,99.80000305175781,5515.45,0,1,0,1,0,0,0,0,0,1,0,0,0,1,0,1,0,1,0,1,0,0
0,0,0,0,6,1,0,20.700000762939453,112.75,0,0,0,0,1,0,1,0,1,0,1,0,1,0,1,0,1,0,0,0,0,1
1,0,0,0,3,1,1,74.4000015258789,229.55,1,1,0,1,0,0,0,0,0,0,0,0,0,0,0,0,0,0,0,0,1,0
0,0,1,1,7,1,0,50.70000076293945,350.35,0,0,0,0,0,1,0,0,0,0,0,0,0,0,0,0,0,0,0,0,0,1
0,0,1,1,4,1,0,20.850000381469727,62.9,0,0,0,0,1,0,1,0,1,0,1,0,1,0,1,0,1,0,0,0,0,1
1,0,0,0,33,1,1,88.94999694824219,3027.65,0,0,0,1,0,1,0,0,0,0,0,1,0,1,0,0,0,0,1,0,1,0
0,1,0,0,27,1,1,78.05000305175781,2135.5,1,1,0,1,0,0,0,0,0,1,0,0,0,0,0,0,0,0,0,0,1,0
1,0,1,0,72,1,1,23.549999237060547,1723.95,0,1,0,0,1,0,1,0,1,0,1,0,1,0,1,0,1,0,1,0,0,0
1,0,0,0,1,1,0,19.75,19.75,0,0,0,0,1,0,1,0,1,0,1,0,1,0,1,0,1,0,0,0,0,1
1,1,0,0,71,0,1,56.45000076293945,3985.35,0,0,1,0,0,1,0,1,0,0,0,0,0,1,0,1,0,1,0,0,1,0
0,0,0,0,13,1,1,85.94999694824219,1215.65,0,1,0,1,0,0,0,0,0,0,0,0,0,0,0,1,0,0,0,0,1,0
0,0,1,1,25,0,1,58.599998474121094,1502.65,1,0,1,0,0,1,0,1,0,1,0,0,0,1,0,1,0,0,0,1,0,0
1,0,0,0,67,1,0,50.54999923706055,3260.1,0,0,0,0,0,0,0,0,0,0,0,1,0,0,0,0,0,0,1,0,0,0
1,0,0,0,1,0,1,35.45000076293945,35.45,1,0,1,0,0,0,0,0,0,0,0,0,0,0,0,1,0,0,0,0,1,0
1,0,0,0,2,1,0,44.349998474121094,81.25,1,0,0,0,0,0,0,0,0,0,0,0,0,0,0,0,0,0,0,0,1,0
0,0,0,0,43,1,1,25.700000762939453,1188.2,0,1,0,0,1,0,1,0,1,0,1,0,1,0,1,0,1,0,1,1,0,0
0,0,0,0,23,1,1,75.0,1778.5,0,0,0,1,0,1,0,0,0,0,0,0,0,0,0,0,0,0,0,0,0,0
0,0,1,1,64,1,0,20.200000762939453,1277.75,0,0,0,0,1,0,1,0,1,0,1,0,1,0,1,0,1,0,1,0,0,1
1,0,0,1,57,1,1,19.600000381469727,1170.55,0,0,0,0,1,0,1,0,1,0,1,0,1,0,1,0,1,0,1,0,0,1
0,1,1,0,1,1,1,70.44999694824219,70.45,1,0,0,1,0,0,0,0,0,0,0,0,0,0,0,0,0,0,0,0,0,1
0,1,1,1,72,1,1,88.05000305175781,6425.65,0,1,0,0,0,1,0,1,0,1,0,1,0,1,0,1,0,0,1,1,0,0
0,0,0,0,8,1,0,71.1500015258789,563.65,1,1,0,0,0,1,0,0,0,0,0,1,0,0,0,1,0,0,0,0,1,0
0,0,1,0,61,1,1,101.05000305175781,5971.25,0,1,0,1,0,0,0,1,0,0,0,0,0,1,0,1,0,0,1,0,0,0
1,0,0,0,64,1,1,84.30000305175781,5289.05,0,1,0,1,0,1,0,1,0,0,0,0,0,0,0,0,0,1,0,1,0,0
1,1,1,0,71,1,0,23.950000762939453,1756.2,0,1,0,0,1,0,1,0,1,0,1,0,1,0,1,0,1,0,1,0,0,0
0,0,1,1,65,1,1,99.05000305175781,6416.7,0,1,0,1,0,1,0,1,0,0,0,1,0,1,0,0,0,0,1,1,0,0
1,0,0,0,3,1,0,19.600000381469727,61.35,0,0,0,0,1,0,1,0,1,0,1,0,1,0,1,0,1,1,0,0,0,1
1,0,0,0,1,1,1,45.650001525878906,45.65,1,0,0,0,0,0,0,0,0,0,0,0,0,0,0,0,0,0,0,0,1,0
1,0,0,1,30,1,0,64.5,1929.95,0,0,0,0,0,0,0,1,0,1,0,0,0,1,0,0,0,1,0,1,0,0
1,0,1,1,15,1,1,69.5,1071.4,0,0,0,0,0,0,0,1,0,1,0,1,0,0,0,1,0,0,0,0,0,1
0,0,1,1,8,1,1,68.55000305175781,564.35,0,0,0,0,0,0,0,0,0,0,0,1,0,1,0,1,0,0,0,0,1,0
1,0,0,0,7,1,0,95.0,655.5,1,1,0,1,0,0,0,0,0,0,0,0,0,1,0,1,0,0,0,0,0,1
0,0,1,1,70,1,1,108.1500015258789,7930.55,0,1,0,1,0,1,0,1,0,1,0,0,0,1,0,1,0,1,0,1,0,0
1,0,1,1,62,1,0,86.0999984741211,5215.25,0,0,0,0,0,1,0,1,0,1,0,1,0,1,0,1,0,0,1,0,1,0
0,0,1,1,6,1,0,19.700000762939453,113.5,0,0,0,0,1,0,1,0,1,0,1,0,1,0,1,0,1,0,0,0,0,1
0,0,1,1,14,1,1,80.9000015258789,1152.8,0,0,0,1,0,0,0,0,0,0,0,0,0,0,0,1,0,0,0,0,0,0
0,0,0,0,22,1,1,84.1500015258789,1821.95,0,1,0,1,0,0,0,0,0,0,0,0,0,1,0,0,0,0,0,0,0,0
1,0,1,1,22,1,0,20.149999618530273,419.9,0,0,0,0,1,0,1,0,1,0,1,0,1,0,1,0,1,1,0,0,0,1
1,0,1,1,16,1,0,64.25,1024.0,0,0,0,0,0,1,0,0,0,1,0,0,0,1,0,0,0,0,1,0,0,1
1,0,0,0,10,1,0,25.700000762939453,251.6,0,1,0,0,1,0,1,0,1,0,1,0,1,0,1,0,1,0,1,0,0,0
0,0,0,1,13,1,1,56.0,764.55,0,0,0,0,0,1,0,1,0,0,0,0,0,0,0,0,0,0,0,0,1,0
0,0,1,0,20,1,0,82.4000015258789,1592.35,1,1,0,1,0,1,0,0,0,0,0,0,0,0,0,0,0,0,0,0,1,0
0,0,0,0,2,1,1,69.69999694824219,135.2,0,0,0,1,0,0,0,0,0,0,0,0,0,0,0,0,0,0,0,0,1,0
1,0,0,0,53,1,1,73.9000015258789,3958.25,0,1,0,0,0,0,0,1,0,1,0,1,0,0,0,1,0,0,1,0,0,0
0,0,1,1,11,1,0,20.600000381469727,233.9,0,0,0,0,1,0,1,0,1,0,1,0,1,0,1,0,1,1,0,0,0,1
1,0,1,0,69,1,0,19.899999618530273,1363.45,0,0,0,0,1,0,1,0,1,0,1,0,1,0,1,0,1,0,1,0,0,1
0,0,0,0,4,1,1,70.9000015258789,273.0,1,0,0,1,0,0,0,0,0,0,0,0,0,0,0,0,0,0,0,0,0,0
1,0,1,0,72,1,1,89.05000305175781,6254.45,0,1,0,0,0,1,0,1,0,1,0,1,0,1,0,1,0,0,1,0,0,0
1,1,1,0,58,0,1,45.29999923706055,2651.2,1,0,1,0,0,0,0,1,0,1,0,0,0,0,0,1,0,0,0,0,1,0
0,0,1,1,16,1,0,20.399999618530273,321.4,0,0,0,0,1,0,1,0,1,0,1,0,1,0,1,0,1,0,0,0,1,0
1,0,1,0,43,1,1,84.25,3539.25,0,0,0,1,0,1,0,0,0,1,0,1,0,0,0,0,0,1,0,0,0,0
0,0,1,0,2,1,1,104.4000015258789,242.8,1,1,0,1,0,0,0,0,0,1,0,1,0,1,0,1,0,0,0,0,1,0
1,0,1,0,14,1,0,81.94999694824219,1181.75,0,0,0,0,0,0,0,1,0,1,0,1,0,1,0,1,0,0,1,0,0,1
0,0,1,0,53,1,1,94.8499984741211,5000.2,1,0,0,1,0,0,0,0,0,1,0,0,0,1,0,1,0,1,0,0,0,0
0,0,0,0,32,1,0,20.549999237060547,654.55,0,0,0,0,1,0,1,0,1,0,1,0,1,0,1,0,1,1,0,0,0,0
0,0,1,0,34,1,0,24.700000762939453,780.2,0,1,0,0,1,0,1,0,1,0,1,0,1,0,1,0,1,0,0,0,1,0
0,1,0,0,15,1,1,74.44999694824219,1145.7,1,1,0,1,0,0,0,0,0,0,0,0,0,0,0,0,0,0,0,0,0,1
0,1,0,0,7,1,0,76.44999694824219,503.6,1,0,0,1,0,1,0,0,0,0,0,0,0,0,0,0,0,0,0,0,0,0
0,0,1,1,15,1,1,105.3499984741211,1559.25,0,1,0,1,0,0,0,1,0,1,0,0,0,1,0,1,0,0,0,0,0,0
1,0,1,0,61,1,1,20.549999237060547,1252.0,0,0,0,0,1,0,1,0,1,0,1,0,1,0,1,0,1,1,0,1,0,0
0,0,0,0,1,0,0,29.950000762939453,29.95,1,0,1,0,0,0,0,1,0,0,0,0,0,0,0,0,0,0,0,0,0,0
0,0,0,0,1,1,0,45.29999923706055,45.3,0,0,0,0,0,0,0,0,0,0,0,0,0,0,0,0,0,0,0,0,0,1
1,0,0,0,8,1,0,84.5,662.65,1,1,0,1,0,0,0,0,0,0,0,0,0,0,0,1,0,0,0,0,0,0
1,0,1,1,33,1,0,74.75,2453.3,0,0,0,0,0,1,0,0,0,1,0,0,0,1,0,1,0,1,0,1,0,0
0,0,0,0,13,1,1,79.25,1111.65,1,0,0,1,0,0,0,1,0,1,0,0,0,0,0,0,0,0,0,0,1,0
0,0,1,0,1,0,1,24.799999237060547,24.8,1,0,1,0,0,0,0,0,0,0,0,0,0,0,0,0,0,0,0,0,1,0
1,0,0,0,20,1,1,51.79999923706055,1023.85,0,0,0,0,0,0,0,1,0,0,0,0,0,0,0,0,0,0,0,0,0,1
1,0,0,0,3,0,0,30.399999618530273,82.15,0,0,1,0,0,0,0,0,0,0,0,1,0,0,0,0,0,0,0,0,1,0
0,0,0,0,13,1,0,19.649999618530273,244.8,0,0,0,0,1,0,1,0,1,0,1,0,1,0,1,0,1,1,0,0,1,0
0,0,1,0,40,1,0,56.599998474121094,2379.1,0,1,0,0,0,0,0,1,0,0,0,0,0,0,0,0,0,0,0,1,0,0
1,0,1,1,43,1,1,71.9000015258789,3173.35,0,1,0,0,0,1,0,0,0,0,0,1,0,0,0,1,0,1,0,1,0,0
1,0,1,0,6,1,1,91.0,531.0,1,0,0,1,0,0,0,1,0,1,0,0,0,0,0,1,0,0,0,0,1,0
0,0,1,1,69,1,0,19.75,1375.4,0,0,0,0,1,0,1,0,1,0,1,0,1,0,1,0,1,0,1,0,0,0
0,0,1,1,72,1,0,109.69999694824219,8129.3,0,1,0,1,0,1,0,1,0,1,0,0,0,1,0,1,0,0,1,1,0,0
1,0,1,1,59,1,0,19.299999237060547,1192.7,0,0,0,0,1,0,1,0,1,0,1,0,1,0,1,0,1,0,1,1,0,0
0,0,1,0,20,1,1,96.55000305175781,1901.65,0,0,0,1,0,1,0,1,0,0,0,1,0,1,0,0,0,0,0,0,1,0
1,0,1,1,24,1,1,24.100000381469727,587.4,0,1,0,0,1,0,1,0,1,0,1,0,1,0,1,0,1,0,1,0,0,0
1,0,0,0,59,1,1,111.3499984741211,6519.75,0,1,0,1,0,0,0,1,0,1,0,1,0,1,0,1,0,0,0,0,1,0
1,0,1,1,72,1,1,112.25,8041.65,0,1,0,1,0,0,0,1,0,1,0,1,0,1,0,1,0,0,1,0,0,0
1,0,0,1,1,1,0,20.75,20.75,0,0,0,0,1,0,1,0,1,0,1,0,1,0,1,0,1,0,0,0,0,1
0,0,1,0,27,1,1,101.9000015258789,2681.15,0,0,0,1,0,1,0,0,0,0,0,1,0,1,0,1,0,1,0,1,0,0
0,0,0,0,14,1,1,80.05000305175781,1112.3,0,0,0,1,0,0,0,1,0,0,0,1,0,0,0,0,0,0,0,1,0,0
1,0,1,1,71,1,0,105.55000305175781,7405.5,0,1,0,1,0,1,0,0,0,1,0,0,0,1,0,1,0,0,1,0,1,0
1,0,0,1,13,1,1,78.30000305175781,1033.95,0,0,0,1,0,0,0,0,0,0,0,0,0,1,0,0,0,0,0,1,0,0
1,0,0,0,44,1,0,68.8499984741211,2958.95,0,0,0,1,0,0,0,0,0,0,0,0,0,0,0,0,0,0,0,1,0,0
0,0,0,0,33,1,1,79.94999694824219,2684.85,0,0,0,1,0,0,0,1,0,0,0,1,0,0,0,0,0,1,0,0,0,0
1,0,1,1,72,0,1,55.45000076293945,4179.2,0,0,1,0,0,1,0,1,0,1,0,1,0,0,0,1,0,0,1,1,0,0
1,0,0,0,1,1,0,79.9000015258789,79.9,1,0,0,1,0,0,0,0,0,0,0,0,0,0,0,1,0,0,0,0,1,0
0,0,0,0,19,1,1,106.5999984741211,1934.45,1,0,0,1,0,1,0,0,0,1,0,1,0,1,0,1,0,0,0,0,1,0
1,0,1,0,64,1,1,102.44999694824219,6654.1,0,0,0,1,0,0,0,1,0,1,0,1,0,1,0,1,0,1,0,1,0,0
1,0,0,0,2,1,1,46.0,84.5,1,0,0,0,0,0,0,0,0,0,0,0,0,0,0,0,0,0,0,1,0,0
0,0,0,0,1,0,0,25.25,25.25,0,0,1,0,0,0,0,0,0,0,0,0,0,0,0,0,0,0,0,0,1,0
1,0,0,1,61,1,0,19.75,1124.2,0,0,0,0,1,0,1,0,1,0,1,0,1,0,1,0,1,0,1,0,0,1
0,0,1,1,29,1,0,20.0,540.05,0,0,0,0,1,0,1,0,1,0,1,0,1,0,1,0,1,1,0,0,1,0
1,1,1,0,23,1,0,86.80000305175781,1975.85,0,1,0,1,0,0,0,0,0,0,0,0,0,0,0,1,0,0,0,0,1,0
0,0,1,0,57,0,1,58.75,3437.45,0,0,1,0,0,1,0,1,0,1,0,0,0,1,0,1,0,0,0,0,0,0
1,0,1,1,72,0,0,45.25,3139.8,0,0,1,0,0,1,0,1,0,1,0,1,0,0,0,0,0,0,1,1,0,0
1,0,1,0,66,0,1,56.599998474121094,3789.2,0,0,1,0,0,1,0,1,0,1,0,1,0,1,0,0,0,0,1,0,0,0
1,0,1,1,65,1,1,84.19999694824219,5324.5,0,1,0,0,0,0,0,1,0,1,0,1,0,1,0,1,0,0,1,0,0,0
0,0,0,0,8,1,1,80.0,624.6,0,0,0,1,0,0,0,0,0,0,0,0,0,1,0,0,0,0,0,0,0,0
0,0,0,0,4,1,1,70.1500015258789,268.35,1,0,0,1,0,0,0,0,0,0,0,0,0,0,0,0,0,0,0,0,1,0
0,0,1,0,71,1,0,24.75,1836.9,0,1,0,0,1,0,1,0,1,0,1,0,1,0,1,0,1,0,1,0,0,0
1,0,1,1,1,1,1,20.200000762939453,20.2,0,0,0,0,1,0,1,0,1,0,1,0,1,0,1,0,1,1,0,0,1,0
1,0,1,0,4,1,0,50.04999923706055,179.35,1,0,0,0,0,0,0,0,0,0,0,1,0,0,0,0,0,0,0,0,0,1
0,0,0,0,12,1,1,19.350000381469727,219.35,0,0,0,0,1,0,1,0,1,0,1,0,1,0,1,0,1,1,0,0,0,0
1,0,0,0,24,0,1,50.599998474121094,1288.75,0,0,1,0,0,1,0,0,0,0,0,0,0,1,0,1,0,1,0,0,0,1
0,0,1,1,31,1,1,81.1500015258789,2545.75,0,0,0,0,0,1,0,0,0,1,0,1,0,1,0,1,0,1,0,0,0,1
0,0,1,0,1,1,0,55.20000076293945,55.2,1,0,0,0,0,0,0,0,0,0,0,0,0,1,0,0,0,0,0,0,0,1
1,0,0,0,30,1,1,89.9000015258789,2723.15,0,1,0,1,0,0,0,0,0,0,0,1,0,0,0,1,0,0,0,1,0,0
0,0,1,1,47,1,1,85.30000305175781,4107.25,0,1,0,0,0,1,0,1,0,0,0,1,0,1,0,1,0,0,1,1,0,0
1,0,0,0,54,1,1,108.0,5760.65,0,1,0,1,0,1,0,1,0,0,0,1,0,1,0,1,0,0,1,1,0,0
1,0,0,0,50,1,1,93.5,4747.5,0,0,0,1,0,1,0,1,0,0,0,1,0,0,0,1,0,0,0,1,0,0
1,0,0,0,1,1,1,84.5999984741211,84.6,1,0,0,1,0,1,0,0,0,0,0,0,0,0,0,1,0,0,0,0,0,1
0,0,0,0,72,1,0,20.25,1566.9,0,0,0,0,1,0,1,0,1,0,1,0,1,0,1,0,1,0,1,1,0,0
0,0,0,0,29,1,0,25.149999618530273,702.0,0,1,0,0,1,0,1,0,1,0,1,0,1,0,1,0,1,0,0,0,1,0
1,0,0,0,2,1,1,54.400001525878906,114.1,1,1,0,0,0,0,0,1,0,0,0,0,0,0,0,0,0,0,0,0,0,1
0,0,0,0,10,0,1,29.600000381469727,299.05,0,0,1,0,0,0,0,0,0,0,0,1,0,0,0,0,0,0,1,0,0,1
1,0,1,0,18,1,1,73.1500015258789,1305.95,0,1,0,1,0,0,0,0,0,0,0,0,0,0,0,0,0,0,0,0,1,0
0,1,0,0,11,1,1,95.0,1120.3,1,0,0,1,0,0,0,1,0,0,0,0,0,1,0,1,0,0,0,0,1,0
1,0,0,0,16,1,0,19.75,284.35,0,0,0,0,1,0,1,0,1,0,1,0,1,0,1,0,1,0,1,0,0,1
0,0,0,0,72,1,0,86.5999984741211,6350.5,0,1,0,0,0,0,0,1,0,1,0,1,0,1,0,1,0,0,1,0,0,0
1,0,0,0,72,1,0,109.19999694824219,7878.3,0,1,0,1,0,0,0,1,0,1,0,1,0,1,0,1,0,0,1,0,0,0
0,0,1,1,41,1,1,74.69999694824219,3187.65,0,0,0,0,0,1,0,0,0,0,0,1,0,1,0,1,0,1,0,1,0,0
0,1,1,0,65,1,0,94.4000015258789,6126.15,0,0,0,1,0,1,0,1,0,1,0,0,0,0,0,1,0,0,0,0,1,0
0,1,0,0,13,1,1,54.79999923706055,731.3,0,0,0,0,0,0,0,1,0,1,0,0,0,0,0,0,0,0,0,0,1,0
1,1,0,0,4,1,0,75.3499984741211,273.4,0,0,0,1,0,1,0,0,0,0,0,0,0,0,0,0,0,0,0,0,1,0
1,0,0,0,41,1,0,65.0,2531.8,0,1,0,0,0,0,0,0,0,1,0,0,0,0,0,1,0,1,0,0,0,1
1,1,0,0,15,1,1,74.4000015258789,1074.3,1,0,0,1,0,0,0,1,0,0,0,0,0,0,0,0,0,0,0,0,1,0
1,0,0,0,1,1,1,48.54999923706055,48.55,1,0,0,0,0,1,0,0,0,0,0,0,0,0,0,0,0,0,0,0,0,1
1,0,0,0,42,1,1,99.0,4298.45,0,1,0,1,0,1,0,1,0,1,0,0,0,0,0,1,0,1,0,0,1,0
0,0,1,0,51,1,1,93.5,4619.55,0,0,0,1,0,1,0,1,0,1,0,0,0,1,0,0,0,1,0,0,1,0
0,0,1,1,2,1,0,70.4000015258789,147.15,1,0,0,1,0,0,0,0,0,0,0,0,0,0,0,0,0,0,0,0,1,0
1,1,1,0,1,0,0,40.20000076293945,40.2,1,0,1,0,0,0,0,1,0,0,0,0,0,1,0,0,0,0,0,0,1,0
1,0,0,1,32,1,0,83.69999694824219,2633.3,0,1,0,0,0,0,0,1,0,1,0,1,0,1,0,1,0,1,0,1,0,0
1,0,0,0,10,1,1,19.850000381469727,193.05,0,0,0,0,1,0,1,0,1,0,1,0,1,0,1,0,1,0,0,0,0,1
0,0,1,1,67,0,1,59.54999923706055,4103.9,0,0,1,0,0,0,0,1,0,1,0,1,0,1,0,1,0,0,1,0,1,0
0,0,1,1,61,1,0,115.0999984741211,7008.15,0,1,0,1,0,1,0,1,0,1,0,1,0,1,0,1,0,0,1,1,0,0
1,0,0,0,50,1,0,114.3499984741211,5791.1,0,1,0,1,0,1,0,1,0,1,0,1,0,1,0,1,0,1,0,1,0,0
0,0,1,0,2,1,1,44.599998474121094,80.55,1,0,0,0,0,0,0,0,0,0,0,0,0,0,0,0,0,0,0,1,0,0
0,1,1,0,29,0,1,45.0,1228.65,0,0,1,0,0,1,0,0,0,1,0,0,0,0,0,1,0,0,0,0,1,0
1,1,0,0,3,0,1,41.150001525878906,132.2,1,0,1,0,0,0,0,0,0,1,0,0,0,0,0,1,0,0,0,0,1,0
1,1,0,0,13,1,1,106.9000015258789,1364.3,1,1,0,1,0,0,0,1,0,1,0,0,0,1,0,1,0,0,0,0,1,0
1,1,1,0,57,1,1,89.8499984741211,4925.35,0,1,0,1,0,0,0,1,0,0,0,0,0,0,0,1,0,0,0,0,1,0
0,0,0,0,31,0,1,49.849998474121094,1520.1,0,0,1,0,0,1,0,1,0,0,0,1,0,0,0,1,0,0,1,0,0,0
0,0,1,0,45,1,0,113.30000305175781,5032.25,0,1,0,1,0,1,0,1,0,1,0,1,0,1,0,1,0,1,0,0,0,1
0,0,1,1,61,1,0,88.0999984741211,5526.75,0,1,0,0,0,1,0,1,0,1,0,1,0,1,0,1,0,0,1,0,0,1
1,0,0,0,50,1,0,24.899999618530273,1195.25,0,1,0,0,1,0,1,0,1,0,1,0,1,0,1,0,1,0,1,0,0,0
0,1,0,0,19,1,1,105.0,2007.25,0,0,0,1,0,1,0,1,0,0,0,1,0,1,0,1,0,0,0,0,0,1
1,0,0,0,59,1,0,19.350000381469727,1099.6,1,0,0,0,1,0,1,0,1,0,1,0,1,0,1,0,1,0,1,0,0,1
0,0,1,0,71,1,1,24.25,1732.95,0,1,0,0,1,0,1,0,1,0,1,0,1,0,1,0,1,0,1,1,0,0
0,1,0,0,16,1,1,94.44999694824219,1511.2,1,0,0,1,0,0,0,0,0,0,0,1,0,1,0,1,0,0,0,0,1,0
1,0,1,0,57,1,1,59.75,3450.15,0,0,0,0,0,1,0,1,0,0,0,1,0,0,0,0,0,0,1,0,1,0
1,0,0,0,1,0,0,24.799999237060547,24.8,1,0,1,0,0,0,0,0,0,0,0,0,0,0,0,0,0,0,0,0,0,0
1,1,1,0,20,1,0,107.05000305175781,2172.05,0,1,0,1,0,0,0,1,0,0,0,1,0,1,0,1,0,0,0,0,1,0
1,0,0,0,1,1,0,70.5999984741211,70.6,1,0,0,1,0,0,0,0,0,0,0,0,0,0,0,0,0,0,0,0,0,1
1,0,1,0,5,1,1,85.4000015258789,401.1,1,1,0,1,0,0,0,1,0,0,0,1,0,0,0,0,0,0,0,0,1,0
0,0,1,0,52,1,1,105.05000305175781,5624.85,1,1,0,1,0,0,0,1,0,1,0,0,0,1,0,1,0,0,0,0,1,0
1,1,1,0,21,1,1,64.94999694824219,1339.8,0,0,0,0,0,1,0,1,0,0,0,0,0,0,0,1,0,0,0,0,0,0
1,0,0,0,14,0,1,55.0,771.95,0,0,1,0,0,0,0,0,0,1,0,1,0,1,0,1,0,0,0,0,1,0
0,0,0,0,5,1,0,50.54999923706055,244.75,0,0,0,0,0,0,0,1,0,0,0,0,0,0,0,0,0,0,0,0,0,0
0,0,0,0,6,1,0,55.150001525878906,322.9,0,0,0,0,0,1,0,1,0,0,0,0,0,0,0,0,0,0,0,0,0,1
0,0,0,0,10,1,0,51.20000076293945,498.25,0,0,0,0,0,0,0,1,0,0,0,0,0,0,0,0,0,0,0,0,1,0
0,0,0,1,1,1,0,25.399999618530273,25.4,0,1,0,0,1,0,1,0,1,0,1,0,1,0,1,0,1,0,0,0,0,1
0,0,0,0,68,1,0,54.45000076293945,3687.75,0,1,0,0,0,1,0,0,0,0,0,0,0,0,0,0,0,0,0,0,0,1
1,0,1,1,18,1,0,95.1500015258789,1779.95,1,0,0,1,0,0,0,0,0,1,0,0,0,1,0,1,0,0,0,0,0,1
0,0,0,0,22,1,1,76.0,1783.6,0,1,0,1,0,0,0,0,0,0,0,0,0,0,0,0,0,1,0,1,0,0
0,0,0,0,20,1,1,44.349998474121094,927.15,0,0,0,0,0,0,0,0,0,0,0,0,0,0,0,0,0,0,0,0,1,0
1,0,1,0,1,1,0,70.0,70.0,1,0,0,1,0,0,0,0,0,0,0,0,0,0,0,0,0,0,0,0,1,0
1,1,0,0,8,1,1,74.5,606.55,1,0,0,1,0,0,0,1,0,0,0,0,0,0,0,0,0,0,0,0,1,0
1,0,0,0,10,1,1,44.849998474121094,435.4,1,0,0,0,0,0,0,0,0,0,0,0,0,0,0,0,0,0,0,1,0,0
1,1,0,0,24,1,1,76.0999984741211,1712.7,1,1,0,1,0,0,0,0,0,0,0,0,0,0,0,0,0,0,0,0,1,0
1,0,0,0,35,1,0,61.20000076293945,2021.2,0,0,0,0,0,1,0,1,0,1,0,0,0,0,0,0,0,1,0,0,0,1
1,0,1,1,23,1,0,86.80000305175781,1940.8,0,0,0,1,0,0,0,1,0,1,0,1,0,0,0,0,0,1,0,0,0,1
0,1,0,0,6,1,1,89.3499984741211,567.8,0,0,0,1,0,0,0,0,0,0,0,0,0,1,0,1,0,0,0,0,1,0
0,0,0,0,12,1,0,19.700000762939453,220.35,0,0,0,0,1,0,1,0,1,0,1,0,1,0,1,0,1,0,0,0,0,1
1,0,0,0,1,1,0,20.25,20.25,0,0,0,0,1,0,1,0,1,0,1,0,1,0,1,0,1,0,0,0,0,1
0,0,1,1,71,1,0,76.05000305175781,5436.45,0,0,0,1,0,0,0,0,0,1,0,0,0,0,0,0,0,0,1,0,1,0
1,1,1,0,35,1,1,100.80000305175781,3437.5,0,1,0,1,0,0,0,0,0,1,0,0,0,1,0,1,0,0,0,0,1,0
1,0,1,1,40,1,1,74.55000305175781,3015.75,0,1,0,0,0,0,0,0,0,1,0,0,0,1,0,1,0,0,0,0,1,0
0,0,0,1,1,1,1,73.5999984741211,73.6,1,0,0,1,0,1,0,0,0,0,0,0,0,0,0,0,0,0,0,0,0,1
1,0,0,0,23,1,1,64.9000015258789,1509.8,0,0,0,0,0,0,0,0,0,0,0,0,0,1,0,1,0,1,0,0,0,0
0,1,0,0,4,1,1,95.44999694824219,396.1,1,1,0,1,0,0,0,0,0,0,0,0,0,1,0,1,0,0,0,0,1,0
1,0,0,0,4,1,1,90.4000015258789,356.65,0,0,0,1,0,0,0,0,0,1,0,1,0,0,0,1,0,0,0,0,1,0
0,0,1,1,68,0,0,60.29999923706055,4109.0,0,0,1,0,0,0,0,1,0,1,0,1,0,1,0,1,0,0,1,1,0,0
1,0,0,1,38,1,1,81.8499984741211,3141.7,0,1,0,1,0,0,0,1,0,0,0,0,0,0,0,0,0,0,0,0,0,1
1,0,1,1,52,1,0,24.799999237060547,1229.1,0,1,0,0,1,0,1,0,1,0,1,0,1,0,1,0,1,0,1,0,0,1
1,1,1,0,32,1,1,74.9000015258789,2303.35,1,1,0,1,0,0,0,0,0,0,0,0,0,0,0,0,0,0,0,0,1,0
1,0,1,1,29,1,0,75.55000305175781,2054.4,0,0,0,0,0,0,0,0,0,1,0,1,0,1,0,1,0,0,1,0,0,1
1,1,1,1,38,1,0,101.1500015258789,3741.85,0,1,0,1,0,0,0,1,0,0,0,0,0,1,0,1,0,0,0,0,1,0
1,0,0,1,48,1,1,78.75,3682.45,0,1,0,0,0,1,0,0,0,1,0,0,0,1,0,1,0,1,0,1,0,0
0,0,0,0,1,1,1,19.25,19.25,0,0,0,0,1,0,1,0,1,0,1,0,1,0,1,0,1,0,0,0,0,0
0,0,0,0,22,1,1,89.05000305175781,1886.25,0,0,0,1,0,1,0,0,0,0,0,1,0,0,0,1,0,0,0,0,1,0
0,0,0,0,43,1,0,115.05000305175781,4895.1,0,1,0,1,0,1,0,1,0,1,0,1,0,1,0,1,0,0,1,1,0,0
0,1,1,0,5,1,1,69.3499984741211,341.6,0,0,0,1,0,0,0,0,0,0,0,0,0,0,0,0,0,0,0,0,1,0
1,0,0,0,5,1,1,80.5999984741211,415.55,1,0,0,1,0,0,0,0,0,0,0,0,0,1,0,0,0,0,0,0,1,0
1,0,1,1,51,1,0,110.05000305175781,5686.4,0,1,0,1,0,1,0,1,0,0,0,1,0,1,0,1,0,1,0,1,0,0
1,0,0,0,71,1,1,19.899999618530273,1355.1,0,0,0,0,1,0,1,0,1,0,1,0,1,0,1,0,1,0,1,1,0,0
0,0,1,1,38,1,0,80.30000305175781,3058.65,1,0,0,0,0,1,0,1,0,0,0,1,0,1,0,1,0,1,0,1,0,0
1,1,1,0,24,1,1,93.1500015258789,2231.05,1,0,0,1,0,0,0,0,0,1,0,0,0,1,0,1,0,0,0,0,1,0
1,0,1,0,35,1,1,91.5,3236.35,0,1,0,1,0,0,0,0,0,0,0,1,0,1,0,0,0,0,0,1,0,0
0,1,0,0,54,1,0,82.44999694824219,4350.1,1,1,0,0,0,1,0,1,0,0,0,1,0,1,0,1,0,1,0,0,0,0
0,0,1,1,72,0,1,60.0,4264.0,0,0,1,0,0,0,0,1,0,1,0,1,0,1,0,1,0,0,1,0,1,0
1,0,0,0,1,1,1,44.79999923706055,44.8,0,0,0,0,0,0,0,0,0,0,0,0,0,0,0,0,0,0,0,0,1,0
0,0,1,1,9,1,0,48.599998474121094,422.3,0,0,0,0,0,1,0,0,0,0,0,0,0,0,0,0,0,1,0,0,0,1
1,0,0,0,69,0,1,60.04999923706055,4176.7,0,0,1,0,0,1,0,1,0,0,0,1,0,1,0,1,0,0,1,0,0,0
0,0,1,0,52,1,1,102.69999694824219,5138.1,0,1,0,1,0,0,0,1,0,0,0,1,0,1,0,1,0,0,0,1,0,0
0,1,1,0,11,1,1,82.9000015258789,880.05,0,0,0,1,0,0,0,0,0,0,0,1,0,1,0,0,0,0,0,0,1,0
0,1,0,0,2,1,1,70.3499984741211,139.05,1,0,0,1,0,0,0,0,0,0,0,0,0,0,0,0,0,0,0,0,1,0
0,1,1,1,28,0,1,35.900001525878906,973.65,0,0,1,0,0,0,0,0,0,0,0,0,0,1,0,0,0,0,0,0,1,0
0,1,0,0,17,1,1,82.6500015258789,1470.05,0,1,0,1,0,0,0,0,0,1,0,0,0,0,0,0,0,0,0,1,0,0
0,0,1,1,35,1,1,19.850000381469727,739.35,0,0,0,0,1,0,1,0,1,0,1,0,1,0,1,0,1,0,1,0,0,1
0,0,0,0,8,1,1,19.200000762939453,161.95,0,0,0,0,1,0,1,0,1,0,1,0,1,0,1,0,1,1,0,0,0,1
1,0,0,0,46,1,1,94.9000015258789,4422.95,0,1,0,1,0,0,0,1,0,1,0,0,0,1,0,0,0,1,0,1,0,0
0,0,0,0,7,1,1,73.8499984741211,511.25,1,1,0,1,0,0,0,0,0,0,0,0,0,0,0,0,0,0,0,0,1,0
0,0,0,0,2,1,0,80.5999984741211,155.8,1,1,0,1,0,0,0,0,0,1,0,0,0,0,0,0,0,0,0,0,0,1
1,0,1,1,68,1,1,75.80000305175781,5293.95,1,1,0,0,0,0,0,1,0,1,0,1,0,0,0,1,0,1,0,0,0,0
0,0,0,0,43,1,1,104.5999984741211,4759.85,1,1,0,1,0,0,0,1,0,1,0,0,0,1,0,1,0,0,1,0,1,0
0,0,0,0,68,1,1,88.1500015258789,6148.45,0,1,0,0,0,1,0,1,0,1,0,1,0,1,0,1,0,0,1,0,1,0
0,0,0,0,36,1,1,94.80000305175781,3565.65,0,0,0,1,0,0,0,1,0,0,0,0,0,1,0,1,0,0,0,1,0,0
1,0,1,0,63,1,1,103.4000015258789,6603.0,1,1,0,1,0,0,0,1,0,1,0,0,0,1,0,1,0,0,0,0,1,0
0,1,0,0,32,1,0,54.650001525878906,1830.1,0,0,0,0,0,0,0,1,0,0,0,1,0,0,0,0,0,0,0,0,0,0
0,0,1,0,71,1,0,85.75,6223.8,0,1,0,0,0,1,0,1,0,1,0,1,0,1,0,1,0,0,1,1,0,0
0,0,1,1,66,1,1,67.44999694824219,4508.65,0,1,0,0,0,1,0,1,0,1,0,0,0,0,0,0,0,0,0,0,0,0
1,0,0,0,63,1,0,20.5,1328.15,0,0,0,0,1,0,1,0,1,0,1,0,1,0,1,0,1,1,0,0,0,1
0,0,0,1,41,1,1,20.25,865.0,0,0,0,0,1,0,1,0,1,0,1,0,1,0,1,0,1,1,0,1,0,0
0,1,0,0,1,1,1,72.0999984741211,72.1,0,1,0,1,0,0,0,0,0,0,0,0,0,0,0,0,0,0,0,0,1,0
0,0,0,0,2,1,1,90.4000015258789,168.2,1,0,0,1,0,0,0,0,0,0,0,0,0,1,0,1,0,0,0,0,1,0
0,0,1,0,70,1,0,19.450000762939453,1303.5,0,0,0,0,1,0,1,0,1,0,1,0,1,0,1,0,1,0,1,0,0,0
0,0,0,0,23,0,1,44.95000076293945,996.85,0,0,1,0,0,0,0,0,0,0,0,0,0,1,0,1,0,0,0,0,1,0
0,1,1,0,64,1,0,97.0,6430.9,0,0,0,1,0,1,0,1,0,1,0,0,0,0,0,1,0,1,0,0,0,0
1,0,1,1,37,1,1,62.79999923706055,2278.75,0,1,0,0,0,1,0,0,0,1,0,1,0,0,0,0,0,0,1,1,0,0
1,0,0,1,17,1,0,44.599998474121094,681.4,0,0,0,0,0,0,0,0,0,0,0,0,0,0,0,0,0,1,0,0,0,1
0,1,0,0,7,1,1,89.1500015258789,574.35,0,0,0,1,0,0,0,0,0,0,0,0,0,1,0,1,0,0,0,0,1,0
1,0,1,1,4,1,1,84.80000305175781,371.9,1,1,0,1,0,0,0,1,0,1,0,0,0,0,0,0,0,0,0,0,0,0
0,1,0,0,21,0,1,41.900001525878906,840.1,1,0,1,0,0,1,0,0,0,0,0,0,0,1,0,0,0,0,0,0,1,0
0,0,0,0,10,1,1,80.25,846.0,1,0,0,1,0,0,0,0,0,0,0,0,0,0,0,1,0,0,0,0,0,0
0,1,0,0,16,1,1,54.099998474121094,889.0,0,1,0,0,0,1,0,0,0,0,0,0,0,0,0,0,0,0,0,0,1,0
1,0,1,0,64,1,1,105.25,6823.4,0,1,0,1,0,0,0,1,0,0,0,1,0,1,0,1,0,0,1,0,1,0
1,1,1,0,27,0,0,30.75,805.1,1,0,1,0,0,1,0,0,0,0,0,0,0,0,0,0,0,0,0,1,0,0
1,0,1,1,42,1,0,97.0999984741211,4016.75,0,1,0,1,0,1,0,0,0,0,0,0,0,1,0,1,0,1,0,0,1,0
1,0,0,1,5,1,0,20.200000762939453,83.75,0,0,0,0,1,0,1,0,1,0,1,0,1,0,1,0,1,0,0,0,0,1
0,0,0,0,41,1,1,98.80000305175781,3959.15,0,0,0,1,0,0,0,1,0,0,0,1,0,1,0,1,0,0,1,0,0,0
1,0,1,0,58,1,0,50.29999923706055,2878.55,0,0,0,0,0,0,0,0,0,1,0,0,0,0,0,0,0,1,0,1,0,0
0,0,0,0,47,1,1,20.549999237060547,945.7,0,0,0,0,1,0,1,0,1,0,1,0,1,0,1,0,1,0,1,0,0,1
1,0,0,0,18,1,1,75.9000015258789,1373.05,0,0,0,1,0,0,0,0,0,0,0,1,0,0,0,0,0,0,0,0,0,0
1,0,0,0,5,1,0,96.5,492.55,1,0,0,1,0,0,0,0,0,1,0,0,0,1,0,1,0,0,0,0,0,0
1,0,1,0,23,1,1,59.95000076293945,1406.0,0,0,0,0,0,1,0,0,0,0,0,0,0,0,0,1,0,0,0,0,0,0
0,0,0,0,1,1,0,19.149999618530273,19.15,0,0,0,0,1,0,1,0,1,0,1,0,1,0,1,0,1,0,0,0,0,1
1,0,1,0,71,1,1,98.6500015258789,6962.85,0,1,0,1,0,0,0,0,0,1,0,0,0,1,0,1,0,1,0,1,0,0
1,0,1,1,72,1,1,112.5999984741211,8126.65,0,1,0,1,0,1,0,1,0,1,0,1,0,1,0,1,0,0,1,1,0,0
1,0,1,1,33,1,0,20.600000381469727,690.25,0,0,0,0,1,0,1,0,1,0,1,0,1,0,1,0,1,1,0,0,0,1
1,0,0,0,2,1,1,85.6500015258789,181.5,1,1,0,1,0,0,0,0,0,0,0,0,0,1,0,0,0,0,0,0,1,0
1,0,0,1,24,0,0,35.75,830.8,0,0,1,0,0,1,0,0,0,0,0,1,0,0,0,0,0,0,1,0,0,1
0,0,1,1,56,1,1,99.75,5608.4,0,1,0,1,0,0,0,1,0,1,0,1,0,0,0,1,0,1,0,1,0,0
1,0,0,0,37,1,1,96.0999984741211,3646.8,0,0,0,1,0,0,0,1,0,0,0,0,0,1,0,1,0,0,0,1,0,0
0,0,0,0,43,1,0,85.0999984741211,3662.25,0,1,0,0,0,0,0,1,0,1,0,1,0,1,0,1,0,1,0,1,0,0
1,0,0,0,1,0,0,25.350000381469727,25.35,0,0,1,0,0,0,0,0,0,0,0,0,0,0,0,0,0,0,0,0,0,1
0,0,1,0,25,1,1,104.94999694824219,2566.5,1,1,0,1,0,0,0,0,0,1,0,1,0,1,0,1,0,0,0,0,0,0
0,0,0,0,61,1,0,89.6500015258789,5308.7,0,1,0,0,0,1,0,1,0,1,0,1,0,1,0,1,0,0,1,0,1,0
1,0,0,0,17,1,0,86.75,1410.25,0,1,0,1,0,0,0,0,0,1,0,1,0,0,0,0,0,1,0,0,1,0
0,0,1,0,41,1,1,86.19999694824219,3339.05,0,0,0,1,0,0,0,1,0,1,0,1,0,0,0,0,0,1,0,0,0,0
1,0,0,0,1,1,0,50.650001525878906,50.65,1,0,0,0,0,0,0,1,0,0,0,0,0,0,0,0,0,0,0,0,0,1
1,1,1,1,72,0,1,64.80000305175781,4732.35,0,0,1,0,0,1,0,1,0,1,0,1,0,1,0,1,0,0,1,0,0,0
1,0,0,0,1,1,1,90.8499984741211,90.85,1,1,0,1,0,0,0,1,0,0,0,0,0,0,0,1,0,0,0,1,0,0
1,0,0,0,48,1,1,108.0999984741211,5067.45,0,1,0,1,0,0,0,1,0,1,0,0,0,1,0,1,0,0,1,0,0,0
1,1,1,0,11,1,0,19.950000762939453,214.75,1,0,0,0,1,0,1,0,1,0,1,0,1,0,1,0,1,0,0,0,0,1
0,1,1,0,55,1,1,85.44999694824219,4874.7,1,1,0,1,0,0,0,1,0,1,0,0,0,0,0,0,0,0,0,0,1,0
0,0,0,0,42,0,1,54.75,2348.45,0,0,1,0,0,1,0,1,0,1,0,1,0,0,0,1,0,1,0,0,1,0
1,0,0,0,44,1,1,90.4000015258789,4063.0,0,1,0,1,0,0,0,0,0,1,0,0,0,0,0,1,0,0,0,0,0,1
1,0,0,1,1,1,0,44.0,44.0,0,0,0,0,0,0,0,0,0,0,0,0,0,0,0,0,0,0,0,0,1,0
0,0,0,0,27,1,1,95.5999984741211,2595.25,0,1,0,1,0,0,0,0,0,0,0,0,0,1,0,1,0,0,0,0,0,0
1,1,1,0,27,1,1,84.80000305175781,2309.55,0,1,0,0,0,0,0,1,0,1,0,1,0,1,0,1,0,0,0,0,0,0
0,1,0,0,2,1,1,44.29999923706055,89.3,0,0,0,0,0,0,0,0,0,0,0,0,0,0,0,0,0,0,0,0,1,0
0,0,0,0,19,1,0,19.899999618530273,367.55,0,0,0,0,1,0,1,0,1,0,1,0,1,0,1,0,1,0,0,0,0,1
0,1,1,0,42,1,1,95.05000305175781,3944.5,0,1,0,1,0,0,0,0,0,0,0,0,0,1,0,1,0,0,0,0,1,0
0,0,0,0,66,1,1,90.05000305175781,5965.95,0,1,0,0,0,1,0,1,0,1,0,1,0,1,0,1,0,0,1,1,0,0
1,1,1,0,33,1,1,109.9000015258789,3694.7,0,1,0,1,0,1,0,0,0,1,0,1,0,1,0,1,0,0,0,0,0,0
0,0,0,0,34,1,1,73.94999694824219,2524.45,1,0,0,1,0,0,0,1,0,0,0,0,0,0,0,0,0,0,0,1,0,0
1,1,0,0,33,0,1,54.599998474121094,1803.7,0,0,1,0,0,0,0,0,0,1,0,1,0,1,0,1,0,0,0,0,1,0
0,0,1,1,23,1,0,20.049999237060547,415.1,0,0,0,0,1,0,1,0,1,0,1,0,1,0,1,0,1,1,0,0,0,1
0,0,0,0,32,1,0,19.75,624.15,0,0,0,0,1,0,1,0,1,0,1,0,1,0,1,0,1,1,0,0,0,0
0,0,0,0,11,1,0,20.049999237060547,237.7,0,0,0,0,1,0,1,0,1,0,1,0,1,0,1,0,1,1,0,1,0,0
1,0,1,1,69,1,1,99.44999694824219,7007.6,1,1,0,1,0,0,0,0,0,1,0,0,0,1,0,1,0,0,0,1,0,0
0,0,1,0,68,1,0,55.900001525878906,3848.8,0,0,0,0,0,1,0,0,0,0,0,1,0,0,0,0,0,1,0,0,0,0
1,0,0,0,20,1,1,19.700000762939453,419.4,0,0,0,0,1,0,1,0,1,0,1,0,1,0,1,0,1,0,1,0,0,1
1,0,0,0,72,1,1,19.799999237060547,1468.75,0,0,0,0,1,0,1,0,1,0,1,0,1,0,1,0,1,0,1,1,0,0
1,0,1,1,60,1,1,95.4000015258789,5812.0,0,1,0,1,0,1,0,0,0,1,0,0,0,1,0,0,0,1,0,0,0,0
1,1,1,1,32,1,1,93.94999694824219,2861.45,0,0,0,1,0,0,0,1,0,0,0,0,0,1,0,1,0,0,0,0,0,1
0,0,0,0,1,1,1,19.899999618530273,19.9,1,0,0,0,1,0,1,0,1,0,1,0,1,0,1,0,1,0,0,0,0,1
1,0,0,0,1,1,1,19.600000381469727,19.6,1,0,0,0,1,0,1,0,1,0,1,0,1,0,1,0,1,0,0,0,0,1
1,1,0,0,3,1,1,81.3499984741211,233.7,1,1,0,1,0,0,0,1,0,0,0,0,0,0,0,0,0,0,0,0,1,0
0,0,1,0,46,1,1,24.450000762939453,1066.15,0,1,0,0,1,0,1,0,1,0,1,0,1,0,1,0,1,1,0,0,0,0
0,0,1,0,29,1,1,74.94999694824219,2149.05,0,1,0,1,0,0,0,0,0,0,0,0,0,0,0,0,0,0,0,0,1,0
1,0,0,0,51,1,1,87.3499984741211,4473.0,0,1,0,1,0,0,0,1,0,1,0,1,0,0,0,0,0,0,0,0,1,0
0,1,1,0,48,1,1,70.6500015258789,3545.05,0,0,0,1,0,0,0,0,0,0,0,0,0,0,0,0,0,0,0,0,0,0
0,0,1,1,16,1,0,73.25,1195.75,0,0,0,1,0,0,0,1,0,0,0,0,0,0,0,0,0,0,0,0,0,0
1,0,1,0,70,1,1,98.69999694824219,6858.9,0,1,0,1,0,0,0,1,0,1,0,1,0,0,0,1,0,0,1,0,0,0
0,0,1,1,40,1,1,24.799999237060547,1024.7,0,1,0,0,1,0,1,0,1,0,1,0,1,0,1,0,1,0,1,0,0,1
0,0,1,1,22,1,0,83.30000305175781,1845.9,1,0,0,1,0,0,0,1,0,0,0,0,0,0,0,1,0,0,0,0,1,0
0,1,0,0,1,1,1,75.30000305175781,75.3,1,0,0,1,0,0,0,0,0,1,0,0,0,0,0,0,0,0,0,0,0,0
0,0,1,1,5,1,1,24.299999237060547,132.25,0,1,0,0,1,0,1,0,1,0,1,0,1,0,1,0,1,0,0,0,0,1
0,0,0,0,7,1,1,69.8499984741211,515.45,0,0,0,1,0,0,0,0,0,0,0,0,0,0,0,0,0,0,0,0,0,0
1,0,0,1,29,1,0,100.55000305175781,2830.45,0,1,0,1,0,0,0,1,0,1,0,1,0,0,0,1,0,1,0,1,0,0
1,0,1,1,44,1,0,25.700000762939453,1110.5,0,1,0,0,1,0,1,0,1,0,1,0,1,0,1,0,1,1,0,0,0,1
0,0,0,0,10,0,0,40.70000076293945,449.3,0,0,1,0,0,1,0,1,0,1,0,0,0,0,0,0,0,0,0,0,0,0
0,1,1,0,55,1,0,51.650001525878906,2838.55,0,1,0,0,0,0,0,0,0,0,0,0,0,0,0,0,0,0,0,0,0,0
1,1,1,0,52,1,1,105.0999984741211,5376.4,0,1,0,1,0,0,0,1,0,1,0,0,0,1,0,1,0,1,0,0,0,0
0,0,1,1,10,1,0,85.94999694824219,858.6,0,1,0,1,0,0,0,0,0,0,0,0,0,0,0,1,0,0,0,0,1,0
1,0,0,0,18,1,1,75.5999984741211,1395.05,0,1,0,1,0,0,0,0,0,0,0,0,0,0,0,0,0,0,0,0,0,0
0,0,1,0,68,1,0,58.25,3975.7,0,1,0,0,0,1,0,0,0,0,0,1,0,0,0,0,0,1,0,0,0,0
0,0,1,1,61,1,1,19.399999618530273,1182.55,1,0,0,0,1,0,1,0,1,0,1,0,1,0,1,0,1,0,0,0,0,1
0,0,1,1,72,0,1,65.19999694824219,4784.45,0,0,1,0,0,1,0,1,0,1,0,1,0,1,0,1,0,0,1,1,0,0
1,0,0,0,2,1,0,53.45000076293945,119.5,0,0,0,0,0,1,0,0,0,1,0,0,0,0,0,0,0,0,0,0,1,0
1,0,0,0,12,1,1,45.400001525878906,518.9,1,0,0,0,0,0,0,0,0,0,0,0,0,0,0,0,0,0,0,0,0,0
1,0,1,0,41,1,1,19.75,899.45,0,0,0,0,1,0,1,0,1,0,1,0,1,0,1,0,1,0,1,0,1,0
0,0,0,0,26,0,1,44.45000076293945,1183.8,0,0,1,0,0,0,0,0,0,1,0,1,0,1,0,0,0,0,0,1,0,0
1,0,1,0,36,1,0,20.850000381469727,720.05,0,0,0,0,1,0,1,0,1,0,1,0,1,0,1,0,1,1,0,0,0,0
1,0,1,1,72,1,1,114.05000305175781,8468.2,0,1,0,1,0,1,0,1,0,1,0,1,0,1,0,1,0,0,1,1,0,0
1,0,1,0,35,1,1,89.8499984741211,3161.2,0,1,0,1,0,0,0,0,0,0,0,1,0,0,0,1,0,0,0,0,0,0
1,0,0,0,1,1,0,55.04999923706055,55.05,0,0,0,0,0,0,0,0,0,1,0,1,0,0,0,0,0,0,0,0,0,1
0,0,1,1,16,1,1,112.94999694824219,1882.55,0,1,0,1,0,1,0,0,0,1,0,1,0,1,0,1,0,0,0,0,1,0
0,1,0,0,49,1,0,101.55000305175781,5070.4,0,1,0,1,0,1,0,0,0,0,0,0,0,1,0,1,0,0,0,1,0,0
0,0,1,0,54,1,1,114.6500015258789,6049.5,0,1,0,1,0,1,0,1,0,1,0,1,0,1,0,1,0,1,0,0,0,1
0,0,0,1,18,1,0,64.80000305175781,1166.7,0,1,0,0,0,1,0,0,0,0,0,0,0,0,0,1,0,0,0,0,1,0
0,0,1,0,36,1,0,80.4000015258789,2937.65,0,0,0,1,0,0,0,0,0,0,0,0,0,0,0,1,0,0,0,0,1,0
0,0,0,0,60,1,1,105.9000015258789,6396.45,1,1,0,1,0,0,0,1,0,1,0,0,0,1,0,1,0,0,0,0,1,0
0,0,0,0,1,1,0,69.55000305175781,69.55,1,0,0,1,0,0,0,0,0,0,0,0,0,0,0,0,0,0,0,0,0,1
0,0,1,1,52,1,1,25.049999237060547,1270.25,0,1,0,0,1,0,1,0,1,0,1,0,1,0,1,0,1,0,1,0,0,0
1,0,1,1,8,1,1,94.75,759.55,0,0,0,1,0,0,0,0,0,1,0,0,0,1,0,1,0,0,0,0,1,0
1,0,1,1,72,1,0,105.5,7611.55,0,0,0,1,0,1,0,1,0,0,0,1,0,1,0,1,0,0,1,0,0,0
0,0,0,0,64,1,0,24.700000762939453,1642.75,0,1,0,0,1,0,1,0,1,0,1,0,1,0,1,0,1,1,0,0,0,1
0,1,0,0,22,1,1,69.75,1545.4,0,0,0,0,0,1,0,0,0,1,0,1,0,0,0,1,0,0,0,0,0,1
1,0,1,0,60,0,1,60.20000076293945,3582.4,0,0,1,0,0,0,0,1,0,1,0,1,0,1,0,1,0,0,0,0,0,0
0,0,1,1,28,1,1,81.05000305175781,2227.1,1,0,0,1,0,0,0,0,0,0,0,0,0,0,0,1,0,0,0,0,1,0
0,0,1,0,61,1,0,24.399999618530273,1417.9,0,1,0,0,1,0,1,0,1,0,1,0,1,0,1,0,1,0,1,0,0,1
0,0,0,0,24,1,1,104.1500015258789,2494.65,0,1,0,1,0,0,0,1,0,1,0,0,0,1,0,1,0,0,0,0,1,0
1,0,1,1,28,1,0,92.9000015258789,2768.35,0,0,0,1,0,0,0,1,0,1,0,1,0,1,0,0,0,1,0,0,0,0
0,0,1,1,30,1,0,80.80000305175781,2369.3,0,0,0,0,0,0,0,1,0,1,0,1,0,1,0,1,0,0,1,0,0,0
1,0,1,0,2,1,0,20.0,38.0,0,0,0,0,1,0,1,0,1,0,1,0,1,0,1,0,1,0,0,0,0,1
1,0,0,0,1,1,1,75.0999984741211,75.1,0,1,0,1,0,0,0,0,0,0,0,0,0,0,0,0,0,0,0,0,1,0
1,0,0,1,6,1,0,19.649999618530273,100.9,0,0,0,0,1,0,1,0,1,0,1,0,1,0,1,0,1,0,0,0,0,1
0,0,1,0,24,1,1,69.44999694824219,1614.05,0,0,0,0,0,0,0,1,0,0,0,0,0,1,0,1,0,0,0,0,0,0
1,0,1,1,4,1,0,101.1500015258789,385.9,1,1,0,1,0,0,0,0,0,1,0,0,0,1,0,1,0,0,0,0,1,0
1,0,0,0,7,1,1,99.80000305175781,673.25,1,1,0,1,0,0,0,1,0,0,0,0,0,1,0,1,0,0,0,0,1,0
1,1,1,0,72,1,1,116.05000305175781,8404.9,0,1,0,1,0,1,0,1,0,1,0,1,0,1,0,1,0,0,1,0,0,0
1,0,0,0,70,0,1,40.04999923706055,2799.75,0,0,1,0,0,0,0,0,0,0,0,1,0,0,0,1,0,0,1,0,0,1
1,1,1,0,64,1,0,102.0999984741211,6538.45,0,1,0,1,0,0,0,0,0,1,0,1,0,1,0,1,0,0,1,0,1,0
1,0,1,1,72,1,1,89.69999694824219,6588.95,0,1,0,1,0,0,0,1,0,0,0,0,0,1,0,0,0,1,0,0,1,0
0,0,0,1,44,1,0,19.899999618530273,868.1,0,0,0,0,1,0,1,0,1,0,1,0,1,0,1,0,1,0,1,0,0,1
0,0,1,1,13,1,0,55.95000076293945,734.35,1,0,0,0,0,0,0,0,0,0,0,0,0,0,0,1,0,0,0,0,1,0
0,1,0,0,17,1,0,20.649999618530273,330.6,0,0,0,0,1,0,1,0,1,0,1,0,1,0,1,0,1,1,0,0,0,1
1,0,0,0,1,1,1,55.0,55.0,1,0,0,0,0,0,0,0,0,0,0,0,0,0,0,1,0,0,0,0,1,0
1,0,1,0,9,1,1,70.05000305175781,564.4,0,0,0,0,0,0,0,0,0,1,0,0,0,1,0,1,0,0,0,0,0,1
1,0,1,0,24,1,0,53.599998474121094,1315.35,0,0,0,0,0,1,0,0,0,0,0,1,0,0,0,0,0,0,0,0,0,1
0,0,1,1,1,1,1,74.69999694824219,74.7,1,0,0,1,0,0,0,1,0,0,0,0,0,0,0,0,0,0,0,0,1,0
1,0,0,0,24,1,1,80.25,1861.5,1,1,0,1,0,0,0,1,0,0,0,0,0,0,0,0,0,0,0,0,1,0
1,1,1,1,35,1,1,76.05000305175781,2747.2,0,0,0,0,0,0,0,1,0,0,0,1,0,1,0,1,0,0,0,0,1,0
0,0,1,1,7,1,1,75.69999694824219,554.05,0,0,0,0,0,1,0,1,0,1,0,1,0,1,0,0,0,0,0,0,1,0
1,0,0,0,5,1,1,96.0999984741211,453.4,1,0,0,1,0,0,0,0,0,0,0,1,0,1,0,1,0,0,0,0,1,0
0,0,0,1,15,1,0,69.0,994.8,1,0,0,1,0,0,0,0,0,0,0,0,0,0,0,0,0,0,0,0,0,0
1,0,1,1,11,1,0,19.649999618530273,225.75,0,0,0,0,1,0,1,0,1,0,1,0,1,0,1,0,1,0,1,0,0,1
0,0,1,0,48,0,1,45.29999923706055,2145.0,1,0,1,0,0,1,0,0,0,1,0,0,0,0,0,1,0,0,0,0,0,0
0,1,0,0,20,1,1,81.44999694824219,1671.6,0,0,0,1,0,0,0,0,0,0,0,0,0,0,0,1,0,0,0,0,1,0
0,0,1,0,72,1,1,108.5,8003.8,0,1,0,1,0,0,0,1,0,1,0,1,0,1,0,1,0,1,0,0,0,0
0,0,1,1,8,1,1,83.55000305175781,680.05,1,0,0,1,0,0,0,1,0,0,0,0,0,1,0,0,0,0,0,0,1,0
1,0,1,1,72,1,1,84.5,6130.85,0,1,0,1,0,0,0,0,0,0,0,0,0,0,0,1,0,0,1,1,0,0
0,0,0,0,15,1,1,100.1500015258789,1415.0,0,1,0,1,0,0,0,1,0,0,0,0,0,1,0,1,0,0,0,0,1,0
1,0,0,0,72,1,1,88.5999984741211,6201.95,0,1,0,0,0,0,0,1,0,1,0,1,0,1,0,1,0,0,1,0,0,0
0,0,1,1,0,0,1,52.54999923706055,0.0,0,0,1,0,0,1,0,0,0,1,0,1,0,1,0,0,0,0,1,0,0,0
1,0,0,1,1,1,1,74.3499984741211,74.35,1,1,0,1,0,0,0,0,0,0,0,0,0,0,0,0,0,0,0,0,1,0
1,0,1,1,63,1,1,104.80000305175781,6597.25,0,1,0,1,0,0,0,1,0,1,0,0,0,1,0,1,0,0,1,0,0,0
0,0,0,0,2,1,1,59.0,114.15,0,0,0,0,0,0,0,1,0,0,0,0,0,1,0,0,0,0,0,0,1,0
0,0,1,0,2,1,1,74.4000015258789,139.4,1,0,0,1,0,1,0,0,0,0,0,0,0,0,0,0,0,0,0,0,1,0
1,1,1,0,61,1,0,64.05000305175781,3902.6,0,1,0,0,0,0,0,1,0,0,0,0,0,0,0,1,0,1,0,0,0,0
1,0,0,0,1,1,0,20.399999618530273,20.4,0,0,0,0,1,0,1,0,1,0,1,0,1,0,1,0,1,0,0,0,0,1
1,0,0,0,22,0,1,43.75,903.6,1,0,1,0,0,0,0,1,0,1,0,0,0,0,0,1,0,1,0,0,0,0
1,0,1,0,28,1,0,60.900001525878906,1785.65,0,0,0,0,0,1,0,1,0,0,0,1,0,0,0,0,0,0,0,0,0,1
0,0,1,0,70,1,0,19.799999237060547,1397.65,0,0,0,0,1,0,1,0,1,0,1,0,1,0,1,0,1,0,1,0,0,0
0,1,0,0,5,0,0,28.450000762939453,131.05,1,0,1,0,0,0,0,1,0,0,0,0,0,0,0,0,0,0,0,0,1,0
0,0,0,0,12,1,1,99.69999694824219,1238.45,1,1,0,1,0,1,0,1,0,1,0,0,0,0,0,1,0,0,0,0,0,0
1,0,0,0,34,1,0,116.25,3899.05,0,1,0,1,0,1,0,1,0,1,0,1,0,1,0,1,0,1,0,1,0,0
0,1,1,0,71,1,1,80.69999694824219,5676.0,0,1,0,1,0,1,0,0,0,0,0,0,0,0,0,0,0,0,1,1,0,0
0,0,1,1,70,1,0,65.19999694824219,4543.15,0,1,0,0,0,1,0,0,0,0,0,0,0,0,0,1,0,1,0,0,0,0
0,0,1,1,52,1,1,84.05000305175781,4326.8,0,0,0,1,0,1,0,0,0,1,0,1,0,0,0,0,0,0,0,0,0,0
1,0,0,1,69,1,1,79.44999694824219,5502.55,0,1,0,0,0,1,0,1,0,1,0,1,0,1,0,0,0,0,1,1,0,0
0,1,0,0,20,1,1,94.0999984741211,1782.4,1,1,0,1,0,0,0,1,0,1,0,0,0,0,0,1,0,0,0,0,1,0
1,0,0,1,11,1,1,78.0,851.8,0,1,0,1,0,0,0,0,0,1,0,0,0,0,0,0,0,0,0,0,0,1
1,0,1,0,2,1,1,94.19999694824219,167.5,1,0,0,1,0,0,0,0,0,0,0,1,0,1,0,1,0,0,0,0,1,0
0,0,1,1,6,1,1,80.5,502.85,1,1,0,1,0,0,0,0,0,0,0,1,0,0,0,0,0,0,0,0,1,0
0,0,0,0,1,1,0,19.850000381469727,19.85,0,0,0,0,1,0,1,0,1,0,1,0,1,0,1,0,1,0,0,0,0,1
1,1,1,1,20,1,0,94.30000305175781,1818.3,0,0,0,1,0,1,0,0,0,1,0,1,0,0,0,1,0,1,0,1,0,0
1,0,0,0,61,1,1,106.44999694824219,6300.15,0,1,0,1,0,1,0,0,0,1,0,0,0,1,0,1,0,0,0,0,1,0
0,1,1,0,5,1,1,74.3499984741211,334.8,1,1,0,1,0,0,0,0,0,0,0,0,0,0,0,0,0,0,0,0,1,0
0,0,0,0,56,1,1,105.44999694824219,5916.95,0,1,0,1,0,0,0,1,0,0,0,1,0,1,0,1,0,0,0,0,0,0
1,0,0,0,30,1,1,95.0,2852.4,0,1,0,1,0,1,0,1,0,1,0,1,0,0,0,0,0,0,0,1,0,0
1,0,0,0,40,1,0,104.80000305175781,4131.95,1,1,0,1,0,0,0,0,0,1,0,1,0,1,0,1,0,0,0,0,0,0
0,0,0,0,28,1,0,54.29999923706055,1546.3,0,0,0,0,0,1,0,0,0,0,0,1,0,0,0,0,0,1,0,0,0,1
0,1,1,0,5,1,0,70.05000305175781,302.6,0,0,0,1,0,0,0,0,0,0,0,0,0,0,0,0,0,0,0,0,1,0
0,1,1,0,27,1,1,75.19999694824219,1929.35,1,0,0,1,0,1,0,0,0,0,0,0,0,0,0,0,0,0,0,0,0,0
1,0,0,0,12,1,0,20.049999237060547,265.45,0,0,0,0,1,0,1,0,1,0,1,0,1,0,1,0,1,0,0,1,0,0
1,0,1,1,67,1,1,105.4000015258789,6989.45,0,1,0,1,0,0,0,1,0,1,0,0,0,1,0,1,0,1,0,0,1,0
1,1,1,0,29,1,1,51.599998474121094,1442.0,0,1,0,0,0,0,0,0,0,0,0,0,0,0,0,0,0,0,0,0,1,0
1,0,1,1,55,1,0,85.5,4713.4,0,1,0,1,0,0,0,0,0,0,0,0,0,0,0,1,0,0,0,0,0,0
0,0,0,0,23,1,0,75.5999984741211,1758.6,1,1,0,1,0,0,0,0,0,0,0,0,0,0,0,0,0,0,0,0,0,0
1,0,1,0,34,1,1,100.05000305175781,3480.0,1,1,0,1,0,0,0,0,0,1,0,0,0,1,0,1,0,0,0,0,1,0
1,0,0,0,52,1,0,91.25,4738.3,0,0,0,1,0,1,0,0,0,1,0,0,0,1,0,0,0,1,0,0,1,0
1,1,1,1,72,1,1,115.75,8399.15,0,1,0,1,0,1,0,1,0,1,0,1,0,1,0,1,0,0,1,1,0,0
1,0,1,1,58,1,1,94.69999694824219,5430.35,0,1,0,1,0,0,0,1,0,0,0,1,0,1,0,0,0,1,0,1,0,0
1,0,1,1,35,1,0,19.600000381469727,686.95,0,0,0,0,1,0,1,0,1,0,1,0,1,0,1,0,1,0,1,0,0,1
0,1,0,0,56,1,1,99.9000015258789,5706.3,0,1,0,1,0,0,0,1,0,1,0,1,0,1,0,0,0,0,1,0,0,0
0,0,1,1,24,1,1,21.100000381469727,490.65,0,0,0,0,1,0,1,0,1,0,1,0,1,0,1,0,1,0,1,1,0,0
1,0,1,1,70,1,0,20.049999237060547,1360.25,0,0,0,0,1,0,1,0,1,0,1,0,1,0,1,0,1,0,1,1,0,0
1,0,0,0,2,1,1,79.94999694824219,174.45,0,0,0,1,0,0,0,0,0,0,0,0,0,1,0,0,0,0,0,0,1,0
1,1,1,1,68,1,1,107.1500015258789,7379.8,0,1,0,1,0,0,0,0,0,1,0,1,0,1,0,1,0,1,0,1,0,0
0,0,0,0,1,1,1,85.0,85.0,1,1,0,1,0,0,0,0,0,0,0,0,0,0,0,1,0,0,0,0,1,0
1,0,0,0,12,1,1,89.55000305175781,1021.75,0,1,0,1,0,0,0,0,0,1,0,0,0,1,0,0,0,0,0,0,1,0
0,0,1,0,63,1,1,81.55000305175781,5029.05,0,1,0,1,0,0,0,1,0,0,0,0,0,0,0,0,0,0,0,0,0,0
0,0,1,1,33,1,1,58.45000076293945,1955.4,0,0,0,0,0,1,0,1,0,1,0,0,0,0,0,0,0,1,0,0,0,1
0,0,1,0,69,1,1,95.6500015258789,6744.2,0,0,0,1,0,0,0,1,0,0,0,0,0,1,0,1,0,1,0,1,0,0
0,0,1,1,60,1,1,80.5999984741211,4946.7,0,0,0,0,0,0,0,1,0,1,0,1,0,1,0,1,0,0,1,0,0,0
0,0,1,1,72,1,1,113.0999984741211,8248.5,0,1,0,1,0,1,0,1,0,1,0,1,0,1,0,1,0,0,1,0,0,0
0,0,0,0,11,1,1,58.95000076293945,601.6,0,1,0,0,0,0,0,0,0,0,0,0,0,0,0,1,0,0,0,0,0,1
0,0,0,0,1,1,0,19.549999237060547,19.55,0,0,0,0,1,0,1,0,1,0,1,0,1,0,1,0,1,0,0,0,0,1
1,0,0,0,10,1,1,86.05000305175781,834.1,1,1,0,1,0,0,0,0,0,0,0,0,0,1,0,0,0,0,0,0,0,0
1,0,0,0,13,0,1,45.54999923706055,597.0,1,0,1,0,0,1,0,0,0,0,0,1,0,1,0,0,0,0,0,1,0,0
1,0,1,1,34,1,1,78.94999694824219,2647.2,0,0,0,1,0,0,0,0,0,0,0,0,0,0,0,1,0,1,0,0,0,0
1,0,1,1,39,1,1,86.30000305175781,3266.0,1,0,0,1,0,0,0,1,0,0,0,0,0,1,0,0,0,0,0,0,0,1
0,0,0,0,65,1,1,105.05000305175781,6744.25,0,1,0,1,0,0,0,1,0,0,0,1,0,1,0,1,0,1,0,0,0,0
1,1,1,0,50,1,1,101.9000015258789,5265.5,0,1,0,1,0,1,0,1,0,1,0,0,0,1,0,0,0,1,0,0,0,0
1,0,0,0,15,1,0,19.75,311.6,0,0,0,0,1,0,1,0,1,0,1,0,1,0,1,0,1,0,0,0,0,1
1,0,1,1,72,1,1,110.30000305175781,7966.9,0,1,0,1,0,1,0,1,0,1,0,0,0,1,0,1,0,0,1,0,0,0
0,0,1,1,72,1,1,115.5999984741211,8220.4,0,1,0,1,0,1,0,1,0,1,0,1,0,1,0,1,0,0,1,0,0,0
1,0,1,1,55,1,0,19.350000381469727,1153.25,0,0,0,0,1,0,1,0,1,0,1,0,1,0,1,0,1,0,1,0,0,0
0,0,1,1,23,1,1,25.600000381469727,514.75,0,1,0,0,1,0,1,0,1,0,1,0,1,0,1,0,1,0,1,1,0,0
1,0,0,0,32,1,1,80.3499984741211,2596.15,1,1,0,1,0,0,0,1,0,0,0,0,0,0,0,0,0,0,0,0,0,0
0,0,1,1,56,1,1,68.75,3808.0,0,1,0,0,0,1,0,0,0,1,0,0,0,0,0,1,0,1,0,0,0,0
0,0,0,0,1,1,0,19.899999618530273,19.9,0,0,0,0,1,0,1,0,1,0,1,0,1,0,1,0,1,0,0,0,0,0
1,0,0,0,38,1,0,70.5999984741211,2708.2,0,0,0,0,0,1,0,1,0,0,0,1,0,1,0,0,0,1,0,0,0,1
1,0,0,0,11,1,0,70.19999694824219,760.05,0,0,0,1,0,0,0,0,0,0,0,0,0,0,0,0,0,0,0,0,1,0
1,0,0,0,1,1,1,49.29999923706055,49.3,0,0,0,0,0,0,0,0,0,0,0,1,0,0,0,0,0,0,0,0,1,0
1,0,1,0,56,1,1,107.25,6033.3,0,1,0,1,0,0,0,1,0,0,0,1,0,1,0,1,0,1,0,0,1,0
1,0,1,0,3,1,1,23.600000381469727,89.05,0,1,0,0,1,0,1,0,1,0,1,0,1,0,1,0,1,0,0,0,0,1
1,0,1,1,7,1,0,69.69999694824219,516.15,0,0,0,0,0,1,0,0,0,0,0,0,0,1,0,1,0,0,0,1,0,0
1,0,1,1,59,1,1,99.5,5861.75,0,1,0,1,0,0,0,0,0,1,0,0,0,1,0,1,0,0,1,1,0,0
1,0,0,0,7,1,0,64.30000305175781,445.95,0,0,0,0,0,0,0,0,0,1,0,1,0,1,0,0,0,0,0,0,0,0
1,0,1,1,71,1,1,70.8499984741211,4973.4,0,0,0,0,0,1,0,0,0,1,0,1,0,0,0,1,0,0,1,1,0,0
1,0,1,1,15,1,0,101.9000015258789,1667.25,0,0,0,1,0,1,0,0,0,0,0,1,0,1,0,1,0,1,0,0,1,0
1,0,1,0,71,1,0,73.5,5357.75,0,1,0,0,0,1,0,1,0,0,0,1,0,1,0,0,0,0,1,1,0,0
0,0,0,0,35,1,1,100.25,3527.6,1,1,0,1,0,0,0,0,0,1,0,0,0,1,0,1,0,0,0,0,1,0
0,0,0,0,11,0,1,40.400001525878906,422.6,0,0,1,0,0,0,0,1,0,1,0,1,0,0,0,0,0,1,0,1,0,0
0,0,1,1,60,1,1,19.25,1103.25,0,0,0,0,1,0,1,0,1,0,1,0,1,0,1,0,1,0,1,1,0,0
1,1,0,0,47,1,0,59.599998474121094,2754.0,0,1,0,0,0,0,0,1,0,0,0,1,0,0,0,0,0,0,1,0,0,0
0,0,0,0,11,1,0,64.9000015258789,697.25,0,0,0,0,0,0,0,0,0,1,0,1,0,0,0,1,0,1,0,1,0,0
1,0,1,0,56,1,0,100.30000305175781,5614.45,1,1,0,1,0,0,0,1,0,0,0,0,0,1,0,1,0,1,0,1,0,0
0,1,1,0,28,1,1,110.8499984741211,3204.4,0,1,0,1,0,0,0,1,0,1,0,1,0,1,0,1,0,0,0,0,1,0
1,0,1,0,61,1,1,81.05000305175781,4747.65,0,0,0,0,0,1,0,1,0,0,0,1,0,1,0,1,0,0,1,0,0,1
1,0,1,1,31,1,0,98.05000305175781,3082.1,0,1,0,1,0,1,0,0,0,1,0,0,0,1,0,0,0,1,0,0,0,0
1,0,0,0,9,1,1,70.5,597.9,0,0,0,1,0,0,0,0,0,0,0,0,0,0,0,0,0,0,0,0,1,0
1,1,1,0,35,1,1,94.55000305175781,3365.4,0,1,0,1,0,1,0,1,0,0,0,0,0,0,0,1,0,0,0,0,1,0
1,0,0,0,2,1,1,19.649999618530273,38.8,0,0,0,0,1,0,1,0,1,0,1,0,1,0,1,0,1,0,0,0,0,1
0,0,1,1,12,1,0,19.0,233.55,1,0,0,0,1,0,1,0,1,0,1,0,1,0,1,0,1,0,0,0,0,1
0,0,0,0,1,1,0,75.30000305175781,75.3,1,0,0,1,0,1,0,0,0,0,0,0,0,0,0,0,0,0,0,0,0,1
0,1,0,0,4,1,1,89.19999694824219,346.2,1,1,0,1,0,0,0,0,0,1,0,0,0,1,0,0,0,0,0,0,1,0
0,0,1,1,1,1,1,19.0,19.0,0,0,0,0,1,0,1,0,1,0,1,0,1,0,1,0,1,0,0,0,0,1
0,0,0,0,3,1,1,20.0,61.7,0,0,0,0,1,0,1,0,1,0,1,0,1,0,1,0,1,0,0,0,0,1
0,1,0,0,1,1,1,85.69999694824219,85.7,1,1,0,1,0,0,0,0,0,0,0,0,0,1,0,0,0,0,0,0,1,0
1,0,0,0,52,1,1,63.25,3342.45,0,0,0,0,0,1,0,1,0,0,0,0,0,1,0,0,0,0,1,1,0,0
1,0,1,1,5,1,0,20.100000381469727,85.1,0,0,0,0,1,0,1,0,1,0,1,0,1,0,1,0,1,1,0,0,0,1
1,0,1,0,72,1,1,99.1500015258789,7422.1,0,1,0,1,0,1,0,1,0,1,0,0,0,0,0,1,0,0,1,0,1,0
1,0,1,1,71,1,0,90.4000015258789,6668.05,0,1,0,0,0,1,0,1,0,1,0,1,0,1,0,1,0,0,1,0,1,0
1,0,1,0,72,1,1,111.9000015258789,8071.05,0,1,0,1,0,1,0,0,0,1,0,1,0,1,0,1,0,0,1,1,0,0
1,0,1,1,46,1,0,24.899999618530273,1174.8,0,1,0,0,1,0,1,0,1,0,1,0,1,0,1,0,1,1,0,0,1,0
1,0,1,1,63,1,0,83.5,5435.0,0,1,0,0,0,1,0,1,0,1,0,0,0,1,0,1,0,0,1,1,0,0
1,0,0,0,30,1,1,84.30000305175781,2438.6,0,0,0,1,0,1,0,1,0,1,0,0,0,0,0,0,0,0,0,1,0,0
1,0,0,0,1,1,0,45.599998474121094,45.6,0,0,0,0,0,0,0,0,0,0,0,0,0,0,0,0,0,0,0,0,0,1
0,0,0,0,12,1,1,61.650001525878906,713.75,1,1,0,0,0,1,0,0,0,1,0,1,0,0,0,0,0,0,0,0,0,1
1,0,0,0,16,0,0,54.849998474121094,916.15,0,0,1,0,0,1,0,1,0,1,0,1,0,1,0,0,0,0,1,0,0,1
1,0,0,0,4,1,0,65.55000305175781,237.2,0,1,0,0,0,0,0,0,0,0,0,1,0,0,0,1,0,0,0,0,0,1
1,0,1,0,51,1,1,90.3499984741211,4614.55,0,1,0,1,0,0,0,1,0,0,0,0,0,0,0,1,0,1,0,1,0,0
1,0,1,0,65,1,1,20.399999618530273,1414.45,0,0,0,0,1,0,1,0,1,0,1,0,1,0,1,0,1,0,1,1,0,0
1,0,0,0,16,1,1,74.55000305175781,1170.5,0,0,0,1,0,0,0,0,0,0,0,1,0,0,0,0,0,0,0,1,0,0
1,0,0,0,2,1,0,19.950000762939453,47.7,0,0,0,0,1,0,1,0,1,0,1,0,1,0,1,0,1,1,0,0,0,1
0,0,1,1,66,1,1,74.25,4859.25,0,1,0,1,0,0,0,0,0,0,0,0,0,0,0,0,0,1,0,0,0,0
1,0,0,0,46,1,0,108.6500015258789,4903.2,0,1,0,1,0,0,0,1,0,1,0,1,0,1,0,1,0,0,1,0,1,0
0,0,0,0,32,1,1,109.55000305175781,3608.0,0,1,0,1,0,1,0,0,0,1,0,1,0,1,0,1,0,1,0,0,0,0
1,0,1,0,72,1,0,86.6500015258789,6094.25,0,1,0,0,0,1,0,0,0,1,0,1,0,1,0,1,0,0,1,1,0,0
1,0,1,1,38,1,0,81.0,3084.9,0,0,0,0,0,1,0,0,0,1,0,1,0,1,0,1,0,0,1,1,0,0
1,0,0,1,51,1,0,47.849998474121094,2356.75,0,0,0,0,0,0,0,0,0,0,0,1,0,0,0,0,0,1,0,1,0,0
1,0,1,1,72,1,0,114.55000305175781,8306.05,0,1,0,1,0,1,0,1,0,1,0,1,0,1,0,1,0,0,1,0,0,0
0,1,1,0,65,1,0,105.25,6786.4,1,1,0,1,0,1,0,0,0,1,0,0,0,1,0,1,0,0,0,0,0,0
1,0,1,1,9,0,1,29.950000762939453,248.95,1,0,1,0,0,0,0,1,0,0,0,0,0,0,0,0,0,0,0,0,1,0
0,0,1,1,9,1,0,65.0,663.05,1,0,0,0,0,1,0,1,0,1,0,1,0,0,0,0,0,0,0,0,0,1
1,0,0,1,66,1,0,20.549999237060547,1357.1,0,0,0,0,1,0,1,0,1,0,1,0,1,0,1,0,1,0,1,0,0,1
0,1,0,0,44,1,1,109.80000305175781,4860.35,0,1,0,1,0,1,0,1,0,1,0,0,0,1,0,1,0,1,0,1,0,0
1,0,0,0,50,1,0,69.5,3418.2,0,1,0,0,0,0,0,0,0,1,0,1,0,0,0,1,0,0,1,0,0,0
0,0,0,0,15,1,0,48.849998474121094,631.4,0,1,0,0,0,0,0,0,0,0,0,0,0,0,0,0,0,0,0,0,0,1
1,0,0,0,8,0,1,25.25,186.3,0,0,1,0,0,0,0,0,0,0,0,0,0,0,0,0,0,0,0,1,0,0
0,1,0,0,66,1,1,102.8499984741211,6976.75,0,1,0,1,0,0,0,0,0,1,0,1,0,1,0,1,0,1,0,1,0,0
0,0,0,0,57,1,1,87.55000305175781,4884.85,0,1,0,1,0,1,0,1,0,0,0,1,0,0,0,0,0,0,0,0,0,0
0,0,0,0,7,1,1,78.55000305175781,522.95,0,1,0,1,0,0,0,1,0,0,0,0,0,0,0,0,0,0,0,0,0,0
1,1,1,1,10,0,1,34.54999923706055,362.6,0,0,1,0,0,0,0,0,0,0,0,0,0,0,0,1,0,0,0,0,0,0
0,0,0,0,62,1,1,92.05000305175781,5755.8,0,1,0,1,0,1,0,1,0,1,0,0,0,0,0,0,0,1,0,0,1,0
1,0,1,1,40,1,1,85.05000305175781,3355.65,0,0,0,1,0,0,0,0,0,1,0,0,0,1,0,0,0,1,0,0,1,0
0,0,0,0,20,1,0,19.700000762939453,406.95,0,0,0,0,1,0,1,0,1,0,1,0,1,0,1,0,1,0,1,0,0,1
0,0,0,0,7,1,0,20.0,137.6,1,0,0,0,1,0,1,0,1,0,1,0,1,0,1,0,1,0,0,0,0,0
0,0,1,0,25,1,1,95.1500015258789,2395.7,0,0,0,1,0,0,0,0,0,0,0,1,0,1,0,1,0,0,0,0,1,0
1,0,1,0,23,1,0,84.25,1968.1,0,1,0,1,0,0,0,1,0,1,0,0,0,0,0,0,0,0,0,0,1,0
0,1,1,0,66,1,0,104.5999984741211,6819.45,0,1,0,1,0,0,0,1,0,1,0,0,0,1,0,1,0,1,0,1,0,0
0,1,0,0,72,1,0,111.6500015258789,7943.45,0,1,0,1,0,0,0,1,0,1,0,1,0,1,0,1,0,0,1,0,1,0
1,1,1,0,49,1,0,90.05000305175781,4547.25,1,1,0,1,0,0,0,1,0,0,0,0,0,0,0,1,0,0,0,1,0,0
1,1,1,1,43,1,1,110.75,4687.9,1,1,0,1,0,0,0,1,0,1,0,1,0,1,0,1,0,0,0,0,0,0
0,0,1,0,46,1,0,55.0,2473.95,0,1,0,0,0,1,0,0,0,0,0,0,0,0,0,0,0,0,0,0,0,0
1,0,1,1,72,1,0,89.8499984741211,6562.9,0,1,0,0,0,1,0,1,0,1,0,1,0,1,0,1,0,0,1,1,0,0
1,0,0,0,10,1,0,20.350000381469727,176.3,0,0,0,0,1,0,1,0,1,0,1,0,1,0,1,0,1,1,0,0,0,1
0,0,0,0,40,0,1,54.54999923706055,2236.2,0,0,1,0,0,1,0,0,0,0,0,1,0,1,0,1,0,1,0,0,0,0
0,0,1,1,65,1,1,105.5,6985.65,1,1,0,1,0,0,0,1,0,1,0,0,0,1,0,1,0,0,0,0,1,0
1,0,0,0,31,1,0,99.44999694824219,3109.9,0,0,0,1,0,0,0,0,0,1,0,1,0,1,0,1,0,0,1,0,0,0
0,0,1,0,68,1,0,70.9000015258789,4911.35,0,1,0,0,0,1,0,1,0,1,0,1,0,0,0,0,0,0,1,1,0,0
1,1,1,1,56,1,1,104.55000305175781,5794.65,1,1,0,1,0,1,0,0,0,1,0,0,0,1,0,1,0,1,0,0,0,0
1,0,1,0,10,1,1,85.25,855.3,1,1,0,1,0,0,0,0,0,0,0,0,0,0,0,1,0,0,0,0,1,0
1,0,1,1,68,1,0,25.399999618530273,1620.2,0,1,0,0,1,0,1,0,1,0,1,0,1,0,1,0,1,0,1,0,0,0
0,0,1,1,43,1,0,56.150001525878906,2499.3,1,0,0,0,0,0,0,0,0,0,0,0,0,1,0,0,0,0,0,0,1,0
1,0,0,0,1,1,1,89.55000305175781,89.55,1,0,0,1,0,0,0,0,0,0,0,0,0,1,0,1,0,0,0,0,1,0
0,1,0,0,49,1,1,89.8499984741211,4287.2,0,0,0,1,0,0,0,1,0,1,0,0,0,0,0,1,0,1,0,0,0,0
0,0,1,1,15,1,1,25.25,394.85,0,1,0,0,1,0,1,0,1,0,1,0,1,0,1,0,1,0,0,0,1,0
1,1,1,0,20,1,1,94.55000305175781,1899.65,1,1,0,1,0,0,0,0,0,0,0,0,0,1,0,1,0,0,0,0,1,0
1,0,0,0,1,1,1,45.70000076293945,45.7,1,0,0,0,0,0,0,0,0,0,0,0,0,0,0,0,0,0,0,0,0,1
1,0,1,1,50,1,1,69.6500015258789,3442.15,0,1,0,0,0,0,0,0,0,1,0,1,0,1,0,0,0,1,0,0,1,0
0,1,0,0,2,1,0,89.5,161.5,1,1,0,1,0,0,0,1,0,0,0,0,0,0,0,1,0,0,0,0,1,0
1,1,0,0,24,1,0,70.0,1732.6,0,0,0,1,0,0,0,0,0,0,0,0,0,0,0,0,0,0,0,1,0,0
0,0,0,0,3,1,1,69.55000305175781,222.3,1,0,0,1,0,0,0,0,0,0,0,0,0,0,0,0,0,0,0,0,0,0
0,0,0,0,1,1,1,74.5999984741211,74.6,1,0,0,1,0,0,0,0,0,1,0,0,0,0,0,0,0,0,0,0,0,1
1,0,1,1,35,1,0,20.100000381469727,655.3,0,0,0,0,1,0,1,0,1,0,1,0,1,0,1,0,1,0,1,0,0,1
0,0,0,0,17,1,0,24.799999237060547,475.25,0,1,0,0,1,0,1,0,1,0,1,0,1,0,1,0,1,0,0,0,0,1
0,1,0,0,8,1,0,19.649999618530273,164.3,1,0,0,0,1,0,1,0,1,0,1,0,1,0,1,0,1,0,0,0,1,0
1,0,0,0,10,1,1,95.0999984741211,865.1,0,0,0,1,0,0,0,0,0,0,0,1,0,1,0,1,0,0,0,1,0,0
1,0,1,1,68,1,1,88.8499984741211,6132.7,0,1,0,0,0,1,0,1,0,1,0,1,0,1,0,1,0,0,1,1,0,0
1,0,1,0,45,1,0,78.80000305175781,3597.5,0,0,0,0,0,1,0,1,0,1,0,0,0,1,0,1,0,1,0,0,0,0
1,0,1,1,2,1,0,19.850000381469727,35.9,1,0,0,0,1,0,1,0,1,0,1,0,1,0,1,0,1,1,0,0,0,1
1,0,1,0,37,1,0,20.350000381469727,697.65,0,0,0,0,1,0,1,0,1,0,1,0,1,0,1,0,1,0,0,0,0,0
0,0,0,0,4,0,1,24.25,96.05,1,0,1,0,0,0,0,0,0,0,0,0,0,0,0,0,0,0,0,0,0,1
0,0,0,0,10,1,0,45.25,428.7,0,0,0,0,0,0,0,0,0,0,0,0,0,0,0,0,0,0,0,0,0,1
1,0,0,0,1,1,0,20.049999237060547,20.05,0,0,0,0,1,0,1,0,1,0,1,0,1,0,1,0,1,0,0,0,0,1
1,0,1,1,65,1,1,69.55000305175781,4459.15,0,1,0,0,0,1,0,1,0,0,0,0,0,0,0,1,0,0,1,0,0,1
0,0,1,1,57,1,0,19.5,1167.6,0,0,0,0,1,0,1,0,1,0,1,0,1,0,1,0,1,0,1,0,0,0
0,0,0,0,3,1,1,74.75,238.1,0,0,0,1,0,0,0,0,0,1,0,0,0,0,0,0,0,0,0,0,0,1
0,0,0,0,2,1,0,69.6500015258789,145.15,1,0,0,1,0,0,0,0,0,0,0,0,0,0,0,0,0,0,0,0,1,0
1,0,0,0,49,0,1,30.200000762939453,1453.1,0,0,1,0,0,0,0,0,0,1,0,0,0,0,0,0,0,0,0,0,0,0
0,0,0,0,4,1,0,45.650001525878906,191.05,1,0,0,0,0,0,0,0,0,0,0,0,0,0,0,0,0,0,0,0,0,1
0,0,1,0,70,0,0,57.79999923706055,4039.3,0,0,1,0,0,0,0,1,0,1,0,1,0,1,0,1,0,0,1,0,0,0
0,0,1,1,53,1,1,19.850000381469727,1039.45,0,0,0,0,1,0,1,0,1,0,1,0,1,0,1,0,1,1,0,0,0,0
1,0,1,1,53,1,0,25.549999237060547,1336.1,0,1,0,0,1,0,1,0,1,0,1,0,1,0,1,0,1,0,1,1,0,0
0,0,0,0,1,1,1,75.05000305175781,75.05,1,1,0,1,0,0,0,0,0,0,0,0,0,0,0,0,0,0,0,0,0,1
1,0,0,0,22,1,1,24.850000381469727,493.4,0,1,0,0,1,0,1,0,1,0,1,0,1,0,1,0,1,0,0,1,0,0
1,1,0,0,52,0,1,49.150001525878906,2550.9,1,0,1,0,0,0,0,1,0,0,0,0,0,1,0,1,0,0,0,0,1,0
1,1,0,0,65,1,1,110.3499984741211,7246.15,0,1,0,1,0,1,0,0,0,1,0,1,0,1,0,1,0,0,1,0,1,0
0,0,0,0,48,1,0,24.549999237060547,1203.95,0,1,0,0,1,0,1,0,1,0,1,0,1,0,1,0,1,1,0,0,0,0
0,0,0,0,2,0,1,34.70000076293945,62.25,1,0,1,0,0,0,0,0,0,0,0,0,0,0,0,1,0,0,0,0,1,0
1,0,0,0,3,1,0,107.94999694824219,313.6,0,1,0,1,0,0,0,1,0,1,0,0,0,1,0,1,0,0,0,0,0,1
1,0,1,0,45,1,0,81.4000015258789,3775.85,0,1,0,1,0,0,0,1,0,0,0,0,0,0,0,0,0,0,0,0,0,0
1,0,1,1,1,1,0,80.0,80.0,1,0,0,1,0,0,0,0,0,0,0,0,0,0,0,1,0,0,0,0,1,0
0,0,1,1,61,1,1,73.80000305175781,4616.05,0,0,0,0,0,0,0,0,0,1,0,1,0,1,0,1,0,0,1,0,0,0
1,0,0,0,3,1,1,64.4000015258789,195.65,0,0,0,0,0,1,0,0,0,0,0,1,0,1,0,0,0,0,0,1,0,0
0,1,0,0,40,1,1,103.75,4188.4,0,1,0,1,0,0,0,0,0,1,0,1,0,1,0,1,0,1,0,1,0,0
0,0,0,0,1,1,0,71.0999984741211,71.1,0,0,0,1,0,0,0,0,0,0,0,0,0,0,0,0,0,0,0,0,0,1
0,0,0,0,1,1,1,49.900001525878906,49.9,0,0,0,0,0,0,0,0,0,0,0,1,0,0,0,0,0,0,0,0,1,0
1,0,0,0,51,1,1,24.600000381469727,1266.4,0,1,0,0,1,0,1,0,1,0,1,0,1,0,1,0,1,1,0,0,0,0
1,1,0,0,2,1,1,49.25,91.1,1,0,0,0,0,1,0,0,0,0,0,0,0,0,0,0,0,0,0,0,1,0
1,0,0,0,52,0,0,30.100000381469727,1623.4,0,0,1,0,0,0,0,1,0,0,0,0,0,0,0,0,0,1,0,0,0,1
1,0,0,0,51,1,0,83.4000015258789,4149.45,0,1,0,1,0,0,0,0,0,0,0,0,0,0,0,1,0,0,0,0,0,0
1,0,0,0,1,1,1,20.450000762939453,20.45,0,0,0,0,1,0,1,0,1,0,1,0,1,0,1,0,1,0,0,0,0,1
1,0,1,1,31,1,1,75.25,2344.5,0,1,0,0,0,1,0,1,0,0,0,1,0,0,0,1,0,1,0,0,0,0
1,0,0,1,47,1,0,20.549999237060547,1013.05,0,0,0,0,1,0,1,0,1,0,1,0,1,0,1,0,1,1,0,1,0,0
0,0,0,0,3,1,1,75.0999984741211,270.7,1,1,0,1,0,0,0,0,0,0,0,0,0,0,0,0,0,0,0,1,0,0
0,1,0,0,22,1,1,20.049999237060547,417.0,0,0,0,0,1,0,1,0,1,0,1,0,1,0,1,0,1,1,0,0,0,1
0,0,1,0,1,1,1,20.649999618530273,20.65,0,0,0,0,1,0,1,0,1,0,1,0,1,0,1,0,1,0,0,0,0,1
1,0,1,0,72,1,1,85.1500015258789,6316.2,0,1,0,0,0,0,0,1,0,1,0,1,0,1,0,1,0,0,1,0,0,0
1,0,1,1,3,1,1,50.150001525878906,168.15,1,0,0,0,0,0,0,0,0,1,0,0,0,0,0,0,0,0,0,0,1,0
1,1,1,1,47,1,1,84.94999694824219,4018.05,0,0,0,1,0,0,0,1,0,0,0,0,0,1,0,0,0,1,0,0,0,0
1,0,1,1,72,1,1,66.5,4811.6,0,1,0,0,0,1,0,0,0,1,0,1,0,0,0,0,0,0,1,1,0,0
1,0,1,1,66,1,1,63.29999923706055,4189.7,0,1,0,0,0,0,0,0,0,1,0,0,0,1,0,0,0,0,1,0,0,0
1,0,0,0,35,1,0,83.1500015258789,2848.45,0,1,0,1,0,0,0,0,0,0,0,0,0,1,0,0,0,0,0,0,1,0
1,0,0,0,29,1,1,84.9000015258789,2516.2,0,1,0,1,0,0,0,0,0,0,0,0,0,0,0,1,0,0,0,0,1,0
0,0,0,0,2,1,1,20.549999237060547,33.6,0,0,0,0,1,0,1,0,1,0,1,0,1,0,1,0,1,0,0,0,0,1
1,0,0,0,4,1,0,49.25,208.45,0,0,0,0,0,0,0,1,0,0,0,0,0,0,0,0,0,0,0,0,0,1
0,0,0,0,25,1,1,79.8499984741211,2015.35,1,0,0,1,0,1,0,1,0,0,0,0,0,0,0,0,0,0,0,0,0,0
0,0,0,0,65,1,1,59.599998474121094,3739.8,0,0,0,0,0,1,0,1,0,0,0,1,0,0,0,0,0,0,1,0,0,1
1,1,0,0,27,1,1,104.6500015258789,2964.0,0,1,0,1,0,0,0,1,0,0,0,1,0,1,0,1,0,1,0,0,0,0
1,0,1,0,29,1,1,75.30000305175781,2263.4,0,0,0,1,0,0,0,0,0,1,0,0,0,0,0,0,0,0,0,1,0,0
1,0,1,1,29,1,0,80.0999984741211,2211.8,0,1,0,0,0,0,0,1,0,1,0,0,0,1,0,1,0,0,0,1,0,0
1,0,0,0,1,1,0,19.549999237060547,19.55,1,0,0,0,1,0,1,0,1,0,1,0,1,0,1,0,1,0,0,0,0,1
0,0,1,0,20,1,1,81.0,1683.7,0,0,0,1,0,0,0,0,0,1,0,1,0,0,0,0,0,0,0,0,0,1
0,0,0,0,58,1,1,24.700000762939453,1519.0,0,1,0,0,1,0,1,0,1,0,1,0,1,0,1,0,1,0,1,1,0,0
0,0,0,1,14,1,1,86.0,1164.05,0,1,0,1,0,1,0,0,0,0,0,1,0,0,0,0,0,0,0,0,0,1
1,0,1,0,72,1,0,25.399999618530273,1710.9,0,1,0,0,1,0,1,0,1,0,1,0,1,0,1,0,1,0,1,0,0,1
1,0,0,0,46,1,1,89.1500015258789,4245.55,0,1,0,1,0,1,0,0,0,0,0,0,0,1,0,0,0,0,0,1,0,0
0,0,1,0,71,0,0,58.25,4145.9,0,0,1,0,0,0,0,1,0,1,0,1,0,1,0,1,0,0,1,0,0,0
1,0,0,0,32,1,1,85.6500015258789,2664.3,0,1,0,1,0,0,0,0,0,0,0,0,0,0,0,1,0,0,0,0,0,0
0,0,0,0,26,0,1,50.349998474121094,1277.5,0,0,1,0,0,0,0,0,0,1,0,0,0,1,0,1,0,0,0,1,0,0
1,1,1,0,68,1,1,80.3499984741211,5589.3,0,1,0,1,0,0,0,0,0,1,0,0,0,0,0,0,0,0,0,1,0,0
1,0,1,1,2,1,0,20.200000762939453,34.75,0,0,0,0,1,0,1,0,1,0,1,0,1,0,1,0,1,1,0,0,0,1
1,0,1,1,61,1,0,20.549999237060547,1305.95,0,0,0,0,1,0,1,0,1,0,1,0,1,0,1,0,1,0,1,1,0,0
0,0,1,1,4,1,1,85.94999694824219,381.3,1,1,0,1,0,0,0,0,0,0,0,0,0,0,0,1,0,0,0,0,1,0
1,0,0,0,3,1,1,45.349998474121094,141.5,1,0,0,0,0,0,0,0,0,0,0,0,0,0,0,0,0,0,0,0,1,0
1,1,1,0,33,1,1,94.5,3105.55,1,1,0,1,0,0,0,0,0,0,0,0,0,1,0,1,0,0,0,0,1,0
1,1,1,0,9,1,1,21.25,204.55,0,0,0,0,1,0,1,0,1,0,1,0,1,0,1,0,1,0,0,0,0,1
0,0,0,0,22,1,0,26.25,605.9,0,1,0,0,1,0,1,0,1,0,1,0,1,0,1,0,1,0,1,0,0,1
0,0,1,1,5,1,1,80.8499984741211,356.1,0,0,0,1,0,0,0,0,0,0,0,0,0,1,0,0,0,0,0,0,1,0
0,1,0,0,30,1,0,91.69999694824219,2758.15,1,1,0,1,0,1,0,1,0,1,0,0,0,0,0,0,0,0,0,1,0,0
1,0,0,0,65,1,1,74.19999694824219,4805.65,0,1,0,0,0,0,0,1,0,1,0,1,0,0,0,1,0,0,1,1,0,0
0,0,0,0,45,1,1,87.25,3941.7,1,1,0,1,0,0,0,0,0,1,0,1,0,0,0,0,0,0,0,0,1,0
1,0,0,0,5,1,0,20.350000381469727,92.75,0,0,0,0,1,0,1,0,1,0,1,0,1,0,1,0,1,0,0,0,0,1
1,0,1,1,25,1,1,75.5,1901.05,0,0,0,1,0,0,0,1,0,0,0,0,0,0,0,0,0,0,0,0,1,0
0,0,1,1,72,1,0,79.05000305175781,5730.7,0,1,0,1,0,1,0,0,0,0,0,0,0,0,0,0,0,0,1,0,0,0
0,0,1,0,27,1,0,90.1500015258789,2423.4,0,1,0,1,0,0,0,0,0,1,0,0,0,0,0,1,0,0,0,0,0,0
1,0,1,1,32,0,0,50.599998474121094,1653.45,0,0,1,0,0,0,0,0,0,1,0,0,0,1,0,1,0,0,0,1,0,0
0,0,0,0,30,1,0,110.44999694824219,3327.05,0,1,0,1,0,0,0,1,0,1,0,1,0,1,0,1,0,1,0,1,0,0
1,0,1,0,70,1,0,101.0,7085.5,0,0,0,1,0,1,0,1,0,1,0,1,0,0,0,1,0,0,1,1,0,0
1,1,0,0,42,1,1,79.3499984741211,3344.1,0,1,0,1,0,0,0,1,0,0,0,0,0,0,0,0,0,0,0,0,0,0
0,1,1,0,72,1,1,89.8499984741211,6697.35,0,1,0,0,0,1,0,1,0,1,0,1,0,1,0,1,0,0,1,0,0,0
0,0,0,0,47,1,1,65.0,2879.9,0,1,0,0,0,1,0,0,0,1,0,1,0,0,0,0,0,0,1,0,0,1
0,0,0,0,2,1,1,80.44999694824219,137.1,0,0,0,1,0,1,0,0,0,1,0,0,0,0,0,0,0,0,0,0,1,0
1,0,0,0,10,1,0,98.55000305175781,1008.55,1,1,0,1,0,1,0,0,0,0,0,0,0,1,0,1,0,0,0,0,1,0
0,0,1,1,61,1,1,24.100000381469727,1551.6,0,1,0,0,1,0,1,0,1,0,1,0,1,0,1,0,1,0,1,0,0,1
0,0,0,0,5,1,1,44.04999923706055,202.15,0,0,0,0,0,0,0,0,0,0,0,0,0,0,0,0,0,0,0,1,0,0
0,1,1,0,72,1,1,110.80000305175781,7882.25,0,1,0,1,0,0,0,1,0,1,0,1,0,1,0,1,0,0,1,1,0,0
1,1,1,1,72,1,1,114.94999694824219,8196.4,0,1,0,1,0,1,0,1,0,1,0,1,0,1,0,1,0,0,1,0,0,0
0,1,0,0,3,1,0,75.05000305175781,202.9,0,0,0,1,0,0,0,0,0,1,0,0,0,0,0,0,0,0,0,0,0,1
1,0,1,0,48,1,0,19.25,855.1,0,0,0,0,1,0,1,0,1,0,1,0,1,0,1,0,1,0,1,0,0,1
0,0,0,0,63,1,1,90.05000305175781,5817.0,0,0,0,1,0,0,0,0,0,1,0,1,0,1,0,0,0,1,0,1,0,0
0,0,0,0,27,1,1,56.70000076293945,1652.95,0,0,0,0,0,1,0,1,0,0,0,0,0,0,0,0,0,0,0,0,0,1
1,0,1,1,70,1,1,80.1500015258789,5600.15,0,0,0,0,0,1,0,1,0,1,0,0,0,1,0,1,0,0,1,1,0,0
1,0,1,1,7,1,1,71.3499984741211,515.75,0,0,0,0,0,1,0,0,0,1,0,1,0,0,0,1,0,0,0,1,0,0
1,0,0,1,0,1,0,20.25,0.0,0,0,0,0,1,0,1,0,1,0,1,0,1,0,1,0,1,0,1,0,0,1
0,0,1,0,2,1,0,90.3499984741211,190.5,0,0,0,1,0,1,0,1,0,0,0,0,0,1,0,0,0,0,0,0,1,0
1,1,0,0,20,1,1,98.55000305175781,1842.8,1,1,0,1,0,0,0,0,0,1,0,0,0,1,0,1,0,0,0,0,1,0
1,0,0,0,66,1,0,19.700000762939453,1253.8,0,0,0,0,1,0,1,0,1,0,1,0,1,0,1,0,1,0,1,0,0,0
0,0,0,0,3,1,0,19.850000381469727,57.2,0,0,0,0,1,0,1,0,1,0,1,0,1,0,1,0,1,0,0,0,0,1
0,0,0,1,15,1,1,85.9000015258789,1269.55,1,0,0,1,0,0,0,1,0,0,0,0,0,0,0,1,0,0,0,0,0,0
0,0,1,1,72,1,1,90.3499984741211,6563.4,0,1,0,1,0,1,0,1,0,0,0,1,0,0,0,0,0,0,1,0,0,0
1,0,0,0,1,1,0,20.799999237060547,20.8,0,0,0,0,1,0,1,0,1,0,1,0,1,0,1,0,1,0,0,0,0,1
0,0,0,0,22,1,0,89.25,1907.85,1,0,0,1,0,0,0,0,0,0,0,0,0,1,0,1,0,0,0,0,1,0
1,0,1,0,3,1,1,70.30000305175781,208.85,1,0,0,1,0,0,0,0,0,0,0,0,0,0,0,0,0,0,0,0,1,0
0,0,1,1,72,1,0,66.8499984741211,4758.8,0,1,0,0,0,1,0,0,0,1,0,1,0,0,0,0,0,0,1,0,0,0
1,0,1,1,65,1,0,19.899999618530273,1292.6,0,0,0,0,1,0,1,0,1,0,1,0,1,0,1,0,1,0,1,0,0,1
0,0,0,0,11,0,1,35.79999923706055,363.15,0,0,1,0,0,0,0,0,0,0,0,0,0,1,0,0,0,0,0,0,0,1
1,0,0,0,22,1,1,78.8499984741211,1600.25,0,1,0,1,0,0,0,1,0,0,0,0,0,0,0,0,0,0,0,0,0,1
1,0,0,0,14,1,0,20.399999618530273,275.7,0,0,0,0,1,0,1,0,1,0,1,0,1,0,1,0,1,1,0,0,0,0
1,0,0,0,41,1,1,74.25,3089.1,0,0,0,1,0,0,0,0,0,0,0,1,0,0,0,0,0,0,0,0,1,0
1,0,1,0,17,1,0,64.80000305175781,1175.6,0,0,0,0,0,1,0,1,0,0,0,0,0,0,0,1,0,1,0,0,0,1
1,0,0,0,11,1,1,20.450000762939453,237.3,0,0,0,0,1,0,1,0,1,0,1,0,1,0,1,0,1,0,0,1,0,0
1,0,0,0,15,1,1,93.3499984741211,1444.65,1,1,0,1,0,0,0,0,0,0,0,0,0,1,0,1,0,0,0,0,1,0
0,0,0,0,1,1,0,19.899999618530273,19.9,1,0,0,0,1,0,1,0,1,0,1,0,1,0,1,0,1,0,0,0,0,1
0,0,1,0,5,1,1,88.9000015258789,454.15,1,0,0,1,0,1,0,0,0,1,0,0,0,0,0,1,0,0,0,0,0,1
1,0,1,0,33,1,1,95.80000305175781,3036.75,1,0,0,1,0,0,0,0,0,1,0,0,0,1,0,1,0,1,0,0,1,0
0,0,1,0,72,1,1,110.6500015258789,8065.65,0,1,0,1,0,1,0,1,0,1,0,0,0,1,0,1,0,0,1,1,0,0
0,0,1,1,3,0,0,40.29999923706055,92.5,0,0,1,0,0,0,0,1,0,0,0,0,0,0,0,1,0,0,0,0,0,1
1,0,0,0,2,1,1,82.0,184.65,1,1,0,1,0,0,0,1,0,0,0,0,0,0,0,0,0,0,0,0,1,0
0,0,1,0,59,1,1,107.0,6152.3,0,1,0,1,0,1,0,1,0,1,0,1,0,0,0,1,0,1,0,1,0,0
1,0,0,0,2,1,0,45.349998474121094,89.5,1,0,0,0,0,0,0,0,0,0,0,0,0,0,0,0,0,0,0,0,1,0
1,0,1,1,71,1,1,73.3499984741211,5154.5,0,0,0,0,0,0,0,1,0,0,0,1,0,1,0,1,0,0,1,1,0,0
0,0,1,1,5,1,0,44.79999923706055,220.45,0,0,0,0,0,0,0,0,0,0,0,0,0,0,0,0,0,0,0,0,0,1
1,0,1,1,27,1,1,54.75,1510.3,0,0,0,0,0,1,0,1,0,0,0,0,0,0,0,0,0,0,0,1,0,0
0,0,0,0,1,1,1,52.20000076293945,52.2,1,0,0,0,0,0,0,0,0,0,0,1,0,0,0,0,0,0,0,0,1,0
1,0,0,1,63,0,1,40.599998474121094,2588.95,0,0,1,0,0,1,0,1,0,0,0,1,0,0,0,0,0,1,0,0,0,0
0,1,0,0,46,1,1,110.0,4874.8,1,1,0,1,0,1,0,1,0,1,0,0,0,1,0,1,0,1,0,0,1,0
1,0,1,1,72,1,0,55.29999923706055,3983.6,0,1,0,0,0,1,0,0,0,0,0,0,0,0,0,0,0,0,1,0,0,0
0,0,1,0,34,1,1,60.849998474121094,2003.6,0,1,0,0,0,1,0,0,0,0,0,1,0,0,0,0,0,0,0,0,0,0
0,0,1,1,24,1,0,78.4000015258789,1832.4,0,1,0,0,0,1,0,1,0,0,0,0,0,1,0,1,0,1,0,0,1,0
1,0,0,0,72,1,0,69.6500015258789,4908.25,0,1,0,0,0,1,0,1,0,1,0,1,0,0,0,0,0,0,1,0,0,0
0,0,1,1,60,0,0,59.849998474121094,3590.2,0,0,1,0,0,1,0,0,0,1,0,1,0,1,0,1,0,0,1,1,0,0
1,0,0,0,68,1,1,76.9000015258789,5023.0,0,1,0,0,0,1,0,1,0,1,0,0,0,0,0,1,0,1,0,1,0,0
0,0,1,1,8,1,1,19.850000381469727,146.6,0,0,0,0,1,0,1,0,1,0,1,0,1,0,1,0,1,0,1,0,0,1
0,0,0,1,34,1,0,67.6500015258789,2339.3,0,0,0,0,0,1,0,0,0,1,0,1,0,1,0,0,0,0,1,1,0,0
0,0,0,0,6,0,0,45.0,298.7,0,0,1,0,0,0,0,0,0,0,0,0,0,1,0,1,0,0,0,1,0,0
1,0,1,0,2,1,1,64.19999694824219,143.65,0,0,0,0,0,0,0,1,0,0,0,1,0,0,0,1,0,0,0,0,0,1
1,0,0,0,31,1,0,81.69999694824219,2548.65,0,1,0,1,0,0,0,0,0,0,0,1,0,0,0,0,0,1,0,1,0,0
0,0,1,1,20,1,1,25.549999237060547,507.4,0,1,0,0,1,0,1,0,1,0,1,0,1,0,1,0,1,0,0,0,0,0
0,0,1,1,1,1,0,20.0,20.0,0,0,0,0,1,0,1,0,1,0,1,0,1,0,1,0,1,0,0,0,1,0
1,0,0,0,62,1,1,96.75,6125.4,1,1,0,1,0,0,0,0,0,1,0,0,0,1,0,1,0,1,0,0,1,0
0,1,1,0,70,1,1,75.6500015258789,5411.4,0,1,0,1,0,0,0,0,0,0,0,0,0,0,0,0,0,0,1,1,0,0
0,0,0,0,10,1,1,98.5,1058.25,1,1,0,1,0,0,0,0,0,0,0,1,0,1,0,1,0,0,0,0,1,0
1,0,1,1,39,1,1,23.799999237060547,903.8,0,1,0,0,1,0,1,0,1,0,1,0,1,0,1,0,1,0,1,0,0,1
0,0,1,0,46,1,1,64.19999694824219,3009.5,0,0,0,0,0,0,0,1,0,0,0,1,0,1,0,0,0,0,1,1,0,0
1,0,0,0,6,1,1,85.3499984741211,489.45,1,0,0,1,0,0,0,1,0,0,0,0,0,1,0,0,0,0,0,0,1,0
0,0,1,1,72,1,1,76.80000305175781,5468.45,0,1,0,0,0,0,0,0,0,1,0,0,0,1,0,1,0,0,1,0,0,0
1,0,0,0,18,1,0,55.20000076293945,1058.1,0,0,0,0,0,0,0,0,0,1,0,1,0,0,0,0,0,0,0,1,0,0
1,0,1,0,71,1,1,108.55000305175781,7616.0,0,1,0,1,0,1,0,0,0,1,0,1,0,1,0,1,0,0,1,1,0,0
1,0,1,0,40,1,1,101.30000305175781,4113.1,1,1,0,1,0,0,0,1,0,0,0,0,0,1,0,1,0,0,0,0,1,0
1,0,0,0,1,1,1,69.55000305175781,69.55,1,0,0,1,0,0,0,0,0,0,0,0,0,0,0,0,0,0,0,0,1,0
1,0,0,0,58,1,1,103.25,6017.65,1,1,0,1,0,0,0,1,0,1,0,0,0,1,0,1,0,1,0,0,0,0
1,0,0,0,70,1,1,104.0,7250.15,1,1,0,1,0,1,0,0,0,0,0,1,0,1,0,1,0,0,1,1,0,0
0,0,1,0,42,1,0,25.25,1108.2,0,1,0,0,1,0,1,0,1,0,1,0,1,0,1,0,1,0,1,0,1,0
1,0,1,1,34,0,0,30.399999618530273,938.65,0,0,1,0,0,1,0,0,0,0,0,0,0,0,0,0,0,1,0,0,0,0
1,1,0,0,5,1,0,20.049999237060547,94.15,0,0,0,0,1,0,1,0,1,0,1,0,1,0,1,0,1,0,0,0,0,0
0,0,0,0,25,1,1,84.5999984741211,2088.05,0,1,0,1,0,0,0,0,0,0,0,0,0,1,0,0,0,0,0,0,0,1
0,0,0,0,2,1,1,86.19999694824219,178.7,1,0,0,1,0,0,0,0,0,1,0,0,0,0,0,1,0,0,0,0,0,1
0,0,1,1,55,1,1,103.69999694824219,5656.75,0,0,0,1,0,0,0,1,0,1,0,1,0,1,0,1,0,1,0,0,0,0
1,0,1,0,21,1,1,111.19999694824219,2317.1,1,1,0,1,0,0,0,1,0,1,0,1,0,1,0,1,0,0,0,0,1,0
1,0,1,0,70,1,1,88.0,5986.45,0,1,0,1,0,1,0,1,0,0,0,1,0,0,0,0,0,0,1,1,0,0
0,0,1,0,61,1,1,106.3499984741211,6751.35,0,1,0,1,0,0,0,0,0,1,0,1,0,1,0,1,0,0,0,0,1,0
1,0,1,1,43,1,1,79.1500015258789,3566.6,0,0,0,0,0,1,0,0,0,1,0,1,0,1,0,1,0,0,1,1,0,0
1,0,0,0,47,1,1,103.0999984741211,4889.3,0,1,0,1,0,0,0,1,0,1,0,0,0,1,0,1,0,1,0,0,1,0
1,0,0,0,5,1,1,63.95000076293945,318.1,0,0,0,0,0,0,0,0,0,1,0,1,0,1,0,0,0,0,0,1,0,0
0,0,0,0,62,1,1,25.799999237060547,1563.95,0,1,0,0,1,0,1,0,1,0,1,0,1,0,1,0,1,0,1,1,0,0
0,0,1,1,16,1,1,89.44999694824219,1430.25,1,0,0,1,0,0,0,1,0,1,0,0,0,1,0,0,0,0,0,1,0,0
1,1,1,0,7,1,1,95.5999984741211,644.35,1,1,0,1,0,0,0,0,0,0,0,0,0,1,0,1,0,0,0,0,0,0
0,0,1,1,14,1,0,25.549999237060547,372.45,0,1,0,0,1,0,1,0,1,0,1,0,1,0,1,0,1,0,0,0,0,1
1,0,1,1,60,1,0,90.94999694824219,5453.4,1,0,0,1,0,0,0,1,0,1,0,0,0,1,0,0,0,1,0,0,1,0
1,0,1,1,34,0,1,44.849998474121094,1442.6,0,0,1,0,0,0,0,0,0,1,0,1,0,1,0,0,0,0,0,0,1,0
0,0,1,0,50,1,0,108.55000305175781,5610.7,1,1,0,1,0,1,0,1,0,0,0,1,0,1,0,1,0,1,0,0,1,0
1,0,1,1,38,1,0,25.049999237060547,963.95,0,1,0,0,1,0,1,0,1,0,1,0,1,0,1,0,1,0,1,1,0,0
0,0,1,1,70,1,0,74.0999984741211,5222.3,0,0,0,0,0,1,0,1,0,1,0,1,0,0,0,1,0,1,0,1,0,0
0,0,1,1,37,1,1,88.80000305175781,3340.55,0,1,0,1,0,0,0,1,0,0,0,0,0,1,0,0,0,0,0,0,1,0
0,1,0,0,4,1,1,78.8499984741211,292.8,1,0,0,1,0,0,0,0,0,0,0,0,0,1,0,0,0,0,0,0,1,0
1,1,1,1,60,1,1,93.25,5774.55,0,1,0,1,0,1,0,1,0,0,0,0,0,0,0,1,0,0,0,0,1,0
1,0,1,1,62,1,0,71.4000015258789,4487.3,0,0,0,0,0,1,0,0,0,1,0,1,0,0,0,1,0,1,0,1,0,0
1,0,0,0,1,1,0,44.400001525878906,44.4,1,0,0,0,0,0,0,0,0,0,0,0,0,0,0,0,0,0,0,0,0,1
1,0,0,0,36,1,1,79.19999694824219,2854.95,0,0,0,0,0,1,0,0,0,1,0,1,0,1,0,1,0,0,0,1,0,0
1,0,0,0,44,1,0,20.399999618530273,905.55,0,0,0,0,1,0,1,0,1,0,1,0,1,0,1,0,1,0,1,1,0,0
0,1,0,0,55,1,1,100.0,5509.3,1,1,0,1,0,0,0,0,0,1,0,0,0,1,0,1,0,1,0,0,1,0
0,0,1,0,72,1,1,105.0,7589.8,0,1,0,1,0,1,0,0,0,1,0,0,0,1,0,1,0,0,1,1,0,0
0,0,1,1,12,1,0,19.799999237060547,229.6,1,0,0,0,1,0,1,0,1,0,1,0,1,0,1,0,1,1,0,0,0,0
0,0,0,0,13,0,1,30.850000381469727,394.1,0,0,1,0,0,1,0,0,0,0,0,0,0,0,0,0,0,0,0,0,0,0
1,0,0,0,1,1,1,89.9000015258789,89.9,1,0,0,1,0,0,0,0,0,0,0,0,0,1,0,1,0,0,0,0,1,0
0,0,1,1,15,1,0,20.549999237060547,295.95,0,0,0,0,1,0,1,0,1,0,1,0,1,0,1,0,1,1,0,0,0,1
0,0,0,0,65,1,1,84.8499984741211,5459.2,0,0,0,0,0,1,0,1,0,1,0,1,0,1,0,1,0,0,1,0,0,0
0,0,1,1,12,0,0,33.150001525878906,444.75,0,0,1,0,0,1,0,0,0,0,0,1,0,0,0,0,0,1,0,1,0,0
1,0,1,0,72,1,1,92.0,6782.15,0,1,0,0,0,1,0,1,0,1,0,1,0,1,0,1,0,0,1,1,0,0
0,0,1,1,72,1,0,89.80000305175781,6510.45,0,1,0,0,0,1,0,1,0,1,0,1,0,1,0,1,0,0,1,1,0,0
0,0,1,1,72,1,1,115.80000305175781,8476.5,0,1,0,1,0,1,0,1,0,1,0,1,0,1,0,1,0,0,1,0,0,0
1,0,0,1,52,1,1,85.1500015258789,4461.85,0,1,0,0,0,1,0,1,0,0,0,1,0,1,0,1,0,0,1,0,0,1
1,0,0,0,2,1,0,24.850000381469727,62.0,0,1,0,0,1,0,1,0,1,0,1,0,1,0,1,0,1,0,0,0,0,1
0,0,0,0,5,1,1,64.3499984741211,352.65,0,0,0,0,0,1,0,0,0,0,0,1,0,1,0,0,0,0,0,0,1,0
0,0,0,0,68,1,0,20.5,1424.9,0,0,0,0,1,0,1,0,1,0,1,0,1,0,1,0,1,0,1,1,0,0
0,0,0,1,62,1,1,100.1500015258789,6413.65,1,1,0,1,0,0,0,0,0,1,0,0,0,1,0,1,0,1,0,0,1,0
1,0,0,0,72,1,0,86.05000305175781,6309.65,0,1,0,0,0,1,0,1,0,0,0,1,0,1,0,1,0,0,1,1,0,0
1,0,0,0,1,1,0,50.79999923706055,50.8,1,0,0,0,0,0,0,1,0,0,0,0,0,0,0,0,0,0,0,0,1,0
0,0,1,0,66,1,0,89.0,5898.6,0,1,0,1,0,1,0,1,0,0,0,1,0,0,0,0,0,1,0,0,1,0
1,0,1,1,72,0,1,64.80000305175781,4719.75,0,0,1,0,0,1,0,1,0,1,0,1,0,1,0,1,0,0,1,1,0,0
1,0,0,0,26,1,0,19.799999237060547,457.3,0,0,0,0,1,0,1,0,1,0,1,0,1,0,1,0,1,1,0,1,0,0
1,0,1,1,64,1,0,93.4000015258789,5822.3,0,1,0,1,0,1,0,0,0,1,0,0,0,0,0,1,0,0,1,0,0,0
1,1,1,0,20,1,1,73.6500015258789,1463.5,1,0,0,1,0,0,0,1,0,0,0,0,0,0,0,0,0,0,0,0,1,0
0,0,0,0,3,1,1,95.0999984741211,307.4,1,0,0,1,0,0,0,1,0,0,0,0,0,1,0,1,0,0,0,0,1,0
1,0,0,0,22,1,1,94.6500015258789,2104.55,1,1,0,1,0,0,0,0,0,0,0,0,0,1,0,1,0,0,0,1,0,0
1,0,1,0,4,1,1,80.5999984741211,319.15,1,0,0,1,0,0,0,0,0,1,0,1,0,0,0,0,0,0,0,0,0,1
1,0,1,0,62,0,1,39.0,2337.45,0,0,1,0,0,0,0,0,0,0,0,1,0,1,0,0,0,0,1,0,0,0
0,0,0,0,5,1,1,20.5,104.3,0,0,0,0,1,0,1,0,1,0,1,0,1,0,1,0,1,0,0,0,0,1
1,0,1,0,59,1,0,85.55000305175781,5084.65,1,1,0,1,0,0,0,0,0,0,0,0,0,0,0,1,0,1,0,0,1,0
1,0,0,1,3,1,1,26.399999618530273,121.25,0,1,0,0,1,0,1,0,1,0,1,0,1,0,1,0,1,0,1,0,0,1
0,0,1,0,72,1,1,98.19999694824219,7015.9,0,1,0,1,0,1,0,0,0,1,0,1,0,1,0,0,0,0,1,0,0,0
1,0,1,1,57,1,1,97.55000305175781,5598.0,0,0,0,1,0,0,0,1,0,1,0,0,0,1,0,1,0,1,0,1,0,0
1,0,0,1,66,1,0,19.950000762939453,1269.1,0,0,0,0,1,0,1,0,1,0,1,0,1,0,1,0,1,0,1,1,0,0
0,0,0,0,60,0,1,50.79999923706055,3027.4,1,0,1,0,0,0,0,1,0,0,0,0,0,1,0,1,0,0,0,0,1,0
1,0,0,1,45,1,0,99.69999694824219,4634.35,0,1,0,1,0,0,0,0,0,1,0,0,0,1,0,1,0,0,1,0,0,0
0,0,0,0,3,0,1,34.79999923706055,113.95,0,0,1,0,0,0,0,0,0,0,0,0,0,1,0,0,0,0,0,1,0,0
0,0,0,0,15,1,0,105.0999984741211,1582.75,1,0,0,1,0,1,0,0,0,1,0,1,0,1,0,1,0,0,0,0,1,0
0,0,0,1,51,0,0,60.150001525878906,3077.0,0,0,1,0,0,1,0,0,0,1,0,1,0,1,0,1,0,1,0,0,0,0
0,0,0,0,60,1,0,64.75,4039.5,0,1,0,0,0,1,0,0,0,1,0,1,0,0,0,0,0,1,0,0,1,0
1,0,0,0,33,1,1,54.650001525878906,1665.2,0,1,0,0,0,0,0,1,0,0,0,0,0,0,0,0,0,0,0,0,0,0
1,0,0,0,10,1,1,110.0999984741211,1043.3,1,0,0,1,0,1,0,1,0,1,0,1,0,1,0,1,0,0,0,0,1,0
1,1,0,0,26,1,0,19.299999237060547,504.2,0,0,0,0,1,0,1,0,1,0,1,0,1,0,1,0,1,1,0,1,0,0
0,0,0,0,6,1,0,83.9000015258789,497.55,1,0,0,1,0,0,0,0,0,1,0,0,0,0,0,1,0,0,0,0,1,0
0,0,1,0,67,1,1,111.25,7511.65,0,1,0,1,0,1,0,0,0,1,0,1,0,1,0,1,0,1,0,0,1,0
0,0,1,1,49,0,1,35.79999923706055,1782.0,0,0,1,0,0,1,0,0,0,0,0,1,0,0,0,0,0,1,0,1,0,0
1,0,0,0,1,1,1,20.049999237060547,20.05,0,0,0,0,1,0,1,0,1,0,1,0,1,0,1,0,1,0,0,0,0,1
0,1,0,0,7,1,1,84.3499984741211,609.65,0,0,0,1,0,0,0,0,0,1,0,0,0,1,0,0,0,0,0,0,1,0
0,1,0,0,27,1,1,110.5,2857.6,0,1,0,1,0,1,0,1,0,1,0,0,0,1,0,1,0,1,0,0,0,0
1,0,1,1,37,1,0,91.19999694824219,3247.55,0,0,0,1,0,0,0,0,0,0,0,0,0,1,0,1,0,1,0,1,0,0
0,0,1,1,63,1,1,100.55000305175781,6215.35,1,1,0,1,0,1,0,1,0,1,0,0,0,1,0,0,0,0,0,0,1,0
1,0,1,1,31,1,0,89.30000305175781,2823.0,0,1,0,1,0,1,0,0,0,1,0,1,0,0,0,0,0,0,0,0,1,0
1,0,1,1,50,1,1,103.8499984741211,5017.9,1,1,0,1,0,0,0,1,0,1,0,0,0,1,0,1,0,0,0,0,0,0
1,1,0,0,32,1,1,81.0999984741211,2619.25,0,1,0,1,0,0,0,0,0,1,0,0,0,0,0,0,0,0,0,1,0,0
0,0,0,0,1,0,0,24.600000381469727,24.6,1,0,1,0,0,0,0,0,0,0,0,0,0,0,0,0,0,0,0,0,1,0
0,0,1,0,63,1,1,81.19999694824219,4965.1,0,1,0,1,0,0,0,0,0,0,0,1,0,0,0,0,0,1,0,1,0,0
1,0,0,0,30,1,1,94.30000305175781,2679.7,0,1,0,1,0,1,0,1,0,0,0,0,0,0,0,1,0,0,0,1,0,0
1,0,1,0,71,1,1,116.0999984741211,8310.55,0,1,0,1,0,1,0,1,0,1,0,1,0,1,0,1,0,0,1,0,0,0
0,0,0,0,53,1,0,105.55000305175781,5682.25,0,1,0,1,0,0,0,1,0,1,0,0,0,1,0,1,0,0,1,0,1,0
0,0,0,0,12,1,1,98.9000015258789,1120.95,1,0,0,1,0,1,0,0,0,0,0,1,0,1,0,1,0,0,0,0,0,0
1,0,1,0,50,1,1,94.4000015258789,4914.9,0,1,0,1,0,1,0,1,0,0,0,0,0,0,0,1,0,0,0,1,0,0
0,0,0,0,2,1,0,19.5,27.55,0,0,0,0,1,0,1,0,1,0,1,0,1,0,1,0,1,0,0,0,0,1
0,0,0,0,9,1,0,98.30000305175781,923.5,1,1,0,1,0,0,0,0,0,1,0,0,0,1,0,1,0,0,0,1,0,0
1,0,0,0,17,1,0,93.8499984741211,1625.65,1,0,0,1,0,1,0,0,0,0,0,0,0,1,0,1,0,0,0,0,1,0
0,0,1,0,56,1,1,105.5999984741211,6068.65,0,0,0,1,0,1,0,1,0,1,0,0,0,1,0,1,0,1,0,1,0,0
1,0,1,1,67,1,0,81.3499984741211,5398.6,0,0,0,0,0,1,0,1,0,1,0,0,0,1,0,1,0,0,1,1,0,0
1,1,0,0,9,1,1,100.5,918.6,1,1,0,1,0,0,0,0,0,1,0,0,0,1,0,1,0,0,0,0,1,0
1,0,0,0,4,1,1,56.400001525878906,234.85,0,0,0,0,0,0,0,0,0,0,0,0,0,1,0,0,0,0,0,0,1,0
1,0,0,0,19,1,1,65.3499984741211,1231.85,0,0,0,0,0,0,0,1,0,0,0,1,0,0,0,1,0,1,0,0,0,0
0,0,0,1,8,1,0,19.950000762939453,170.9,0,0,0,0,1,0,1,0,1,0,1,0,1,0,1,0,1,0,0,0,0,1
0,0,0,0,71,1,1,111.25,7984.15,0,1,0,1,0,0,0,1,0,1,0,1,0,1,0,1,0,0,1,0,1,0
1,1,0,0,10,1,1,72.8499984741211,688.65,1,0,0,1,0,0,0,1,0,0,0,0,0,0,0,0,0,0,0,0,1,0
0,1,0,0,15,1,0,89.0,1288.3,0,1,0,1,0,0,0,1,0,0,0,0,0,1,0,0,0,0,0,1,0,0
1,0,1,1,72,1,1,106.0999984741211,7848.5,0,1,0,1,0,1,0,0,0,1,0,0,0,1,0,1,0,1,0,0,0,0
1,0,0,0,12,1,0,20.049999237060547,267.0,0,0,0,0,1,0,1,0,1,0,1,0,1,0,1,0,1,1,0,1,0,0
1,0,1,1,72,1,1,25.200000762939453,1798.9,0,1,0,0,1,0,1,0,1,0,1,0,1,0,1,0,1,0,1,0,0,0
1,1,1,0,1,1,1,73.55000305175781,73.55,1,1,0,1,0,0,0,0,0,0,0,0,0,0,0,0,0,0,0,0,1,0
0,1,0,0,23,1,1,75.4000015258789,1643.55,0,0,0,1,0,1,0,0,0,0,0,0,0,0,0,0,0,0,0,0,0,0
1,0,0,0,72,0,1,65.55000305175781,4807.45,0,0,1,0,0,1,0,1,0,1,0,1,0,1,0,1,0,0,1,0,0,0
0,0,0,0,26,1,1,80.69999694824219,2193.0,0,1,0,1,0,0,0,0,0,1,0,0,0,0,0,0,0,0,0,0,1,0
0,0,0,0,21,1,1,104.55000305175781,2239.4,0,0,0,1,0,0,0,1,0,1,0,1,0,1,0,1,0,1,0,0,0,1
1,0,1,0,60,1,0,24.149999618530273,1505.9,0,1,0,0,1,0,1,0,1,0,1,0,1,0,1,0,1,1,0,0,0,0
1,0,0,0,12,1,0,20.450000762939453,255.35,0,0,0,0,1,0,1,0,1,0,1,0,1,0,1,0,1,0,0,0,0,1
1,0,1,0,16,1,1,75.4000015258789,1189.4,0,1,0,1,0,0,0,0,0,0,0,0,0,0,0,0,0,0,0,0,1,0
0,0,1,0,63,1,1,79.69999694824219,4786.15,0,1,0,0,0,1,0,1,0,0,0,0,0,1,0,1,0,1,0,1,0,0
0,1,0,0,22,1,0,81.69999694824219,1820.9,0,0,0,1,0,1,0,1,0,0,0,0,0,0,0,0,0,0,0,0,1,0
0,0,1,1,32,1,0,76.30000305175781,2404.15,0,0,0,0,0,1,0,1,0,1,0,1,0,0,0,1,0,0,0,0,0,0
0,1,0,0,3,1,1,79.4000015258789,205.05,1,1,0,1,0,0,0,1,0,0,0,0,0,0,0,0,0,0,0,0,1,0
0,0,0,0,13,1,1,81.1500015258789,952.3,1,0,0,1,0,0,0,1,0,1,0,0,0,0,0,0,0,0,0,0,1,0
0,0,1,1,68,1,1,103.75,7039.45,0,1,0,1,0,0,0,1,0,0,0,1,0,1,0,1,0,0,1,1,0,0
0,0,1,1,30,1,0,86.44999694824219,2538.05,0,0,0,1,0,0,0,0,0,1,0,0,0,0,0,1,0,1,0,0,1,0
0,0,0,0,16,1,0,75.0999984741211,1212.85,0,0,0,1,0,0,0,1,0,0,0,0,0,0,0,0,0,0,0,0,0,0
1,0,0,0,33,1,0,80.5999984741211,2651.1,0,0,0,1,0,0,0,1,0,0,0,1,0,0,0,0,0,0,1,0,0,0
1,0,1,0,72,1,0,19.299999237060547,1304.8,0,0,0,0,1,0,1,0,1,0,1,0,1,0,1,0,1,0,1,1,0,0
0,1,0,0,4,1,1,84.5999984741211,360.1,1,1,0,1,0,0,0,0,0,0,0,0,0,0,0,1,0,0,0,0,1,0
0,0,0,0,12,0,1,33.599998474121094,435.45,0,0,1,0,0,1,0,0,0,0,0,1,0,0,0,0,0,1,0,0,0,1
0,1,1,0,4,1,1,83.25,308.05,0,1,0,1,0,0,0,0,0,0,0,0,0,1,0,0,0,0,0,0,1,0
0,0,1,1,0,1,0,80.8499984741211,0.0,0,0,0,0,0,1,0,1,0,1,0,0,0,1,0,1,0,0,1,0,0,1
0,0,0,0,6,1,1,79.05000305175781,434.5,1,1,0,1,0,1,0,0,0,0,0,0,0,0,0,0,0,0,0,0,1,0
0,0,1,0,65,1,1,108.05000305175781,7118.9,0,1,0,1,0,0,0,1,0,1,0,1,0,1,0,1,0,1,0,1,0,0
0,0,0,0,15,1,0,19.899999618530273,320.45,0,0,0,0,1,0,1,0,1,0,1,0,1,0,1,0,1,0,0,0,0,1
0,0,0,1,24,1,0,21.049999237060547,531.55,0,0,0,0,1,0,1,0,1,0,1,0,1,0,1,0,1,1,0,0,0,0
0,0,0,1,13,0,0,30.149999618530273,382.2,0,0,1,0,0,0,0,1,0,0,0,0,0,0,0,0,0,0,0,0,1,0
1,0,0,0,24,1,1,79.8499984741211,2001.0,0,0,0,1,0,0,0,0,0,0,0,0,0,0,0,1,0,0,0,1,0,0
0,0,1,0,72,0,0,65.5,4919.7,0,0,1,0,0,1,0,1,0,1,0,1,0,1,0,1,0,0,1,0,0,0
0,0,1,1,54,1,1,104.0999984741211,5645.8,0,1,0,1,0,1,0,1,0,0,0,0,0,1,0,1,0,0,0,0,0,0
0,0,0,0,3,1,0,74.4000015258789,215.8,1,1,0,1,0,0,0,0,0,0,0,0,0,0,0,0,0,0,0,0,0,0
1,0,1,1,4,1,1,20.5,77.6,0,0,0,0,1,0,1,0,1,0,1,0,1,0,1,0,1,0,0,0,0,1
0,1,1,1,32,1,1,91.3499984741211,2896.55,0,1,0,1,0,0,0,0,0,1,0,0,0,1,0,0,0,0,0,0,0,1
1,1,0,0,35,1,1,99.05000305175781,3395.8,1,1,0,1,0,0,0,0,0,1,0,0,0,1,0,1,0,0,0,0,1,0
1,0,1,1,35,1,0,20.5,759.35,0,0,0,0,1,0,1,0,1,0,1,0,1,0,1,0,1,0,1,0,0,0
1,1,0,0,2,1,0,44.95000076293945,85.15,1,0,0,0,0,0,0,0,0,0,0,0,0,0,0,0,0,0,0,0,0,1
0,0,0,0,8,1,0,75.5999984741211,535.55,0,0,0,1,0,0,0,1,0,0,0,0,0,0,0,0,0,0,0,0,1,0
1,0,0,0,22,1,0,55.099998474121094,1253.15,0,0,0,0,0,1,0,0,0,0,0,1,0,0,0,0,0,0,0,0,0,1
0,0,0,0,15,1,0,58.95000076293945,955.15,0,0,0,0,0,1,0,0,0,1,0,1,0,0,0,0,0,0,0,0,1,0
1,0,0,0,22,1,1,95.0999984741211,2162.6,0,1,0,1,0,0,0,0,0,0,0,0,0,1,0,1,0,0,0,0,1,0
1,0,1,0,1,1,0,44.70000076293945,44.7,1,0,0,0,0,0,0,0,0,0,0,0,0,0,0,0,0,0,0,1,0,0
0,0,1,1,71,1,0,25.450000762939453,1813.35,0,1,0,0,1,0,1,0,1,0,1,0,1,0,1,0,1,0,1,0,0,0
1,0,0,0,4,1,0,56.75,245.15,0,0,0,0,0,1,0,0,0,1,0,0,0,0,0,0,0,0,0,0,1,0
1,0,0,0,25,1,0,81.75,2028.8,0,1,0,0,0,1,0,1,0,1,0,1,0,0,0,1,0,0,0,0,0,0
0,0,1,1,32,1,1,86.0999984741211,2723.75,0,0,0,1,0,0,0,1,0,0,0,0,0,1,0,0,0,0,0,0,1,0
1,1,1,0,7,0,0,29.799999237060547,220.45,0,0,1,0,0,1,0,0,0,0,0,0,0,0,0,0,0,0,0,0,0,0
1,0,0,0,17,1,1,20.5,365.8,0,0,0,0,1,0,1,0,1,0,1,0,1,0,1,0,1,1,0,0,0,1
1,1,1,0,8,1,0,60.900001525878906,551.95,0,0,0,0,0,1,0,0,0,0,0,0,0,1,0,0,0,0,0,0,0,0
0,1,0,0,56,1,0,73.25,4054.2,0,1,0,0,0,1,0,0,0,1,0,1,0,0,0,1,0,0,1,0,0,0
1,0,0,0,1,1,1,45.70000076293945,45.7,1,0,0,0,0,0,0,0,0,0,0,0,0,0,0,0,0,0,0,0,0,1
1,1,0,0,8,1,0,100.30000305175781,832.35,1,0,0,1,0,1,0,0,0,0,0,1,0,1,0,1,0,0,0,1,0,0
1,0,0,0,7,1,0,19.25,112.3,1,0,0,0,1,0,1,0,1,0,1,0,1,0,1,0,1,0,0,0,1,0
1,0,0,1,3,1,0,20.850000381469727,60.65,0,0,0,0,1,0,1,0,1,0,1,0,1,0,1,0,1,0,0,0,0,1
0,0,0,0,71,1,0,77.3499984741211,5550.1,0,0,0,0,0,1,0,1,0,1,0,1,0,1,0,0,0,0,1,1,0,0
0,0,0,0,2,1,1,96.0,174.8,1,1,0,1,0,0,0,0,0,0,0,0,0,1,0,1,0,0,0,0,1,0
0,0,0,0,1,1,0,90.55000305175781,90.55,1,0,0,1,0,0,0,0,0,0,0,0,0,1,0,1,0,0,0,0,1,0
1,0,1,0,49,1,1,93.8499984741211,4733.1,0,1,0,1,0,1,0,1,0,0,0,0,0,1,0,0,0,0,0,0,0,0
1,0,0,0,58,1,0,70.0999984741211,4048.95,0,0,0,0,0,0,0,1,0,1,0,1,0,1,0,0,0,0,1,0,0,0
1,1,1,0,44,0,1,30.350000381469727,1359.7,1,0,1,0,0,0,0,1,0,0,0,0,0,0,0,0,0,0,0,0,1,0
0,0,1,1,59,1,1,75.94999694824219,4542.35,0,0,0,0,0,0,0,1,0,0,0,1,0,1,0,1,0,0,1,1,0,0
1,0,0,0,71,1,1,108.05000305175781,7532.15,1,1,0,1,0,1,0,0,0,1,0,1,0,1,0,1,0,0,1,0,1,0
1,0,0,0,1,1,1,69.9000015258789,69.9,1,0,0,1,0,0,0,0,0,0,0,0,0,0,0,0,0,0,0,0,1,0
0,0,0,0,11,1,0,75.25,888.65,0,1,0,1,0,0,0,0,0,0,0,0,0,0,0,0,0,0,0,0,1,0
1,1,1,0,62,1,1,103.75,6383.35,1,1,0,1,0,0,0,1,0,1,0,0,0,1,0,1,0,1,0,0,1,0
0,0,1,1,35,1,1,54.95000076293945,1916.0,0,0,0,0,0,1,0,0,0,0,0,1,0,0,0,0,0,1,0,0,0,0
0,0,0,0,20,1,1,19.5,413.0,0,0,0,0,1,0,1,0,1,0,1,0,1,0,1,0,1,0,0,0,0,0
1,0,1,1,40,1,0,19.600000381469727,808.95,0,0,0,0,1,0,1,0,1,0,1,0,1,0,1,0,1,0,1,0,0,1
0,0,0,0,39,1,1,47.849998474121094,1886.4,0,0,0,0,0,1,0,0,0,0,0,0,0,0,0,0,0,1,0,0,1,0
1,0,0,0,1,1,1,86.5999984741211,86.6,1,1,0,1,0,0,0,0,0,0,0,0,0,0,0,1,0,0,0,0,1,0
0,0,1,1,72,1,0,23.75,1679.25,0,1,0,0,1,0,1,0,1,0,1,0,1,0,1,0,1,0,1,0,0,0
0,1,1,0,33,1,1,80.5999984741211,2656.5,1,1,0,1,0,0,0,1,0,0,0,0,0,0,0,0,0,0,0,0,0,0
0,0,0,0,12,1,0,43.79999923706055,540.95,0,0,0,0,0,0,0,0,0,0,0,0,0,0,0,0,0,0,0,0,0,0
1,0,0,0,1,1,0,19.75,19.75,0,0,0,0,1,0,1,0,1,0,1,0,1,0,1,0,1,0,0,0,0,0
1,0,0,1,27,1,0,19.149999618530273,537.35,0,0,0,0,1,0,1,0,1,0,1,0,1,0,1,0,1,0,0,0,0,1
1,0,1,1,34,1,0,19.600000381469727,678.8,0,0,0,0,1,0,1,0,1,0,1,0,1,0,1,0,1,1,0,1,0,0
0,0,1,0,56,1,0,80.30000305175781,4513.65,0,0,0,1,0,1,0,0,0,1,0,0,0,0,0,0,0,0,1,0,0,0
0,0,0,0,58,1,0,24.350000381469727,1423.85,0,1,0,0,1,0,1,0,1,0,1,0,1,0,1,0,1,0,1,1,0,0
0,0,1,1,22,1,0,25.25,555.4,0,1,0,0,1,0,1,0,1,0,1,0,1,0,1,0,1,0,1,1,0,0
0,0,1,1,10,1,0,26.100000381469727,225.55,0,1,0,0,1,0,1,0,1,0,1,0,1,0,1,0,1,0,1,1,0,0
1,0,0,0,13,1,0,20.0,268.45,0,0,0,0,1,0,1,0,1,0,1,0,1,0,1,0,1,0,1,1,0,0
0,0,0,0,35,1,0,85.30000305175781,2917.5,1,1,0,1,0,0,0,1,0,0,0,1,0,0,0,0,0,0,0,1,0,0
0,0,0,0,34,1,1,70.0,2416.1,1,0,0,1,0,0,0,0,0,0,0,0,0,0,0,0,0,0,0,1,0,0
0,1,0,0,4,1,1,94.30000305175781,424.45,1,1,0,1,0,0,0,0,0,0,0,0,0,1,0,1,0,0,0,0,1,0
1,0,1,0,72,1,0,20.700000762939453,1492.1,0,0,0,0,1,0,1,0,1,0,1,0,1,0,1,0,1,0,1,0,0,0
1,0,0,0,2,1,0,70.30000305175781,132.4,0,0,0,0,0,0,0,0,0,0,0,1,0,1,0,1,0,0,0,0,1,0
0,0,0,0,7,1,1,95.3499984741211,660.9,1,0,0,1,0,0,0,0,0,1,0,0,0,1,0,1,0,0,0,0,1,0
1,1,1,0,27,1,1,75.5,1893.95,1,1,0,1,0,0,0,0,0,0,0,0,0,0,0,0,0,0,0,0,1,0
1,0,1,1,4,1,1,69.55000305175781,284.9,0,0,0,1,0,0,0,0,0,0,0,0,0,0,0,0,0,0,0,0,0,1
0,0,0,0,37,1,0,19.850000381469727,784.25,0,0,0,0,1,0,1,0,1,0,1,0,1,0,1,0,1,0,1,0,0,1
1,0,0,0,21,1,0,20.0,417.7,0,0,0,0,1,0,1,0,1,0,1,0,1,0,1,0,1,0,0,0,0,1
0,1,1,0,53,1,1,95.8499984741211,5016.25,0,1,0,1,0,0,0,0,0,0,0,0,0,1,0,1,0,1,0,1,0,0
0,0,0,0,18,1,1,90.0999984741211,1612.75,1,1,0,1,0,0,0,0,0,0,0,1,0,0,0,1,0,0,0,0,1,0
0,0,0,0,2,1,0,68.94999694824219,119.75,1,0,0,1,0,0,0,0,0,0,0,0,0,0,0,0,0,0,0,0,1,0
1,0,1,1,32,1,1,99.55000305175781,3204.65,1,1,0,1,0,1,0,0,0,0,0,0,0,1,0,1,0,0,0,1,0,0
1,1,1,0,23,1,1,20.75,485.2,0,0,0,0,1,0,1,0,1,0,1,0,1,0,1,0,1,1,0,0,1,0
1,0,0,0,3,1,1,50.150001525878906,160.85,0,0,0,0,0,1,0,0,0,0,0,0,0,0,0,0,0,0,0,0,0,1
0,0,1,1,71,0,0,58.650001525878906,4145.25,0,0,1,0,0,1,0,1,0,0,0,1,0,1,0,1,0,0,1,0,0,1
1,0,0,0,9,1,1,95.9000015258789,827.45,0,0,0,1,0,0,0,0,0,0,0,1,0,1,0,1,0,0,0,0,0,0
0,0,0,0,1,1,0,49.5,49.5,0,0,0,0,0,0,0,1,0,0,0,0,0,0,0,0,0,0,0,0,1,0
1,0,1,1,18,1,0,57.45000076293945,990.85,1,0,0,0,0,0,0,0,0,1,0,0,0,0,0,1,0,0,0,0,1,0
1,0,1,1,12,1,0,53.650001525878906,696.35,1,0,0,0,0,0,0,0,0,0,0,0,0,0,0,1,0,1,0,1,0,0
1,0,1,0,71,1,1,80.0999984741211,5585.4,0,1,0,0,0,1,0,1,0,1,0,1,0,0,0,1,0,0,1,0,0,1
0,0,0,0,64,1,1,24.399999618530273,1601.2,0,1,0,0,1,0,1,0,1,0,1,0,1,0,1,0,1,1,0,0,0,0
1,0,0,0,4,0,1,40.04999923706055,162.45,0,0,1,0,0,0,0,0,0,0,0,1,0,0,0,1,0,0,0,0,1,0
0,0,0,0,23,1,1,19.5,470.2,0,0,0,0,1,0,1,0,1,0,1,0,1,0,1,0,1,0,0,0,0,1
0,0,1,1,39,1,0,51.04999923706055,2066.0,0,0,0,0,0,1,0,0,0,0,0,0,0,0,0,0,0,0,0,1,0,0
1,0,1,0,28,1,0,54.349998474121094,1426.45,0,0,0,0,0,1,0,0,0,0,0,1,0,0,0,0,0,1,0,0,0,1
0,1,0,0,5,1,1,84.69999694824219,392.5,0,0,0,1,0,0,0,1,0,0,0,0,0,1,0,0,0,0,0,0,1,0
0,1,1,0,45,1,1,86.0999984741211,3861.45,0,0,0,1,0,0,0,0,0,1,0,0,0,0,0,1,0,0,0,0,1,0
1,0,0,0,37,1,1,70.3499984741211,2552.9,0,0,0,1,0,0,0,0,0,0,0,0,0,0,0,0,0,0,0,0,0,1
0,1,1,0,60,1,1,110.0,6668.35,0,0,0,1,0,1,0,1,0,1,0,1,0,1,0,1,0,0,1,0,0,0
1,1,0,0,8,1,1,100.5999984741211,819.4,1,1,0,1,0,0,0,0,0,1,0,0,0,1,0,1,0,0,0,0,1,0
0,0,0,0,47,1,0,94.9000015258789,4615.25,0,1,0,1,0,1,0,0,0,1,0,0,0,1,0,0,0,1,0,1,0,0
1,0,1,1,26,1,1,83.75,2070.6,1,1,0,1,0,0,0,0,0,0,0,0,0,1,0,0,0,0,0,0,1,0
0,1,1,1,3,1,1,88.30000305175781,273.75,1,0,0,1,0,1,0,0,0,0,0,1,0,1,0,0,0,0,0,0,0,1
0,0,1,1,50,1,1,69.75,3557.7,0,0,0,1,0,0,0,0,0,0,0,0,0,0,0,0,0,0,0,0,0,0
1,0,1,1,27,1,0,71.5999984741211,1957.1,0,1,0,0,0,0,0,0,0,0,0,1,0,1,0,1,0,0,0,0,0,0
0,1,0,0,8,1,1,92.0999984741211,729.95,1,0,0,1,0,0,0,0,0,1,0,0,0,1,0,1,0,0,0,0,1,0
0,0,1,0,62,1,0,23.649999618530273,1416.75,0,1,0,0,1,0,1,0,1,0,1,0,1,0,1,0,1,0,1,0,0,0
0,0,1,0,71,1,0,81.8499984741211,5924.4,0,0,0,0,0,1,0,0,0,1,0,1,0,1,0,1,0,0,1,0,0,0
1,0,0,0,66,1,0,25.100000381469727,1697.7,0,1,0,0,1,0,1,0,1,0,1,0,1,0,1,0,1,0,1,0,0,1
1,0,1,1,68,1,1,114.69999694824219,7849.85,0,1,0,1,0,1,0,1,0,1,0,1,0,1,0,1,0,0,1,0,0,0
0,0,0,0,13,0,0,49.150001525878906,649.4,0,0,1,0,0,0,0,0,0,1,0,0,0,1,0,1,0,0,0,0,1,0
1,0,1,0,56,1,1,80.9000015258789,4557.5,0,0,0,1,0,0,0,0,0,0,0,0,0,0,0,1,0,1,0,0,1,0
1,0,1,0,38,1,1,79.44999694824219,3013.05,1,0,0,1,0,1,0,1,0,0,0,0,0,0,0,0,0,0,0,0,1,0
1,1,0,0,14,1,0,90.44999694824219,1266.1,1,0,0,1,0,0,0,0,0,0,0,0,0,1,0,1,0,0,0,1,0,0
0,0,0,1,16,1,1,19.299999237060547,360.35,0,0,0,0,1,0,1,0,1,0,1,0,1,0,1,0,1,1,0,0,0,0
0,0,1,1,14,1,0,70.19999694824219,1046.5,0,0,0,1,0,0,0,0,0,0,0,0,0,0,0,0,0,0,0,0,1,0
1,0,1,1,32,1,1,69.75,2347.9,1,0,0,1,0,0,0,0,0,0,0,0,0,0,0,0,0,0,0,0,0,0
0,0,0,0,8,1,0,54.25,447.75,0,0,0,0,0,1,0,0,0,0,0,1,0,0,0,0,0,1,0,0,0,0
0,0,1,1,43,1,1,99.30000305175781,4209.95,0,1,0,1,0,0,0,0,0,1,0,0,0,1,0,1,0,0,0,0,0,0
0,0,0,0,52,1,0,74.0,3877.65,0,1,0,0,0,1,0,0,0,1,0,1,0,1,0,0,0,1,0,1,0,0
1,0,0,0,3,1,1,50.25,152.3,0,0,0,0,0,0,0,0,0,0,0,1,0,0,0,0,0,0,0,0,0,1
1,0,0,0,29,1,1,19.799999237060547,572.2,0,0,0,0,1,0,1,0,1,0,1,0,1,0,1,0,1,1,0,0,0,1
0,0,0,0,1,1,0,19.649999618530273,19.65,1,0,0,0,1,0,1,0,1,0,1,0,1,0,1,0,1,0,0,0,0,1
1,1,0,0,12,0,1,43.650001525878906,526.95,1,0,1,0,0,0,0,0,0,1,0,1,0,0,0,1,0,0,0,0,1,0
0,0,1,1,16,0,1,35.5,552.7,0,0,1,0,0,0,0,0,0,0,0,0,0,0,0,1,0,0,0,1,0,0
0,0,0,0,40,1,1,80.75,3208.65,0,1,0,0,0,0,0,0,0,1,0,1,0,1,0,1,0,1,0,0,0,1
0,0,0,0,5,0,0,39.5,210.75,1,0,1,0,0,0,0,0,0,1,0,0,0,0,0,1,0,0,0,0,1,0
1,0,1,0,40,1,1,97.0999984741211,3706.95,1,1,0,1,0,0,0,0,0,0,0,0,0,1,0,1,0,0,0,0,0,0
0,0,0,0,36,1,0,19.549999237060547,620.75,0,0,0,0,1,0,1,0,1,0,1,0,1,0,1,0,1,1,0,0,0,1
0,0,0,0,5,1,1,80.0,412.5,1,0,0,1,0,0,0,0,0,0,0,0,0,0,0,1,0,0,0,0,1,0
0,0,0,0,10,1,1,84.69999694824219,832.05,1,0,0,1,0,1,0,0,0,0,0,0,0,1,0,0,0,0,0,0,0,1
1,0,1,1,2,1,1,89.55000305175781,185.55,1,0,0,1,0,0,0,0,0,0,0,0,0,1,0,1,0,0,0,0,0,0
1,0,0,0,23,1,1,90.5999984741211,1943.2,1,1,0,1,0,0,0,0,0,0,0,1,0,1,0,0,0,0,0,0,1,0
1,0,1,1,26,1,1,20.049999237060547,505.9,0,0,0,0,1,0,1,0,1,0,1,0,1,0,1,0,1,1,0,0,0,0
0,1,1,0,72,1,1,112.4000015258789,8046.85,0,1,0,1,0,1,0,1,0,1,0,0,0,1,0,1,0,0,1,0,1,0
0,0,1,0,34,1,0,50.20000076293945,1815.3,0,0,0,0,0,0,0,0,0,0,0,1,0,0,0,0,0,0,0,0,0,0
1,0,0,0,10,1,0,62.25,612.95,0,0,0,0,0,1,0,0,0,0,0,1,0,1,0,0,0,0,0,0,0,0
0,0,0,0,14,1,0,55.70000076293945,795.15,0,0,0,0,0,1,0,0,0,0,0,1,0,0,0,0,0,1,0,0,0,1
0,0,0,0,23,1,1,90.05000305175781,2169.8,1,1,0,1,0,1,0,0,0,0,0,0,0,1,0,0,0,0,0,0,0,0
1,0,1,0,47,1,0,19.649999618530273,973.1,0,0,0,0,1,0,1,0,1,0,1,0,1,0,1,0,1,0,1,0,0,1
1,0,1,0,24,1,1,89.25,2210.2,0,0,0,1,0,1,0,0,0,0,0,1,0,0,0,1,0,0,0,0,1,0
1,0,1,0,49,1,1,99.05000305175781,4853.75,1,1,0,1,0,0,0,1,0,0,0,0,0,1,0,1,0,0,0,0,0,0
1,1,0,0,20,1,0,54.0,1055.9,0,0,0,0,0,1,0,0,0,0,0,1,0,0,0,0,0,1,0,0,0,1
0,0,0,0,2,1,0,69.75,144.55,1,0,0,1,0,0,0,0,0,0,0,0,0,0,0,0,0,0,0,0,0,0
0,0,0,0,2,1,1,49.04999923706055,91.1,1,0,0,0,0,0,0,1,0,0,0,0,0,0,0,0,0,0,0,1,0,0
1,0,0,0,22,0,0,56.75,1304.85,0,0,1,0,0,0,0,0,0,1,0,1,0,1,0,1,0,0,1,0,0,0
1,0,0,0,7,1,1,98.05000305175781,713.0,1,1,0,1,0,0,0,0,0,1,0,0,0,1,0,1,0,0,0,0,0,0
1,0,0,0,1,1,0,21.100000381469727,21.1,0,0,0,0,1,0,1,0,1,0,1,0,1,0,1,0,1,0,0,0,0,1
0,0,1,1,59,1,1,96.6500015258789,5580.8,0,1,0,1,0,0,0,1,0,0,0,1,0,0,0,1,0,0,0,0,0,0
0,0,1,1,58,1,1,24.5,1497.9,0,1,0,0,1,0,1,0,1,0,1,0,1,0,1,0,1,1,0,1,0,0
0,0,0,0,41,1,1,114.5,4527.45,1,1,0,1,0,1,0,1,0,1,0,1,0,1,0,1,0,0,0,0,0,0
0,1,0,0,59,1,1,79.19999694824219,4590.35,0,1,0,1,0,0,0,1,0,0,0,0,0,0,0,0,0,0,1,1,0,0
0,0,1,1,3,1,1,69.55000305175781,200.2,0,0,0,1,0,0,0,0,0,0,0,0,0,0,0,0,0,0,0,0,1,0
1,0,0,0,32,1,1,20.049999237060547,614.45,0,0,0,0,1,0,1,0,1,0,1,0,1,0,1,0,1,0,1,0,0,0
1,1,1,0,46,1,1,98.8499984741211,4564.9,0,1,0,1,0,0,0,0,0,1,0,0,0,1,0,1,0,0,0,0,1,0
1,0,1,1,0,1,0,25.75,0.0,0,1,0,0,1,0,1,0,1,0,1,0,1,0,1,0,1,0,1,0,0,1
1,0,0,0,2,1,1,80.94999694824219,171.15,1,0,0,1,0,0,0,0,0,0,0,0,0,0,0,1,0,0,0,0,1,0
0,0,1,1,52,1,0,19.600000381469727,1012.4,0,0,0,0,1,0,1,0,1,0,1,0,1,0,1,0,1,1,0,1,0,0
0,1,0,0,13,1,1,74.30000305175781,940.35,1,0,0,1,0,0,0,0,0,1,0,0,0,0,0,0,0,0,0,0,1,0
0,1,0,0,11,1,0,89.69999694824219,1047.7,1,0,0,1,0,0,0,0,0,0,0,0,0,1,0,1,0,0,0,0,0,0
1,0,0,0,32,1,0,87.6500015258789,2766.4,0,1,0,1,0,1,0,0,0,0,0,1,0,0,0,0,0,0,0,0,0,0
1,1,1,0,17,1,1,100.44999694824219,1622.45,1,1,0,1,0,0,0,0,0,1,0,0,0,1,0,1,0,0,0,1,0,0
0,0,0,0,16,1,1,74.75,1129.35,0,1,0,1,0,0,0,0,0,0,0,0,0,0,0,0,0,0,0,1,0,0
0,0,0,0,51,1,0,107.44999694824219,5680.9,0,1,0,1,0,1,0,1,0,1,0,0,0,1,0,1,0,1,0,0,0,0
1,0,0,0,29,1,1,75.3499984741211,2243.9,0,0,0,0,0,0,0,0,0,1,0,1,0,1,0,1,0,1,0,0,0,0
1,0,1,0,70,1,0,64.94999694824219,4523.25,0,0,0,0,0,1,0,1,0,1,0,1,0,0,0,0,0,0,1,1,0,0
0,0,1,1,71,1,0,100.44999694824219,7159.7,0,1,0,1,0,1,0,0,0,1,0,1,0,0,0,1,0,0,1,0,1,0
1,0,1,1,41,1,0,68.5,2839.95,0,1,0,0,0,0,0,1,0,1,0,0,0,1,0,0,0,1,0,0,0,0
1,0,0,0,1,1,1,80.55000305175781,80.55,0,0,0,1,0,0,0,0,0,0,0,0,0,1,0,0,0,0,0,0,1,0
0,0,1,0,7,1,0,81.25,580.1,0,0,0,0,0,1,0,0,0,1,0,1,0,1,0,1,0,0,0,0,0,0
1,0,1,1,25,1,1,90.4000015258789,2178.6,1,0,0,1,0,0,0,0,0,0,0,0,0,1,0,1,0,1,0,0,1,0
1,0,1,1,67,1,0,89.55000305175781,6038.55,0,1,0,1,0,1,0,1,0,0,0,1,0,0,0,0,0,1,0,0,1,0
1,0,1,1,5,1,1,55.70000076293945,259.4,0,1,0,0,0,0,0,0,0,0,0,1,0,0,0,0,0,0,0,0,0,1
1,0,0,1,15,1,1,24.799999237060547,324.15,0,1,0,0,1,0,1,0,1,0,1,0,1,0,1,0,1,0,0,0,1,0
0,0,1,1,20,1,0,20.0,417.65,0,0,0,0,1,0,1,0,1,0,1,0,1,0,1,0,1,0,0,0,1,0
1,0,1,1,3,1,1,56.150001525878906,168.15,1,0,0,0,0,0,0,1,0,1,0,0,0,0,0,0,0,0,0,0,0,1
1,0,1,1,54,1,1,105.19999694824219,5637.85,0,1,0,1,0,0,0,1,0,0,0,1,0,1,0,1,0,1,0,0,1,0
1,0,0,0,42,1,1,19.549999237060547,839.4,0,0,0,0,1,0,1,0,1,0,1,0,1,0,1,0,1,1,0,0,0,1
0,0,1,0,9,1,1,79.75,769.1,0,0,0,1,0,0,0,0,0,0,0,0,0,0,0,1,0,0,0,0,1,0
0,0,0,0,63,1,0,97.44999694824219,6253.0,0,1,0,1,0,0,0,1,0,0,0,0,0,1,0,1,0,0,1,0,0,0
0,0,1,0,69,1,0,24.25,1641.8,0,1,0,0,1,0,1,0,1,0,1,0,1,0,1,0,1,0,1,0,0,0
0,0,0,0,69,1,0,24.600000381469727,1678.05,0,1,0,0,1,0,1,0,1,0,1,0,1,0,1,0,1,0,1,1,0,0
1,0,1,0,40,1,1,50.150001525878906,2058.5,0,0,0,0,0,0,0,1,0,0,0,0,0,0,0,0,0,0,0,0,0,1
1,0,0,0,60,0,0,39.599998474121094,2424.5,0,0,1,0,0,1,0,1,0,1,0,0,0,0,0,0,0,0,1,0,0,0
0,0,0,0,4,1,1,94.4000015258789,387.2,1,0,0,1,0,1,0,0,0,1,0,1,0,0,0,1,0,0,0,0,0,0
0,1,0,0,71,1,0,89.8499984741211,6293.45,0,1,0,0,0,1,0,1,0,1,0,1,0,1,0,1,0,0,1,0,0,1
0,0,1,0,37,1,1,78.94999694824219,2839.65,1,1,0,1,0,0,0,0,0,1,0,0,0,0,0,0,0,0,0,1,0,0
1,0,1,0,32,1,1,98.8499984741211,3145.9,0,1,0,1,0,0,0,1,0,0,0,0,0,1,0,1,0,0,0,1,0,0
1,0,0,0,39,1,1,53.849998474121094,2200.7,0,1,0,0,0,0,0,0,0,0,0,1,0,0,0,0,0,0,1,1,0,0
0,0,0,0,38,1,1,24.25,914.4,0,1,0,0,1,0,1,0,1,0,1,0,1,0,1,0,1,1,0,0,1,0
1,0,0,0,52,1,1,89.44999694824219,4577.75,0,1,0,1,0,0,0,0,0,1,0,0,0,0,0,1,0,0,1,1,0,0
0,0,1,1,48,1,1,105.25,4997.5,0,1,0,1,0,1,0,1,0,0,0,0,0,1,0,1,0,0,0,1,0,0
1,0,1,1,70,0,0,59.5,4144.8,0,0,1,0,0,1,0,0,0,1,0,1,0,1,0,1,0,0,1,0,0,0
1,0,0,0,20,1,0,70.55000305175781,1493.55,0,0,0,1,0,0,0,0,0,0,0,0,0,0,0,0,0,0,0,1,0,0
0,0,0,0,50,1,1,82.5,4179.1,0,1,0,0,0,1,0,0,0,1,0,1,0,1,0,1,0,1,0,1,0,0
0,0,0,0,19,0,1,44.849998474121094,893.55,1,0,1,0,0,0,0,0,0,0,0,0,0,1,0,1,0,1,0,1,0,0
1,0,1,1,25,1,1,61.599998474121094,1611.0,0,0,0,0,0,1,0,1,0,1,0,0,0,0,0,0,0,1,0,0,0,0
1,0,0,0,12,1,1,49.04999923706055,593.05,0,0,0,0,0,0,0,1,0,0,0,0,0,0,0,0,0,0,0,0,0,0
1,1,1,0,39,1,1,105.6500015258789,4284.8,1,1,0,1,0,0,0,1,0,1,0,0,0,1,0,1,0,0,0,0,1,0
1,0,0,0,7,1,0,74.6500015258789,544.55,1,0,0,1,0,0,0,0,0,1,0,0,0,0,0,0,0,0,0,0,0,1
0,0,1,1,23,1,1,66.25,1533.8,0,0,0,0,0,1,0,1,0,1,0,1,0,0,0,0,0,1,0,0,0,1
1,0,0,0,27,1,1,19.399999618530273,529.8,0,0,0,0,1,0,1,0,1,0,1,0,1,0,1,0,1,0,0,0,1,0
1,1,0,0,47,1,1,86.05000305175781,3865.6,0,1,0,1,0,0,0,0,0,0,0,0,0,1,0,0,0,0,0,1,0,0
1,0,1,1,26,1,1,19.149999618530273,515.75,0,0,0,0,1,0,1,0,1,0,1,0,1,0,1,0,1,0,1,1,0,0
0,0,1,0,14,1,1,64.69999694824219,941.0,1,1,0,0,0,1,0,0,0,0,0,0,0,1,0,0,0,0,0,0,0,0
0,1,1,0,11,1,1,104.05000305175781,1133.65,1,1,0,1,0,0,0,0,0,1,0,1,0,1,0,1,0,0,0,0,0,0
1,0,0,1,2,1,0,19.25,48.35,0,0,0,0,1,0,1,0,1,0,1,0,1,0,1,0,1,0,0,0,0,1
0,0,1,1,26,1,0,81.94999694824219,2070.05,0,0,0,1,0,1,0,1,0,0,0,0,0,0,0,0,0,0,0,0,1,0
0,1,1,0,72,1,1,114.6500015258789,8333.95,0,1,0,1,0,1,0,1,0,1,0,1,0,1,0,1,0,0,1,0,0,0
0,0,1,1,63,1,0,20.0,1209.25,0,0,0,0,1,0,1,0,1,0,1,0,1,0,1,0,1,0,1,1,0,0
1,0,1,1,71,1,0,19.799999237060547,1396.25,0,0,0,0,1,0,1,0,1,0,1,0,1,0,1,0,1,0,1,0,0,1
1,0,1,1,11,1,1,65.1500015258789,723.35,0,1,0,0,0,1,0,0,0,0,0,0,0,1,0,0,0,0,0,0,0,0
1,1,1,0,14,1,0,19.649999618530273,228.65,0,0,0,0,1,0,1,0,1,0,1,0,1,0,1,0,1,1,0,0,0,1
0,0,0,1,13,1,0,88.94999694824219,1161.75,0,1,0,0,0,1,0,1,0,1,0,1,0,1,0,1,0,0,1,1,0,0
1,0,0,1,6,1,1,20.200000762939453,98.35,0,0,0,0,1,0,1,0,1,0,1,0,1,0,1,0,1,0,0,0,0,1
1,1,1,1,11,1,1,75.19999694824219,775.3,0,1,0,1,0,0,0,0,0,0,0,0,0,0,0,0,0,0,0,1,0,0
1,0,1,0,18,1,0,56.79999923706055,1074.65,0,1,0,0,0,0,0,1,0,0,0,0,0,0,0,0,0,0,0,1,0,0
1,0,0,0,1,0,1,35.54999923706055,35.55,1,0,1,0,0,0,0,0,0,0,0,0,0,0,0,1,0,0,0,0,1,0
0,0,1,0,32,1,1,75.5,2324.7,0,0,0,1,0,1,0,0,0,0,0,0,0,0,0,0,0,0,0,0,0,0
1,0,0,0,29,0,0,35.599998474121094,1072.6,0,0,1,0,0,1,0,0,0,0,0,1,0,0,0,0,0,1,0,0,0,1
0,0,0,0,3,1,1,60.25,170.5,0,1,0,0,0,0,0,0,0,0,0,0,0,1,0,0,0,0,0,0,1,0
0,0,0,0,2,1,1,95.1500015258789,196.9,1,1,0,1,0,0,0,0,0,0,0,0,0,1,0,1,0,0,0,0,1,0
1,0,1,1,13,1,1,96.6500015258789,1162.85,1,0,0,1,0,0,0,0,0,1,0,0,0,1,0,1,0,0,0,0,0,1
0,0,0,0,41,0,1,40.349998474121094,1677.85,0,0,1,0,0,0,0,1,0,0,0,0,0,0,0,1,0,0,0,0,1,0
0,0,0,0,1,1,0,18.850000381469727,18.85,0,0,0,0,1,0,1,0,1,0,1,0,1,0,1,0,1,0,0,0,1,0
1,0,0,0,7,1,0,54.849998474121094,370.4,0,0,0,0,0,0,0,0,0,0,0,0,0,1,0,0,0,0,0,0,0,1
0,0,1,0,52,1,1,64.30000305175781,3410.6,0,0,0,0,0,1,0,0,0,1,0,0,0,1,0,0,0,1,0,0,0,1
0,0,1,1,45,1,1,24.649999618530273,1138.8,0,1,0,0,1,0,1,0,1,0,1,0,1,0,1,0,1,0,1,0,0,0
1,0,1,0,70,1,0,76.0999984741211,5264.25,0,1,0,0,0,0,0,1,0,1,0,1,0,1,0,0,0,0,1,1,0,0
0,0,0,0,53,1,0,18.700000762939453,1005.7,0,0,0,0,1,0,1,0,1,0,1,0,1,0,1,0,1,0,1,0,0,1
0,1,1,0,62,1,1,97.94999694824219,5936.55,0,1,0,1,0,0,0,1,0,1,0,0,0,1,0,0,0,1,0,1,0,0
0,0,1,0,60,1,1,94.0999984741211,5475.9,0,1,0,1,0,1,0,1,0,0,0,0,0,0,0,1,0,0,0,1,0,0
0,1,1,0,3,1,1,80.4000015258789,224.05,1,0,0,1,0,0,0,0,0,0,0,0,0,1,0,0,0,0,0,0,1,0
0,1,1,0,23,1,1,95.0999984741211,2326.05,0,0,0,1,0,1,0,0,0,0,0,0,0,1,0,1,0,0,0,0,1,0
1,0,0,1,1,0,1,31.350000381469727,31.35,1,0,1,0,0,0,0,1,0,0,0,0,0,0,0,0,0,0,0,0,0,1
0,0,0,0,67,1,1,72.3499984741211,4991.5,0,0,0,0,0,1,0,0,0,1,0,1,0,0,0,1,0,1,0,0,0,0
0,0,0,0,12,1,1,89.75,1052.4,1,1,0,1,0,0,0,1,0,0,0,0,0,1,0,0,0,0,0,0,0,0
0,1,1,0,71,1,1,82.69999694824219,5831.2,0,1,0,0,0,1,0,1,0,1,0,1,0,0,0,1,0,0,1,0,0,0
1,0,0,0,25,1,0,19.899999618530273,510.8,0,0,0,0,1,0,1,0,1,0,1,0,1,0,1,0,1,1,0,1,0,0
0,0,0,0,5,1,1,53.79999923706055,283.95,0,1,0,0,0,1,0,0,0,0,0,0,0,0,0,0,0,0,0,0,1,0
1,0,0,0,26,1,1,51.54999923706055,1295.4,0,1,0,0,0,0,0,0,0,0,0,0,0,0,0,0,0,1,0,1,0,0
1,0,1,1,1,1,0,19.649999618530273,19.65,0,0,0,0,1,0,1,0,1,0,1,0,1,0,1,0,1,1,0,0,0,1
1,1,0,0,70,0,1,44.04999923706055,3011.65,0,0,1,0,0,0,0,1,0,1,0,0,0,1,0,0,0,1,0,1,0,0
1,0,1,1,72,1,1,114.0,8093.15,0,1,0,1,0,1,0,1,0,1,0,1,0,1,0,1,0,0,1,0,1,0
1,0,1,0,60,1,1,94.4000015258789,5610.25,1,0,0,1,0,0,0,1,0,0,0,0,0,1,0,1,0,1,0,0,1,0
0,1,1,1,32,1,1,100.4000015258789,3217.65,0,1,0,1,0,0,0,1,0,0,0,0,0,1,0,1,0,0,0,0,1,0
1,0,0,0,1,1,1,19.850000381469727,19.85,1,0,0,0,1,0,1,0,1,0,1,0,1,0,1,0,1,0,0,0,1,0
0,0,0,0,14,1,1,54.25,773.2,0,1,0,0,0,0,0,1,0,0,0,0,0,0,0,0,0,1,0,0,0,1
0,0,0,0,13,1,1,80.0,1029.35,0,1,0,1,0,1,0,0,0,0,0,0,0,0,0,0,0,0,0,1,0,0
0,0,0,0,6,1,1,109.9000015258789,669.45,1,1,0,1,0,0,0,1,0,1,0,1,0,1,0,1,0,0,0,1,0,0
0,0,0,0,46,1,0,79.19999694824219,3593.8,0,1,0,0,0,1,0,0,0,1,0,0,0,1,0,1,0,0,1,0,0,1
1,0,0,0,15,1,1,101.3499984741211,1553.95,1,0,0,1,0,0,0,0,0,1,0,1,0,1,0,1,0,0,0,0,1,0
1,1,1,0,43,1,1,94.30000305175781,3953.15,0,1,0,1,0,0,0,1,0,0,0,1,0,1,0,0,0,0,0,0,1,0
1,0,0,0,39,1,1,49.79999923706055,1971.15,0,0,0,0,0,0,0,0,0,0,0,1,0,0,0,0,0,0,1,0,0,0
1,1,0,0,21,1,1,60.04999923706055,1236.15,1,0,0,0,0,0,0,0,0,1,0,0,0,1,0,0,0,0,0,0,0,0
1,0,0,0,57,0,1,53.75,3196.0,0,0,1,0,0,1,0,0,0,1,0,0,0,1,0,1,0,0,0,0,1,0
0,0,1,0,53,1,1,93.44999694824219,4872.2,0,0,0,1,0,0,0,0,0,0,0,1,0,1,0,1,0,1,0,0,1,0
1,0,1,1,18,1,1,87.9000015258789,1500.5,0,0,0,1,0,1,0,0,0,1,0,0,0,1,0,0,0,0,0,0,0,1
0,0,0,0,1,1,1,60.150001525878906,60.15,1,1,0,0,0,0,0,0,0,0,0,0,0,0,0,1,0,0,0,0,1,0
0,0,1,0,58,1,1,61.04999923706055,3478.75,0,1,0,0,0,1,0,0,0,0,0,1,0,0,0,0,0,1,0,0,0,0
0,1,0,0,71,1,0,104.05000305175781,7413.55,0,1,0,1,0,0,0,0,0,1,0,0,0,1,0,1,0,0,1,0,0,0
0,0,0,0,35,1,1,99.25,3532.0,0,0,0,1,0,0,0,0,0,1,0,1,0,1,0,1,0,1,0,0,1,0
1,0,0,0,3,1,0,85.69999694824219,256.75,0,0,0,1,0,0,0,0,0,1,0,0,0,0,0,1,0,0,0,1,0,0
1,0,0,0,38,1,1,104.8499984741211,3887.25,0,1,0,1,0,1,0,1,0,0,0,0,0,1,0,1,0,1,0,0,1,0
1,0,1,1,35,1,1,69.1500015258789,2490.15,0,1,0,0,0,1,0,1,0,1,0,1,0,0,0,0,0,0,1,1,0,0
1,0,0,0,7,1,1,90.44999694824219,593.45,1,1,0,1,0,0,0,0,0,1,0,0,0,1,0,0,0,0,0,0,1,0
0,0,0,0,47,1,0,74.44999694824219,3510.3,0,0,0,0,0,0,0,0,0,1,0,1,0,1,0,1,0,0,1,0,0,1
0,0,0,0,14,1,0,50.45000076293945,765.45,0,0,0,0,0,0,0,1,0,0,0,0,0,0,0,0,0,0,0,0,1,0
0,1,1,0,20,1,1,60.0,1259.35,0,0,0,0,0,0,0,1,0,0,0,0,0,0,0,1,0,0,0,0,1,0
1,0,1,0,66,1,0,85.25,5538.35,0,1,0,0,0,1,0,1,0,0,0,1,0,1,0,1,0,0,1,0,1,0
1,0,1,0,15,1,1,19.450000762939453,340.85,0,0,0,0,1,0,1,0,1,0,1,0,1,0,1,0,1,0,0,1,0,0
0,0,0,0,42,1,1,20.75,844.45,0,0,0,0,1,0,1,0,1,0,1,0,1,0,1,0,1,0,1,0,0,0
0,0,1,0,17,1,0,78.9000015258789,1348.95,0,1,0,1,0,1,0,0,0,0,0,0,0,0,0,0,0,0,0,0,1,0
1,0,0,0,37,1,1,104.5,3778.0,0,1,0,1,0,0,0,1,0,0,0,1,0,1,0,1,0,1,0,1,0,0
0,0,0,0,12,1,1,49.400001525878906,611.65,0,0,0,0,0,0,0,1,0,0,0,0,0,0,0,0,0,0,0,0,1,0
1,0,1,0,53,1,1,94.25,4867.95,1,0,0,1,0,0,0,1,0,0,0,0,0,1,0,1,0,1,0,0,0,0
0,0,0,0,60,1,0,25.0,1505.05,0,1,0,0,1,0,1,0,1,0,1,0,1,0,1,0,1,0,1,0,0,1
1,0,1,1,18,0,0,25.549999237060547,467.85,0,0,1,0,0,0,0,0,0,0,0,0,0,0,0,0,0,0,0,1,0,0
1,0,0,0,1,1,1,74.9000015258789,74.9,1,1,0,1,0,0,0,0,0,0,0,0,0,0,0,0,0,0,0,0,1,0
0,0,0,0,3,1,1,70.1500015258789,194.2,0,0,0,1,0,0,0,0,0,0,0,0,0,0,0,0,0,0,0,0,1,0
0,0,0,1,9,1,1,69.4000015258789,571.45,0,0,0,0,0,0,0,0,0,0,0,1,0,1,0,1,0,0,0,1,0,0
0,0,0,0,1,1,1,80.25,80.25,1,0,0,1,0,0,0,0,0,0,0,0,0,1,0,0,0,0,0,0,1,0
1,0,1,0,56,1,1,93.1500015258789,5253.95,0,1,0,1,0,1,0,1,0,1,0,0,0,0,0,0,0,1,0,0,1,0
1,0,1,1,17,1,1,69.0,1149.65,1,0,0,1,0,0,0,0,0,0,0,0,0,0,0,0,0,0,0,0,1,0
0,0,1,1,11,1,1,66.3499984741211,740.8,1,1,0,0,0,0,0,0,0,0,0,1,0,0,0,1,0,0,0,0,1,0
1,0,0,0,7,1,1,69.55000305175781,521.35,0,0,0,1,0,0,0,0,0,0,0,0,0,0,0,0,0,0,0,0,1,0
0,0,1,1,69,1,0,20.200000762939453,1412.65,0,0,0,0,1,0,1,0,1,0,1,0,1,0,1,0,1,0,1,0,0,0
1,0,0,0,19,1,1,86.0,1532.45,1,1,0,1,0,0,0,0,0,0,0,0,0,0,0,1,0,0,0,0,0,0
0,0,1,1,3,1,1,80.30000305175781,250.05,1,0,0,1,0,0,0,0,0,0,0,0,0,0,0,1,0,0,0,0,1,0
1,0,1,1,54,1,0,20.399999618530273,1090.6,0,0,0,0,1,0,1,0,1,0,1,0,1,0,1,0,1,0,1,1,0,0
1,0,1,0,62,1,1,23.75,1446.8,0,1,0,0,1,0,1,0,1,0,1,0,1,0,1,0,1,1,0,1,0,0
1,0,0,0,24,1,1,90.55000305175781,2282.55,1,1,0,1,0,0,0,1,0,0,0,0,0,1,0,0,0,0,0,1,0,0
0,0,1,1,62,1,1,70.44999694824219,4300.45,0,1,0,0,0,0,0,0,0,0,0,0,0,1,0,1,0,0,0,1,0,0
1,0,0,0,17,1,0,65.75,1111.2,0,1,0,0,0,1,0,0,0,0,0,0,0,0,0,1,0,0,0,0,0,0
1,0,0,0,9,0,1,24.600000381469727,190.1,0,0,1,0,0,0,0,0,0,0,0,0,0,0,0,0,0,0,0,0,0,1
1,0,1,1,64,1,0,69.25,4447.75,0,0,0,0,0,1,0,0,0,1,0,1,0,1,0,0,0,0,1,0,0,1
0,0,0,0,2,1,1,75.9000015258789,143.35,1,1,0,1,0,0,0,0,0,0,0,0,0,0,0,0,0,0,0,0,1,0
1,0,1,1,1,1,1,45.849998474121094,45.85,1,0,0,0,0,0,0,0,0,0,0,0,0,0,0,0,0,0,0,0,0,1
0,0,1,0,16,0,1,49.95000076293945,810.2,1,0,1,0,0,0,0,0,0,0,0,1,0,1,0,1,0,0,0,0,1,0
0,0,1,0,72,1,0,24.649999618530273,1830.05,0,1,0,0,1,0,1,0,1,0,1,0,1,0,1,0,1,0,1,0,0,0
1,0,0,0,30,1,0,90.4000015258789,2820.65,0,1,0,1,0,1,0,1,0,1,0,0,0,0,0,0,0,1,0,0,0,0
0,0,1,0,49,1,1,100.8499984741211,4847.35,0,1,0,1,0,1,0,0,0,0,0,0,0,1,0,1,0,0,0,0,0,1
1,0,1,0,61,1,0,75.3499984741211,4729.3,0,1,0,0,0,1,0,0,0,1,0,1,0,0,0,1,0,0,1,1,0,0
1,0,1,1,47,1,0,87.19999694824219,4017.45,0,1,0,1,0,0,0,1,0,0,0,0,0,1,0,0,0,0,0,0,1,0
1,0,0,0,20,1,0,64.4000015258789,1398.6,0,0,0,0,0,1,0,0,0,1,0,0,0,0,0,1,0,0,0,1,0,0
1,0,1,1,34,1,0,78.30000305175781,2564.3,1,0,0,1,0,0,0,0,0,0,0,0,0,1,0,0,0,0,0,0,1,0
0,0,1,1,70,1,0,24.700000762939453,1685.9,0,1,0,0,1,0,1,0,1,0,1,0,1,0,1,0,1,0,1,0,0,0
1,0,0,1,54,1,1,105.8499984741211,5826.65,0,0,0,1,0,1,0,1,0,0,0,1,0,1,0,1,0,1,0,0,1,0
1,1,1,0,61,1,1,98.30000305175781,6066.55,0,1,0,1,0,0,0,1,0,1,0,1,0,1,0,0,0,1,0,0,0,1
1,0,0,0,3,1,1,76.94999694824219,228.4,1,1,0,1,0,0,0,0,0,0,0,0,0,0,0,0,0,0,0,0,1,0
1,0,0,0,13,1,0,19.450000762939453,270.2,0,0,0,0,1,0,1,0,1,0,1,0,1,0,1,0,1,1,0,0,0,1
0,1,0,0,16,1,1,96.1500015258789,1529.2,1,1,0,1,0,0,0,0,0,0,0,0,0,1,0,1,0,0,0,0,1,0
0,0,1,1,3,1,1,58.70000076293945,168.6,0,0,0,0,0,0,0,1,0,0,0,0,0,1,0,0,0,0,0,1,0,0
1,0,0,0,25,1,1,20.149999618530273,536.35,0,0,0,0,1,0,1,0,1,0,1,0,1,0,1,0,1,0,0,0,0,1
1,0,0,0,30,1,1,64.5,1888.45,0,1,0,0,0,1,0,0,0,0,0,0,0,0,0,1,0,0,0,0,0,1
0,0,1,0,21,0,0,28.5,629.35,0,0,1,0,0,1,0,0,0,0,0,0,0,0,0,0,0,0,0,0,1,0
1,0,0,0,1,1,0,45.29999923706055,45.3,1,0,0,0,0,0,0,0,0,0,0,0,0,0,0,0,0,0,0,0,1,0
0,0,0,0,15,1,0,19.399999618530273,289.3,1,0,0,0,1,0,1,0,1,0,1,0,1,0,1,0,1,0,0,0,0,0
1,1,1,0,23,1,1,90.44999694824219,2117.25,0,0,0,1,0,0,0,0,0,0,0,0,0,1,0,1,0,0,0,0,1,0
0,0,1,1,45,1,1,105.1500015258789,4730.9,0,1,0,1,0,1,0,1,0,0,0,0,0,1,0,1,0,0,0,0,1,0
0,0,1,1,24,1,0,83.1500015258789,2033.05,0,1,0,1,0,0,0,1,0,1,0,0,0,0,0,0,0,1,0,0,0,0
0,0,0,0,11,1,0,90.1500015258789,987.95,1,1,0,1,0,0,0,0,0,0,0,1,0,1,0,0,0,0,0,0,1,0
1,0,0,0,1,1,0,45.04999923706055,45.05,1,0,0,0,0,0,0,0,0,0,0,0,0,0,0,0,0,0,0,0,0,1
0,0,1,0,56,1,0,103.19999694824219,5744.35,0,1,0,1,0,0,0,0,0,1,0,1,0,1,0,1,0,0,1,0,0,0
0,0,0,0,1,1,0,75.80000305175781,75.8,1,0,0,1,0,0,0,1,0,0,0,0,0,0,0,0,0,0,0,0,1,0
1,0,0,0,1,1,0,19.450000762939453,19.45,0,0,0,0,1,0,1,0,1,0,1,0,1,0,1,0,1,0,0,0,1,0
0,0,0,0,7,1,1,79.30000305175781,523.15,1,0,0,1,0,0,0,0,0,0,0,0,0,0,0,1,0,0,0,0,1,0
0,1,1,0,55,1,0,88.80000305175781,4805.3,0,0,0,1,0,0,0,0,0,1,0,1,0,1,0,0,0,0,1,1,0,0
0,0,0,0,2,0,1,30.899999618530273,59.05,1,0,1,0,0,0,0,0,0,0,0,1,0,0,0,0,0,0,0,0,1,0
0,0,1,1,72,1,1,85.9000015258789,6110.75,0,1,0,0,0,1,0,0,0,1,0,1,0,1,0,1,0,0,1,1,0,0
0,1,0,0,45,0,0,34.20000076293945,1596.6,0,0,1,0,0,0,0,0,0,0,0,0,0,0,0,1,0,1,0,0,1,0
0,0,0,0,47,1,0,20.149999618530273,1046.2,0,0,0,0,1,0,1,0,1,0,1,0,1,0,1,0,1,0,1,0,0,1
0,1,0,0,46,1,0,95.25,4424.2,1,0,0,1,0,0,0,1,0,0,0,0,0,1,0,1,0,1,0,1,0,0
1,0,0,0,2,1,1,50.29999923706055,92.75,0,0,0,0,0,0,0,1,0,0,0,0,0,0,0,0,0,0,0,0,0,1
0,0,1,0,2,1,1,80.1500015258789,194.55,0,0,0,1,0,1,0,0,0,0,0,1,0,0,0,0,0,0,0,0,1,0
0,0,1,0,12,1,1,51.25,612.1,0,0,0,0,0,0,0,1,0,0,0,0,0,0,0,0,0,0,0,0,1,0
0,1,1,0,68,1,1,89.5999984741211,6127.6,1,1,0,1,0,0,0,1,0,0,0,0,0,0,0,1,0,0,0,0,0,0
1,0,1,1,69,1,1,95.19999694824219,6671.7,0,0,0,1,0,0,0,0,0,0,0,1,0,1,0,1,0,0,1,1,0,0
1,1,0,1,56,1,0,94.80000305175781,5264.3,0,0,0,1,0,1,0,0,0,0,0,0,0,1,0,1,0,1,0,1,0,0
0,1,0,0,4,1,1,80.25,303.7,0,1,0,1,0,1,0,0,0,0,0,0,0,0,0,0,0,0,0,0,1,0
1,0,1,0,64,1,1,76.0999984741211,4818.8,0,1,0,0,0,0,0,1,0,1,0,1,0,1,0,0,0,0,1,0,0,0
1,0,1,0,59,1,1,110.1500015258789,6448.05,1,1,0,1,0,1,0,1,0,1,0,0,0,1,0,1,0,1,0,0,1,0
1,0,1,1,62,1,0,115.55000305175781,7159.05,0,1,0,1,0,1,0,1,0,1,0,1,0,1,0,1,0,0,1,0,0,0
1,0,1,1,63,1,0,24.649999618530273,1574.5,0,1,0,0,1,0,1,0,1,0,1,0,1,0,1,0,1,0,1,1,0,0
0,0,0,0,53,0,1,53.599998474121094,2879.2,0,0,1,0,0,1,0,1,0,1,0,1,0,1,0,0,0,1,0,0,1,0
1,0,1,1,5,1,0,19.450000762939453,86.05,0,0,0,0,1,0,1,0,1,0,1,0,1,0,1,0,1,0,0,0,0,1
1,1,1,0,49,1,1,88.19999694824219,4159.45,0,1,0,1,0,1,0,1,0,1,0,0,0,0,0,0,0,0,0,0,1,0
0,0,1,1,62,1,1,101.1500015258789,6638.35,0,1,0,1,0,1,0,0,0,0,0,0,0,1,0,1,0,0,1,0,0,0
0,0,1,0,55,1,0,56.79999923706055,3112.05,0,0,0,0,0,1,0,1,0,0,0,1,0,0,0,0,0,0,1,0,0,1
0,1,1,0,71,1,1,99.4000015258789,7168.25,0,0,0,1,0,1,0,1,0,1,0,1,0,1,0,0,0,0,1,0,1,0
0,0,1,1,72,1,1,20.100000381469727,1326.25,0,0,0,0,1,0,1,0,1,0,1,0,1,0,1,0,1,0,1,1,0,0
1,0,1,1,36,0,0,60.70000076293945,2234.55,0,0,1,0,0,1,0,0,0,1,0,1,0,1,0,1,0,1,0,1,0,0
1,0,1,0,25,1,1,20.950000762939453,495.15,0,0,0,0,1,0,1,0,1,0,1,0,1,0,1,0,1,1,0,0,0,0
0,1,1,0,72,1,1,114.8499984741211,8317.95,0,1,0,1,0,1,0,1,0,1,0,1,0,1,0,1,0,0,1,0,0,0
0,0,0,0,36,1,1,19.25,679.8,0,0,0,0,1,0,1,0,1,0,1,0,1,0,1,0,1,1,0,0,0,0
1,0,0,0,1,1,1,62.79999923706055,62.8,0,0,0,0,0,0,0,0,0,0,0,0,0,1,0,1,0,0,0,0,0,1
0,0,1,0,72,1,1,105.5,7544.0,0,1,0,1,0,1,0,0,0,1,0,0,0,1,0,1,0,0,1,0,1,0
1,0,1,1,59,1,0,19.850000381469727,1188.25,0,0,0,0,1,0,1,0,1,0,1,0,1,0,1,0,1,0,1,0,0,1
1,1,1,0,7,1,1,89.5,676.7,1,0,0,1,0,0,0,0,0,0,0,0,0,1,0,1,0,0,0,0,1,0
0,0,0,0,1,1,0,74.0999984741211,74.1,0,0,0,0,0,0,0,0,0,1,0,1,0,1,0,1,0,1,0,1,0,0
0,0,1,1,30,1,1,107.5,3242.5,0,1,0,1,0,0,0,1,0,1,0,1,0,1,0,1,0,0,0,0,1,0
1,0,0,0,64,1,0,19.549999237060547,1240.15,0,0,0,0,1,0,1,0,1,0,1,0,1,0,1,0,1,0,1,0,0,1
1,0,0,0,63,1,0,68.80000305175781,4111.35,0,1,0,0,0,1,0,1,0,1,0,1,0,0,0,0,0,1,0,0,0,0
1,1,1,0,72,1,0,84.44999694824219,5899.85,0,1,0,0,0,1,0,1,0,1,0,0,0,1,0,1,0,0,1,1,0,0
1,0,1,0,8,1,0,75.0,632.95,1,0,0,1,0,1,0,0,0,0,0,0,0,0,0,0,0,0,0,0,1,0
0,0,0,0,62,1,0,84.5,5193.2,0,1,0,0,0,0,0,1,0,1,0,1,0,1,0,1,0,0,1,0,0,0
1,0,1,1,67,1,1,111.19999694824219,7530.8,0,1,0,1,0,0,0,1,0,1,0,1,0,1,0,1,0,0,1,0,0,0
1,0,0,0,6,1,0,44.75,270.95,1,0,0,0,0,0,0,0,0,0,0,0,0,0,0,0,0,0,0,0,1,0
0,0,1,1,70,1,1,80.5999984741211,5460.2,0,1,0,0,0,1,0,0,0,0,0,1,0,1,0,1,0,0,1,0,0,0
0,1,0,0,20,1,0,80.69999694824219,1614.2,0,0,0,1,0,0,0,0,0,0,0,0,0,1,0,0,0,0,0,0,0,0
0,0,0,0,5,1,0,75.5999984741211,402.5,0,1,0,1,0,0,0,0,0,0,0,0,0,0,0,0,0,0,0,0,1,0
0,0,1,1,24,0,0,57.599998474121094,1367.75,0,0,1,0,0,1,0,1,0,1,0,0,0,1,0,1,0,1,0,0,1,0
0,0,1,0,11,1,1,44.04999923706055,483.7,1,0,0,0,0,0,0,0,0,0,0,0,0,0,0,0,0,0,0,0,1,0
1,0,1,0,72,1,1,110.5999984741211,7962.2,0,1,0,1,0,0,0,1,0,1,0,1,0,1,0,1,0,0,1,1,0,0
0,0,1,1,66,1,1,58.20000076293945,3810.8,0,0,0,0,0,1,0,1,0,0,0,1,0,0,0,0,0,0,1,1,0,0
0,0,1,1,45,1,1,81.0,3533.6,0,0,0,0,0,1,0,0,0,1,0,1,0,1,0,1,0,0,1,0,0,1
0,0,1,1,69,1,0,19.700000762939453,1396.9,0,0,0,0,1,0,1,0,1,0,1,0,1,0,1,0,1,0,1,0,0,0
1,1,1,0,15,1,1,85.5999984741211,1345.55,1,1,0,1,0,0,0,0,0,0,0,0,0,0,0,1,0,0,0,0,0,0
0,0,0,0,28,1,1,59.54999923706055,1646.45,0,0,0,0,0,0,0,0,0,1,0,0,0,1,0,0,0,0,0,0,0,0
0,0,0,0,70,1,0,115.55000305175781,8127.6,1,1,0,1,0,1,0,1,0,1,0,1,0,1,0,1,0,1,0,1,0,0
0,0,0,0,36,1,1,75.55000305175781,2680.15,0,0,0,0,0,1,0,1,0,1,0,1,0,0,0,1,0,1,0,0,0,1
1,1,0,0,16,1,1,86.5999984741211,1281.0,1,1,0,1,0,0,0,0,0,0,0,0,0,1,0,0,0,0,0,0,1,0
0,0,0,0,18,1,1,85.19999694824219,1553.9,1,1,0,1,0,0,0,0,0,0,0,0,0,1,0,0,0,0,0,0,1,0
0,0,1,0,34,1,1,97.6500015258789,3207.55,1,1,0,1,0,0,0,0,0,0,0,0,0,1,0,1,0,0,0,0,1,0
1,0,1,1,42,0,1,45.099998474121094,2049.05,0,0,1,0,0,0,0,1,0,1,0,0,0,0,0,1,0,1,0,1,0,0
1,0,0,0,48,1,1,70.94999694824219,3629.2,0,1,0,0,0,1,0,0,0,0,0,1,0,0,0,1,0,1,0,0,0,0
1,0,1,0,47,1,1,109.55000305175781,5124.55,1,1,0,1,0,0,0,1,0,1,0,1,0,1,0,1,0,0,0,0,1,0
0,0,1,1,39,1,1,89.55000305175781,3474.45,1,1,0,1,0,0,0,1,0,1,0,1,0,0,0,0,0,1,0,0,1,0
0,0,1,1,11,1,0,20.899999618530273,202.3,0,0,0,0,1,0,1,0,1,0,1,0,1,0,1,0,1,0,1,1,0,0
1,0,0,0,7,1,1,19.950000762939453,147.5,0,0,0,0,1,0,1,0,1,0,1,0,1,0,1,0,1,0,0,0,0,1
0,0,0,0,3,1,0,24.600000381469727,86.35,0,1,0,0,1,0,1,0,1,0,1,0,1,0,1,0,1,0,0,0,0,1
1,0,0,0,8,1,1,66.69999694824219,579.0,0,0,0,0,0,1,0,0,0,1,0,0,0,0,0,1,0,0,0,0,1,0
1,0,0,1,1,1,1,19.450000762939453,19.45,1,0,0,0,1,0,1,0,1,0,1,0,1,0,1,0,1,0,0,0,0,1
1,0,1,1,32,1,0,94.80000305175781,3131.55,0,0,0,1,0,1,0,1,0,1,0,0,0,0,0,1,0,1,0,0,0,1
1,0,1,1,60,1,1,65.8499984741211,3928.3,0,0,0,0,0,1,0,1,0,1,0,1,0,0,0,0,0,1,0,0,0,0
0,0,1,0,10,1,1,19.950000762939453,187.75,0,0,0,0,1,0,1,0,1,0,1,0,1,0,1,0,1,0,0,0,0,0
0,0,1,0,71,1,1,24.649999618530273,1710.15,0,1,0,0,1,0,1,0,1,0,1,0,1,0,1,0,1,0,1,0,0,0
0,0,1,1,4,1,0,20.350000381469727,76.35,1,0,0,0,1,0,1,0,1,0,1,0,1,0,1,0,1,0,0,0,0,1
0,1,0,0,1,1,1,69.25,69.25,1,0,0,1,0,0,0,0,0,0,0,0,0,0,0,0,0,0,0,0,1,0
0,0,1,1,43,0,1,51.25,2151.6,0,0,1,0,0,1,0,1,0,0,0,1,0,1,0,0,0,1,0,0,0,0
1,0,1,0,59,1,1,99.5,5961.1,1,1,0,1,0,0,0,0,0,1,0,0,0,1,0,1,0,1,0,0,0,0
0,0,1,0,23,1,0,54.25,1221.55,0,0,0,0,0,0,0,0,0,1,0,1,0,0,0,0,0,0,0,0,1,0
0,0,1,0,72,1,0,19.399999618530273,1496.45,0,0,0,0,1,0,1,0,1,0,1,0,1,0,1,0,1,0,1,0,0,0
1,0,1,0,22,1,1,56.25,1292.2,0,0,0,0,0,1,0,0,0,0,0,1,0,0,0,0,0,1,0,1,0,0
0,0,0,0,1,0,1,25.149999618530273,25.15,0,0,1,0,0,0,0,0,0,0,0,0,0,0,0,0,0,0,0,0,0,1
1,0,0,0,69,1,0,23.950000762939453,1713.1,0,1,0,0,1,0,1,0,1,0,1,0,1,0,1,0,1,0,1,0,0,0
1,0,0,0,50,0,1,35.400001525878906,1748.9,0,0,1,0,0,1,0,0,0,0,0,1,0,0,0,0,0,1,0,0,0,1
0,1,0,0,1,0,1,25.200000762939453,25.2,1,0,1,0,0,0,0,0,0,0,0,0,0,0,0,0,0,0,0,0,1,0
1,0,0,0,2,1,1,45.0,96.45,1,0,0,0,0,0,0,0,0,0,0,0,0,0,0,0,0,0,0,0,0,1
0,0,1,0,15,1,0,75.3499984741211,1114.55,0,0,0,1,0,0,0,1,0,0,0,0,0,0,0,0,0,0,0,0,0,0
1,0,0,0,31,1,0,20.399999618530273,609.1,0,0,0,0,1,0,1,0,1,0,1,0,1,0,1,0,1,0,1,0,0,0
1,0,0,0,1,1,0,20.149999618530273,20.15,1,0,0,0,1,0,1,0,1,0,1,0,1,0,1,0,1,0,0,0,0,1
1,0,1,0,66,1,1,105.0,7133.25,1,1,0,1,0,0,0,1,0,1,0,0,0,1,0,1,0,0,0,1,0,0
0,0,1,1,0,0,0,56.04999923706055,0.0,0,0,1,0,0,1,0,1,0,1,0,1,0,1,0,0,0,0,1,1,0,0
1,0,0,1,3,1,1,54.70000076293945,169.45,1,0,0,0,0,0,0,0,0,0,0,0,0,1,0,0,0,0,0,1,0,0
0,0,0,0,8,1,0,20.0,141.6,0,0,0,0,1,0,1,0,1,0,1,0,1,0,1,0,1,0,1,0,0,1
1,0,1,1,64,1,1,73.05000305175781,4688.65,0,0,0,0,0,1,0,0,0,1,0,0,0,1,0,1,0,1,0,1,0,0
0,0,1,0,28,1,0,20.5,563.05,0,0,0,0,1,0,1,0,1,0,1,0,1,0,1,0,1,0,0,0,0,1
0,0,1,0,57,1,1,100.75,5985.0,0,1,0,1,0,0,0,0,0,1,0,0,0,1,0,1,0,1,0,1,0,0
0,0,1,1,14,1,1,87.25,1258.6,1,1,0,1,0,0,0,0,0,1,0,0,0,0,0,1,0,0,0,0,1,0
1,0,0,0,19,1,1,19.950000762939453,373.5,0,0,0,0,1,0,1,0,1,0,1,0,1,0,1,0,1,0,1,0,0,1
1,0,1,0,10,1,1,79.94999694824219,857.2,1,0,0,1,0,0,0,0,0,0,0,0,0,1,0,0,0,0,0,0,1,0
0,0,1,0,51,0,1,49.650001525878906,2553.35,0,0,1,0,0,0,0,1,0,0,0,0,0,1,0,1,0,0,0,0,1,0
0,0,1,0,67,1,0,65.6500015258789,4322.85,0,1,0,0,0,1,0,1,0,1,0,0,0,0,0,0,0,0,1,0,0,1
1,0,1,1,11,1,1,20.450000762939453,250.8,0,0,0,0,1,0,1,0,1,0,1,0,1,0,1,0,1,0,0,0,1,0
1,0,1,1,72,0,0,60.95000076293945,4549.05,0,0,1,0,0,1,0,0,0,1,0,1,0,1,0,1,0,0,1,0,0,0
1,0,1,1,66,1,1,20.350000381469727,1359.5,0,0,0,0,1,0,1,0,1,0,1,0,1,0,1,0,1,1,0,0,1,0
0,0,0,0,18,1,1,88.3499984741211,1639.3,1,1,0,1,0,0,0,0,0,0,0,1,0,1,0,0,0,0,0,0,1,0
0,0,0,0,9,1,1,19.5,178.85,0,0,0,0,1,0,1,0,1,0,1,0,1,0,1,0,1,0,0,0,1,0
0,0,0,0,9,1,1,75.19999694824219,633.85,0,1,0,1,0,0,0,0,0,0,0,0,0,0,0,0,0,0,0,1,0,0
1,0,1,0,48,1,1,111.44999694824219,5315.1,0,1,0,1,0,1,0,1,0,1,0,0,0,1,0,1,0,0,0,0,0,0
1,0,0,0,10,1,0,70.1500015258789,735.5,0,0,0,1,0,0,0,0,0,0,0,0,0,0,0,0,0,0,0,0,0,1
0,0,0,0,9,1,1,94.75,889.9,1,1,0,1,0,0,0,0,0,0,0,0,0,1,0,1,0,0,0,0,1,0
0,1,0,0,13,1,1,95.05000305175781,1290.0,1,1,0,1,0,0,0,0,0,0,0,0,0,1,0,1,0,0,0,0,1,0
1,0,0,0,4,1,0,78.44999694824219,330.05,1,1,0,1,0,0,0,1,0,0,0,0,0,0,0,0,0,0,0,0,1,0
1,0,0,0,4,1,1,70.19999694824219,237.95,1,0,0,1,0,0,0,0,0,0,0,0,0,0,0,0,0,0,0,0,1,0
0,0,1,0,72,1,0,92.0,6474.4,0,1,0,0,0,1,0,1,0,1,0,1,0,1,0,1,0,0,1,0,0,0
0,0,1,1,51,1,0,85.5,4421.95,0,0,0,0,0,1,0,1,0,1,0,1,0,1,0,1,0,0,1,1,0,0
1,0,1,0,59,0,1,41.04999923706055,2452.7,1,0,1,0,0,0,0,1,0,0,0,0,0,0,0,1,0,0,0,0,0,0
1,0,1,0,10,1,1,85.5999984741211,813.85,1,1,0,1,0,0,0,0,0,0,0,0,0,1,0,0,0,0,0,0,1,0
1,1,1,0,61,1,1,82.1500015258789,4904.85,0,1,0,1,0,0,0,1,0,0,0,0,0,0,0,0,0,0,0,0,1,0
1,0,0,0,54,1,0,84.4000015258789,4484.05,0,0,0,1,0,1,0,0,0,1,0,1,0,0,0,0,0,1,0,0,1,0
0,0,0,0,33,1,1,60.900001525878906,2033.85,0,1,0,0,0,1,0,1,0,0,0,0,0,0,0,0,0,0,0,0,0,1
0,0,0,0,27,1,1,20.25,538.2,0,0,0,0,1,0,1,0,1,0,1,0,1,0,1,0,1,0,1,0,0,0
0,1,0,0,1,1,1,79.19999694824219,79.2,1,0,0,1,0,0,0,0,0,0,0,0,0,1,0,0,0,0,0,0,1,0
1,0,0,0,23,1,0,95.30000305175781,2192.9,0,0,0,1,0,0,0,1,0,0,0,0,0,1,0,1,0,0,0,0,0,1
1,0,0,1,1,1,0,19.850000381469727,19.85,0,0,0,0,1,0,1,0,1,0,1,0,1,0,1,0,1,0,0,0,0,1
1,0,1,1,45,1,1,84.3499984741211,3858.05,0,0,0,0,0,1,0,1,0,1,0,1,0,1,0,1,0,0,1,0,0,1
0,0,1,1,39,1,1,19.850000381469727,854.8,0,0,0,0,1,0,1,0,1,0,1,0,1,0,1,0,1,0,1,0,0,0
1,0,0,0,5,1,1,70.0,347.4,1,0,0,0,0,0,0,0,0,1,0,0,0,1,0,1,0,1,0,0,0,1
1,0,1,1,72,1,0,82.30000305175781,5815.15,0,1,0,0,0,1,0,1,0,1,0,1,0,1,0,0,0,0,1,0,0,0
0,0,1,1,58,1,1,66.80000305175781,3970.4,0,1,0,0,0,0,0,1,0,0,0,0,0,1,0,0,0,0,0,0,0,0
0,0,0,0,70,0,1,44.599998474121094,3058.15,0,0,1,0,0,1,0,1,0,1,0,1,0,0,0,0,0,0,1,0,0,0
1,0,1,1,61,1,1,98.44999694824219,6145.2,0,0,0,1,0,0,0,1,0,0,0,1,0,1,0,1,0,1,0,0,0,0
1,0,0,0,2,1,0,70.69999694824219,129.2,0,0,0,1,0,0,0,0,0,0,0,0,0,0,0,0,0,0,0,0,0,1
0,0,1,1,46,1,0,24.950000762939453,1165.9,0,1,0,0,1,0,1,0,1,0,1,0,1,0,1,0,1,1,0,0,0,1
0,0,0,0,1,1,1,49.95000076293945,49.95,1,1,0,0,0,0,0,0,0,0,0,0,0,0,0,0,0,0,0,0,0,0
0,0,1,0,22,1,1,69.25,1554.0,1,0,0,1,0,0,0,0,0,0,0,0,0,0,0,0,0,0,0,0,1,0
0,0,0,0,48,1,1,102.5,4904.25,0,0,0,1,0,1,0,0,0,1,0,1,0,1,0,1,0,0,1,1,0,0
1,0,0,0,64,1,0,86.55000305175781,5632.55,0,1,0,0,0,0,0,1,0,1,0,1,0,1,0,1,0,0,1,1,0,0
1,0,1,1,72,1,0,24.299999237060547,1643.25,0,1,0,0,1,0,1,0,1,0,1,0,1,0,1,0,1,0,1,0,0,0
0,0,1,1,12,1,1,58.349998474121094,740.55,0,0,0,0,0,0,0,0,0,1,0,0,0,1,0,0,0,0,0,1,0,0
0,1,1,0,34,1,1,94.25,3217.55,1,1,0,1,0,0,0,1,0,1,0,0,0,0,0,1,0,0,0,0,1,0
0,0,1,1,72,1,0,68.75,4888.2,0,0,0,0,0,1,0,1,0,1,0,0,0,0,0,1,0,0,1,1,0,0
1,0,1,0,29,1,1,85.80000305175781,2440.25,0,1,0,1,0,0,0,1,0,1,0,0,0,0,0,0,0,0,0,0,1,0
1,0,1,1,33,1,0,20.100000381469727,620.55,0,0,0,0,1,0,1,0,1,0,1,0,1,0,1,0,1,1,0,1,0,0
0,0,0,0,1,1,0,20.350000381469727,20.35,0,0,0,0,1,0,1,0,1,0,1,0,1,0,1,0,1,0,0,0,0,1
0,0,1,1,62,1,1,110.80000305175781,6840.95,0,1,0,1,0,0,0,1,0,1,0,1,0,1,0,1,0,1,0,0,1,0
1,0,1,0,41,1,1,73.0,3001.2,1,1,0,0,0,0,0,0,0,1,0,0,0,1,0,1,0,1,0,0,1,0
0,0,0,0,64,1,1,100.05000305175781,6254.2,1,1,0,1,0,0,0,0,0,1,0,0,0,1,0,1,0,1,0,1,0,0
0,0,0,0,4,1,1,82.8499984741211,319.6,0,0,0,1,0,0,0,0,0,1,0,0,0,0,0,1,0,0,0,1,0,0
0,0,0,0,24,1,1,84.3499984741211,1938.05,0,1,0,1,0,1,0,0,0,0,0,1,0,0,0,0,0,0,0,0,1,0
0,0,1,1,14,1,0,19.549999237060547,294.5,0,0,0,0,1,0,1,0,1,0,1,0,1,0,1,0,1,1,0,0,0,1
1,0,0,1,3,1,0,19.950000762939453,58.3,0,0,0,0,1,0,1,0,1,0,1,0,1,0,1,0,1,0,0,0,0,1
0,1,0,0,4,1,1,99.80000305175781,442.85,1,0,0,1,0,0,0,1,0,1,0,0,0,1,0,1,0,0,0,1,0,0
0,0,0,1,18,0,1,35.0,553.0,1,0,1,0,0,0,0,0,0,0,0,0,0,0,0,1,0,0,0,0,1,0
1,0,0,0,8,1,1,66.25,546.45,0,0,0,0,0,0,0,0,0,0,0,0,0,1,0,1,0,0,0,0,1,0
0,0,0,0,35,1,0,23.299999237060547,797.1,0,1,0,0,1,0,1,0,1,0,1,0,1,0,1,0,1,0,1,0,0,0
0,0,0,0,1,1,0,76.0,76.0,1,1,0,1,0,0,0,0,0,0,0,0,0,0,0,0,0,0,0,0,1,0
1,0,0,1,66,1,1,25.299999237060547,1673.8,0,1,0,0,1,0,1,0,1,0,1,0,1,0,1,0,1,0,1,1,0,0
1,0,0,1,8,0,1,44.54999923706055,343.45,0,0,1,0,0,1,0,0,0,0,0,1,0,0,0,1,0,0,1,0,0,1
0,0,1,0,71,1,1,104.0999984741211,7412.25,0,1,0,1,0,1,0,0,0,1,0,0,0,1,0,1,0,1,0,1,0,0
0,0,1,1,43,1,1,92.55000305175781,4039.0,0,1,0,1,0,0,0,0,0,1,0,0,0,0,0,1,0,0,0,0,0,0
0,1,0,0,2,1,1,93.8499984741211,170.85,1,1,0,1,0,0,0,0,0,0,0,0,0,1,0,1,0,0,0,0,1,0
1,1,0,0,29,1,1,101.44999694824219,2948.6,0,0,0,1,0,0,0,1,0,1,0,0,0,1,0,1,0,0,0,0,0,0
0,0,1,0,15,1,1,84.30000305175781,1308.4,1,0,0,1,0,0,0,0,0,1,0,0,0,1,0,0,0,0,0,0,1,0
1,0,1,1,65,1,0,94.55000305175781,6078.75,0,1,0,1,0,1,0,1,0,1,0,1,0,0,0,0,0,0,1,1,0,0
1,0,0,0,35,1,0,95.5,3418.2,0,1,0,1,0,0,0,0,0,1,0,1,0,1,0,0,0,0,0,0,1,0
1,0,0,0,64,1,1,100.30000305175781,6603.8,0,0,0,1,0,1,0,1,0,0,0,0,0,1,0,1,0,1,0,1,0,0
0,0,1,1,58,0,1,55.5,3166.9,0,0,1,0,0,0,0,0,0,1,0,1,0,1,0,1,0,0,1,1,0,0
0,1,0,0,18,1,1,49.849998474121094,865.75,0,0,0,0,0,0,0,1,0,0,0,0,0,0,0,0,0,0,0,1,0,0
1,0,1,1,67,1,1,89.55000305175781,6373.1,0,1,0,1,0,0,0,1,0,0,0,0,0,0,0,1,0,0,0,0,0,0
1,0,1,1,63,1,1,19.149999618530273,1177.05,0,0,0,0,1,0,1,0,1,0,1,0,1,0,1,0,1,0,1,0,0,1
0,0,1,0,60,1,1,99.80000305175781,5985.75,0,1,0,1,0,0,0,1,0,0,0,0,0,1,0,1,0,0,0,0,1,0
1,1,0,0,9,1,1,84.4000015258789,732.5,1,1,0,1,0,0,0,0,0,0,0,0,0,0,0,1,0,0,0,1,0,0
0,0,1,1,70,1,1,113.05000305175781,7869.05,0,1,0,1,0,1,0,1,0,1,0,1,0,1,0,1,0,0,1,1,0,0
1,0,1,0,15,1,1,101.0999984741211,1504.05,1,1,0,1,0,0,0,0,0,1,0,0,0,1,0,1,0,0,0,0,1,0
0,0,0,1,48,1,0,19.950000762939453,936.7,0,0,0,0,1,0,1,0,1,0,1,0,1,0,1,0,1,1,0,0,0,1
1,0,1,0,12,1,1,74.1500015258789,741.4,0,0,0,0,0,0,0,0,0,1,0,1,0,1,0,1,0,0,0,0,1,0
1,1,1,0,71,1,1,92.0,6585.2,0,1,0,1,0,1,0,1,0,1,0,1,0,0,0,0,0,1,0,0,1,0
1,1,0,0,44,1,0,73.8499984741211,3122.4,0,0,0,1,0,0,0,0,0,1,0,0,0,0,0,0,0,0,0,0,1,0
1,0,0,0,1,1,1,50.45000076293945,50.45,1,1,0,0,0,0,0,0,0,0,0,0,0,0,0,0,0,0,0,0,1,0
1,0,1,1,45,1,0,24.450000762939453,1088.25,0,1,0,0,1,0,1,0,1,0,1,0,1,0,1,0,1,0,1,0,0,1
0,0,0,0,23,1,0,24.799999237060547,615.35,0,1,0,0,1,0,1,0,1,0,1,0,1,0,1,0,1,1,0,1,0,0
0,0,1,0,43,1,1,64.8499984741211,2908.2,0,1,0,0,0,0,0,0,0,0,0,1,0,1,0,0,0,1,0,0,0,0
1,0,0,0,35,1,0,20.75,739.9,0,0,0,0,1,0,1,0,1,0,1,0,1,0,1,0,1,0,0,0,0,0
1,0,1,0,9,1,1,68.94999694824219,593.85,0,0,0,0,0,1,0,1,0,0,0,1,0,1,0,0,0,0,0,0,0,1
1,0,0,0,12,1,1,99.94999694824219,1132.75,1,1,0,1,0,0,0,0,0,0,0,1,0,1,0,1,0,0,0,0,0,1
0,1,1,0,65,1,1,109.4000015258789,7227.45,0,1,0,1,0,1,0,1,0,1,0,0,0,1,0,1,0,0,0,1,0,0
0,0,0,0,2,1,1,91.4000015258789,193.6,1,1,0,1,0,0,0,0,0,1,0,0,0,1,0,0,0,0,0,0,1,0
1,0,0,0,27,1,0,49.0,1291.35,0,1,0,0,0,0,0,0,0,0,0,0,0,0,0,0,0,0,0,0,0,1
0,0,0,0,40,1,1,50.25,2023.55,0,0,0,0,0,0,0,0,0,1,0,0,0,0,0,0,0,1,0,0,0,1
0,1,0,0,5,1,1,75.55000305175781,349.65,1,0,0,1,0,0,0,0,0,1,0,0,0,0,0,0,0,0,0,1,0,0
1,0,1,1,8,1,0,19.899999618530273,153.95,0,0,0,0,1,0,1,0,1,0,1,0,1,0,1,0,1,1,0,1,0,0
0,1,1,0,58,1,1,97.80000305175781,5458.8,0,1,0,1,0,0,0,1,0,0,0,0,0,1,0,1,0,1,0,0,0,0
0,0,1,1,52,1,0,100.30000305175781,5244.45,0,0,0,1,0,1,0,0,0,1,0,0,0,1,0,1,0,1,0,0,1,0
1,0,1,0,3,1,1,55.79999923706055,154.55,0,0,0,0,0,0,0,0,0,1,0,1,0,0,0,0,0,0,0,0,0,1
1,0,0,1,41,1,1,111.1500015258789,4507.15,0,0,0,1,0,1,0,1,0,1,0,1,0,1,0,1,0,0,1,0,1,0
1,0,0,0,20,1,1,98.55000305175781,2031.95,0,1,0,1,0,0,0,0,0,0,0,1,0,1,0,1,0,0,0,0,0,1
1,0,0,1,1,1,1,50.04999923706055,50.05,0,1,0,0,0,0,0,0,0,0,0,0,0,0,0,0,0,0,0,0,1,0
1,0,0,1,4,1,0,80.80000305175781,332.45,1,1,0,1,0,0,0,0,0,0,0,1,0,0,0,0,0,0,0,1,0,0
1,0,0,0,23,1,0,20.850000381469727,473.9,0,0,0,0,1,0,1,0,1,0,1,0,1,0,1,0,1,0,0,0,1,0
0,1,0,0,6,1,0,19.5,106.8,0,0,0,0,1,0,1,0,1,0,1,0,1,0,1,0,1,0,0,0,0,0
1,0,1,1,8,1,1,19.350000381469727,152.6,0,0,0,0,1,0,1,0,1,0,1,0,1,0,1,0,1,0,0,0,0,1
1,0,0,0,18,1,0,69.5,1199.4,0,1,0,0,0,1,0,0,0,1,0,0,0,1,0,0,0,0,0,0,0,1
1,1,0,0,52,0,1,48.79999923706055,2555.05,0,0,1,0,0,1,0,0,0,0,0,0,0,1,0,1,0,0,0,1,0,0
1,0,0,0,31,1,1,94.5,2979.2,0,0,0,1,0,0,0,1,0,0,0,0,0,1,0,1,0,0,0,0,1,0
1,0,1,1,29,1,1,20.649999618530273,654.85,0,0,0,0,1,0,1,0,1,0,1,0,1,0,1,0,1,0,0,0,0,1
0,0,1,0,36,1,1,106.05000305175781,3834.4,0,1,0,1,0,1,0,1,0,1,0,1,0,0,0,1,0,0,1,1,0,0
0,0,1,0,16,1,1,100.0,1534.75,1,1,0,1,0,0,0,1,0,0,0,0,0,1,0,1,0,0,0,0,1,0
1,0,1,0,42,1,1,108.30000305175781,4586.15,0,1,0,1,0,0,0,0,0,1,0,1,0,1,0,1,0,1,0,0,1,0
1,0,0,0,1,1,0,20.549999237060547,20.55,1,0,0,0,1,0,1,0,1,0,1,0,1,0,1,0,1,0,0,0,1,0
0,0,0,0,60,1,1,99.6500015258789,5941.05,0,0,0,1,0,0,0,1,0,1,0,0,0,1,0,1,0,0,1,0,1,0
1,0,0,0,5,1,1,85.30000305175781,424.15,1,1,0,1,0,0,0,1,0,1,0,0,0,0,0,0,0,0,0,0,1,0
1,0,1,0,22,1,0,95.9000015258789,2234.95,0,1,0,1,0,1,0,0,0,0,0,1,0,1,0,0,0,0,0,1,0,0
1,0,1,0,36,1,0,20.0,666.75,0,0,0,0,1,0,1,0,1,0,1,0,1,0,1,0,1,1,0,0,0,1
0,0,0,0,4,1,0,70.4000015258789,281.0,1,0,0,1,0,0,0,0,0,0,0,0,0,0,0,0,0,0,0,0,1,0
1,0,0,0,9,1,0,64.94999694824219,547.8,0,0,0,0,0,1,0,0,0,0,0,1,0,0,0,1,0,0,0,0,0,1
1,0,1,1,1,1,0,74.5999984741211,74.6,0,0,0,1,0,0,0,1,0,0,0,0,0,0,0,0,0,0,0,1,0,0
1,0,1,1,12,1,1,49.20000076293945,571.15,0,0,0,0,0,1,0,0,0,0,0,0,0,0,0,0,0,0,0,0,1,0
0,0,0,0,23,1,1,73.75,1756.6,0,1,0,0,0,0,0,0,0,0,0,1,0,1,0,1,0,1,0,0,0,1
1,0,0,0,62,1,1,92.30000305175781,5731.45,0,1,0,1,0,1,0,1,0,0,0,0,0,0,0,1,0,1,0,0,0,0
1,0,0,0,37,1,0,98.80000305175781,3475.55,1,1,0,1,0,0,0,0,0,0,0,1,0,1,0,1,0,0,0,0,0,0
0,0,0,0,8,1,0,19.200000762939453,156.85,0,0,0,0,1,0,1,0,1,0,1,0,1,0,1,0,1,0,0,0,0,1
1,0,1,0,31,1,0,88.6500015258789,2683.2,0,1,0,1,0,0,0,0,0,1,0,0,0,1,0,0,0,0,0,1,0,0
1,0,1,1,13,1,1,74.4000015258789,896.75,1,1,0,1,0,0,0,0,0,0,0,0,0,0,0,0,0,0,0,1,0,0
0,0,0,0,24,1,1,98.75,2407.3,1,1,0,1,0,0,0,0,0,1,0,0,0,1,0,1,0,0,0,0,1,0
1,0,1,1,45,1,1,95.94999694824219,4456.65,0,1,0,1,0,0,0,1,0,1,0,0,0,0,0,1,0,0,0,0,0,0
0,1,1,0,69,1,0,105.4000015258789,6998.95,0,1,0,1,0,0,0,1,0,0,0,1,0,1,0,1,0,0,1,1,0,0
1,0,0,0,2,1,0,20.25,36.8,0,0,0,0,1,0,1,0,1,0,1,0,1,0,1,0,1,0,0,0,0,1
1,0,1,1,61,1,1,106.0,6547.7,1,1,0,1,0,1,0,1,0,0,0,0,0,1,0,1,0,1,0,0,1,0
1,0,0,0,41,1,1,104.69999694824219,4346.4,1,1,0,1,0,0,0,1,0,1,0,0,0,1,0,1,0,0,0,0,1,0
0,0,0,0,44,0,1,49.04999923706055,2265.0,0,0,1,0,0,0,0,0,0,1,0,0,0,1,0,1,0,1,0,0,1,0
1,0,0,0,39,0,0,35.54999923706055,1309.15,0,0,1,0,0,0,0,0,0,1,0,1,0,0,0,0,0,1,0,0,0,1
1,0,1,1,72,0,1,65.0999984741211,4754.3,0,0,1,0,0,1,0,1,0,1,0,1,0,1,0,1,0,0,1,1,0,0
0,1,0,0,13,1,1,96.8499984741211,1235.55,0,0,0,1,0,0,0,0,0,1,0,0,0,1,0,1,0,0,0,0,1,0
0,0,1,1,51,1,1,69.75,3562.5,0,0,0,0,0,1,0,1,0,0,0,1,0,0,0,1,0,1,0,1,0,0
0,1,1,0,71,1,1,99.19999694824219,7213.75,0,0,0,1,0,0,0,1,0,1,0,0,0,1,0,1,0,0,1,0,1,0
1,1,0,0,22,1,1,96.69999694824219,2082.95,1,1,0,1,0,0,0,0,0,0,0,0,0,1,0,1,0,0,0,0,1,0
0,0,0,0,2,1,1,55.04999923706055,102.75,1,0,0,0,0,0,0,1,0,0,0,1,0,0,0,0,0,0,0,1,0,0
0,0,0,0,56,1,1,106.80000305175781,5914.4,0,1,0,1,0,0,0,1,0,1,0,0,0,1,0,1,0,1,0,0,1,0
1,0,0,0,1,1,0,51.25,51.25,0,0,0,0,0,1,0,0,0,0,0,0,0,0,0,0,0,0,0,0,0,1
0,0,1,1,23,1,1,57.75,1282.85,0,0,0,0,0,1,0,1,0,0,0,1,0,0,0,0,0,1,0,0,0,1
0,1,1,0,66,1,1,70.8499984741211,4738.85,0,1,0,0,0,0,0,1,0,1,0,0,0,1,0,0,0,1,0,0,0,0
0,0,0,0,1,1,0,19.549999237060547,19.55,0,0,0,0,1,0,1,0,1,0,1,0,1,0,1,0,1,0,0,0,0,1
1,1,0,0,19,1,1,88.19999694824219,1775.8,1,1,0,1,0,0,0,1,0,0,0,0,0,1,0,0,0,0,0,0,1,0
1,0,0,0,11,1,1,79.5,795.65,0,0,0,1,0,1,0,0,0,1,0,0,0,0,0,0,0,0,0,0,0,0
0,0,1,1,8,1,1,19.75,145.0,1,0,0,0,1,0,1,0,1,0,1,0,1,0,1,0,1,1,0,0,0,1
0,0,1,1,52,1,0,98.1500015258789,4993.4,0,1,0,1,0,1,0,1,0,1,0,0,0,0,0,1,0,0,0,0,0,0
1,0,0,0,3,1,1,20.25,61.45,0,0,0,0,1,0,1,0,1,0,1,0,1,0,1,0,1,0,0,0,1,0
0,0,1,1,51,1,1,79.1500015258789,4018.55,0,0,0,1,0,1,0,1,0,0,0,0,0,0,0,0,0,0,0,0,0,0
1,1,0,0,15,1,0,75.6500015258789,1146.65,1,1,0,1,0,0,0,0,0,0,0,0,0,0,0,0,0,0,0,0,1,0
1,1,1,0,64,1,1,94.25,6081.4,0,1,0,1,0,0,0,1,0,1,0,0,0,0,0,1,0,0,0,0,1,0
0,0,0,0,37,0,1,40.20000076293945,1478.85,0,0,1,0,0,0,0,0,0,1,0,0,0,0,0,1,0,0,0,1,0,0
1,0,0,0,13,1,0,19.950000762939453,243.65,0,0,0,0,1,0,1,0,1,0,1,0,1,0,1,0,1,0,1,0,0,1
1,0,1,0,49,1,1,55.349998474121094,2633.95,0,1,0,0,0,1,0,0,0,0,0,0,0,0,0,0,0,1,0,0,1,0
0,1,0,0,45,1,1,102.1500015258789,4735.35,0,1,0,1,0,0,0,0,0,1,0,0,0,1,0,1,0,1,0,0,0,0
0,0,0,0,18,1,1,71.0999984741211,1247.75,0,0,0,1,0,0,0,0,0,0,0,0,0,0,0,0,0,0,0,0,1,0
1,1,0,0,1,1,1,74.69999694824219,74.7,1,1,0,1,0,0,0,0,0,0,0,0,0,0,0,0,0,0,0,0,1,0
1,0,1,0,68,0,1,54.099998474121094,3794.5,0,0,1,0,0,1,0,0,0,1,0,0,0,1,0,1,0,0,1,0,0,0
1,0,0,0,54,1,0,19.649999618530273,1008.7,0,0,0,0,1,0,1,0,1,0,1,0,1,0,1,0,1,0,1,1,0,0
0,1,1,1,23,1,1,88.44999694824219,2130.55,0,0,0,1,0,0,0,1,0,1,0,0,0,0,0,1,0,0,0,0,0,0
1,0,0,0,17,1,1,76.6500015258789,1313.55,1,0,0,1,0,0,0,0,0,1,0,0,0,0,0,0,0,0,0,0,1,0
1,0,1,0,71,1,0,80.4000015258789,5727.15,0,1,0,0,0,1,0,1,0,1,0,1,0,0,0,1,0,0,1,1,0,0
0,0,1,1,67,1,1,19.25,1372.9,0,0,0,0,1,0,1,0,1,0,1,0,1,0,1,0,1,0,1,0,0,0
0,0,1,1,14,1,1,84.80000305175781,1203.9,0,1,0,1,0,0,0,0,0,0,0,0,0,1,0,0,0,0,0,0,1,0
0,1,0,0,1,0,1,25.799999237060547,25.8,1,0,1,0,0,0,0,0,0,0,0,0,0,0,0,0,0,0,0,0,0,1
0,0,0,1,63,1,0,19.5,1215.1,0,0,0,0,1,0,1,0,1,0,1,0,1,0,1,0,1,0,1,1,0,0
0,0,0,0,41,1,1,68.5999984741211,2877.05,0,1,0,0,0,0,0,0,0,1,0,1,0,0,0,1,0,1,0,0,1,0
0,0,1,0,17,1,0,92.5999984741211,1579.7,0,1,0,1,0,0,0,0,0,0,0,0,0,1,0,1,0,0,0,0,1,0
1,0,1,0,56,1,1,100.55000305175781,5514.95,0,1,0,1,0,1,0,0,0,0,0,0,0,1,0,1,0,1,0,0,1,0
0,0,0,0,5,1,0,20.549999237060547,96.1,0,0,0,0,1,0,1,0,1,0,1,0,1,0,1,0,1,0,0,1,0,0
0,0,0,0,2,0,1,42.599998474121094,72.4,1,0,1,0,0,1,0,1,0,0,0,0,0,0,0,1,0,0,0,0,1,0
0,0,1,0,3,1,1,19.600000381469727,55.25,0,0,0,0,1,0,1,0,1,0,1,0,1,0,1,0,1,0,0,0,0,1
1,0,0,0,37,1,0,67.44999694824219,2443.3,0,1,0,0,0,1,0,1,0,1,0,1,0,0,0,0,0,1,0,0,1,0
0,0,0,0,29,1,1,68.8499984741211,1970.5,1,0,0,0,0,1,0,1,0,1,0,0,0,0,0,1,0,0,0,0,0,0
1,0,0,0,8,1,0,43.54999923706055,335.4,0,0,0,0,0,0,0,0,0,0,0,0,0,0,0,0,0,0,0,0,0,1
0,0,0,0,63,1,1,109.8499984741211,7002.95,0,1,0,1,0,0,0,1,0,1,0,1,0,1,0,1,0,0,0,1,0,0
0,0,1,1,7,1,0,20.649999618530273,158.95,0,0,0,0,1,0,1,0,1,0,1,0,1,0,1,0,1,0,0,0,0,1
0,0,0,0,3,1,0,95.4000015258789,293.15,0,0,0,1,0,0,0,1,0,0,0,0,0,1,0,1,0,0,0,0,1,0
1,0,1,1,72,1,0,21.0,1493.75,0,0,0,0,1,0,1,0,1,0,1,0,1,0,1,0,1,0,1,0,0,0
0,0,0,0,19,1,1,56.20000076293945,1093.4,0,0,0,0,0,0,0,0,0,0,0,0,0,0,0,1,0,0,0,0,1,0
0,0,1,0,59,1,0,18.399999618530273,1057.85,0,0,0,0,1,0,1,0,1,0,1,0,1,0,1,0,1,0,1,0,0,0
1,0,1,1,2,1,0,90.0,190.05,1,0,0,1,0,0,0,0,0,1,0,1,0,0,0,1,0,0,0,1,0,0
0,0,1,1,35,1,1,25.75,882.55,0,1,0,0,1,0,1,0,1,0,1,0,1,0,1,0,1,0,0,0,1,0
1,0,0,0,14,1,0,19.600000381469727,300.4,0,0,0,0,1,0,1,0,1,0,1,0,1,0,1,0,1,0,0,1,0,0
0,0,0,0,14,1,0,75.3499984741211,1025.95,1,0,0,1,0,0,0,0,0,1,0,0,0,0,0,0,0,0,0,0,1,0
0,0,1,1,69,1,0,19.799999237060547,1436.95,0,0,0,0,1,0,1,0,1,0,1,0,1,0,1,0,1,0,1,1,0,0
1,1,1,0,7,1,0,64.19999694824219,475.0,0,1,0,0,0,1,0,1,0,0,0,1,0,0,0,0,0,0,0,0,1,0
1,0,1,1,69,1,1,75.75,5388.15,0,0,0,0,0,1,0,1,0,1,0,1,0,1,0,0,0,0,1,0,0,0
0,0,1,1,72,1,1,78.94999694824219,5730.15,0,1,0,0,0,0,0,1,0,0,0,1,0,1,0,1,0,0,1,0,1,0
1,0,0,0,8,1,0,100.8499984741211,819.55,1,1,0,1,0,0,0,1,0,0,0,0,0,1,0,1,0,0,0,0,1,0
0,0,1,1,4,1,0,50.29999923706055,217.1,0,0,0,0,0,1,0,0,0,0,0,0,0,0,0,0,0,0,0,0,1,0
1,0,1,1,63,1,1,80.30000305175781,4896.35,0,0,0,1,0,0,0,1,0,1,0,0,0,0,0,0,0,0,0,1,0,0
1,0,0,0,72,1,0,19.850000381469727,1434.1,0,0,0,0,1,0,1,0,1,0,1,0,1,0,1,0,1,0,1,0,0,0
0,0,0,0,46,1,1,21.100000381469727,937.1,0,0,0,0,1,0,1,0,1,0,1,0,1,0,1,0,1,0,1,0,1,0
0,0,1,0,5,1,0,69.94999694824219,330.15,1,0,0,1,0,0,0,0,0,0,0,0,0,0,0,0,0,0,0,0,1,0
1,0,1,0,30,1,1,50.0,1474.9,0,0,0,0,0,0,0,0,0,1,0,0,0,0,0,0,0,0,0,0,0,1
1,0,0,0,63,1,1,104.75,6536.5,0,1,0,1,0,0,0,1,0,1,0,0,0,1,0,1,0,0,1,0,0,0
0,0,0,0,60,1,0,19.850000381469727,1128.1,0,0,0,0,1,0,1,0,1,0,1,0,1,0,1,0,1,0,1,0,0,0
0,0,1,0,63,1,1,107.5,6873.75,1,1,0,1,0,0,0,1,0,1,0,0,0,1,0,1,0,1,0,0,1,0
1,0,1,1,25,1,0,85.9000015258789,2199.05,0,0,0,1,0,0,0,0,0,0,0,1,0,1,0,0,0,0,0,0,1,0
1,0,0,0,1,1,1,45.849998474121094,45.85,1,0,0,0,0,0,0,0,0,0,0,0,0,0,0,0,0,0,0,0,0,1
1,1,1,0,6,1,1,80.80000305175781,457.1,0,1,0,1,0,0,0,0,0,1,0,0,0,0,0,0,0,0,0,0,1,0
1,0,0,0,22,1,0,25.25,566.5,0,1,0,0,1,0,1,0,1,0,1,0,1,0,1,0,1,0,1,0,0,1
0,0,1,1,31,1,0,80.55000305175781,2471.6,0,1,0,0,0,0,0,1,0,0,0,1,0,1,0,1,0,0,1,0,0,0
0,0,1,1,39,1,1,81.5,3107.3,0,0,0,1,0,0,0,0,0,1,0,1,0,0,0,0,0,0,0,0,0,0
1,0,0,0,26,1,0,20.899999618530273,518.3,0,0,0,0,1,0,1,0,1,0,1,0,1,0,1,0,1,0,0,0,0,1
0,0,1,0,53,1,1,106.0999984741211,5769.75,1,0,0,1,0,1,0,1,0,1,0,0,0,1,0,1,0,1,0,0,0,0
0,0,0,0,1,1,0,91.69999694824219,91.7,1,0,0,1,0,0,0,1,0,0,0,1,0,1,0,0,0,0,0,0,1,0
1,0,0,0,12,1,1,67.25,832.3,0,1,0,0,0,1,0,1,0,0,0,1,0,0,0,0,0,0,0,0,1,0
0,0,0,0,16,1,1,95.5999984741211,1555.65,1,1,0,1,0,0,0,1,0,1,0,0,0,0,0,1,0,0,0,1,0,0
0,0,0,0,2,1,0,20.350000381469727,45.3,0,0,0,0,1,0,1,0,1,0,1,0,1,0,1,0,1,0,0,0,0,1
1,0,0,1,39,0,0,45.04999923706055,1790.6,0,0,1,0,0,1,0,0,0,0,0,1,0,1,0,0,0,1,0,0,0,0
1,0,0,0,1,1,1,74.94999694824219,74.95,1,1,0,1,0,0,0,0,0,0,0,0,0,0,0,0,0,0,0,0,1,0
0,0,1,1,7,0,0,34.650001525878906,246.6,0,0,1,0,0,1,0,0,0,0,0,1,0,0,0,0,0,0,0,0,0,1
1,1,0,0,4,1,0,69.3499984741211,261.65,0,0,0,1,0,0,0,0,0,0,0,0,0,0,0,0,0,0,0,0,1,0
1,1,0,0,10,1,1,95.3499984741211,898.35,1,1,0,1,0,0,0,0,0,0,0,0,0,1,0,1,0,0,0,0,1,0
0,0,0,0,55,1,1,81.55000305175781,4509.5,0,0,0,1,0,0,0,1,0,1,0,0,0,0,0,0,0,0,0,0,1,0
1,0,1,1,72,1,1,75.4000015258789,5480.25,0,0,0,0,0,0,0,1,0,1,0,0,0,1,0,1,0,0,1,0,0,0
0,0,1,0,10,1,1,67.80000305175781,653.15,0,0,0,0,0,0,0,0,0,1,0,0,0,1,0,1,0,0,0,1,0,0
1,1,0,0,11,1,1,111.4000015258789,1183.05,0,1,0,1,0,0,0,1,0,1,0,1,0,1,0,1,0,0,0,0,1,0
0,0,1,1,15,1,0,46.29999923706055,639.45,0,0,0,0,0,0,0,0,0,0,0,0,0,0,0,0,0,0,0,0,1,0
0,0,1,1,23,1,0,20.399999618530273,478.75,0,0,0,0,1,0,1,0,1,0,1,0,1,0,1,0,1,0,1,0,0,0
1,0,0,1,1,1,0,20.049999237060547,20.05,0,0,0,0,1,0,1,0,1,0,1,0,1,0,1,0,1,0,0,0,0,1
0,1,0,0,3,1,0,45.0,127.1,1,0,0,0,0,0,0,0,0,0,0,0,0,0,0,0,0,0,0,0,1,0
1,0,1,1,47,1,1,96.0999984741211,4391.45,0,0,0,1,0,1,0,1,0,1,0,0,0,0,0,1,0,1,0,0,1,0
0,0,0,1,15,1,0,19.649999618530273,270.6,0,0,0,0,1,0,1,0,1,0,1,0,1,0,1,0,1,1,0,0,0,1
1,0,0,0,66,1,0,99.5,6710.5,1,0,0,1,0,0,0,1,0,1,0,0,0,1,0,1,0,0,0,0,1,0
0,1,1,0,68,1,1,60.650001525878906,3975.9,0,0,0,0,0,0,0,1,0,1,0,1,0,0,0,0,0,1,0,0,0,0
0,0,1,1,17,1,0,98.5999984741211,1704.95,1,0,0,1,0,0,0,0,0,1,0,1,0,1,0,1,0,1,0,0,0,0
0,0,0,0,7,1,1,59.5,415.95,1,0,0,0,0,0,0,0,0,0,0,1,0,1,0,0,0,0,0,0,0,1
1,1,1,0,12,1,1,80.44999694824219,950.2,1,0,0,1,0,0,0,0,0,0,0,0,0,0,0,1,0,0,0,0,1,0
0,1,1,0,21,1,0,71.69999694824219,1497.05,0,1,0,0,0,0,0,1,0,1,0,0,0,0,0,1,0,1,0,0,0,0
1,0,0,0,21,0,1,36.0,780.15,0,0,1,0,0,0,0,1,0,0,0,1,0,0,0,0,0,0,0,0,0,1
0,0,1,1,56,1,0,65.19999694824219,3512.15,0,1,0,0,0,1,0,0,0,0,0,0,0,1,0,0,0,1,0,0,0,0
0,0,1,1,6,1,1,48.95000076293945,273.25,0,1,0,0,0,0,0,0,0,0,0,0,0,0,0,0,0,0,0,1,0,0
0,1,0,0,65,0,1,53.5,3517.9,0,0,1,0,0,0,0,1,0,1,0,0,0,1,0,1,0,0,1,0,0,0
1,0,1,0,42,1,0,80.44999694824219,3375.9,0,1,0,0,0,1,0,0,0,0,0,1,0,1,0,1,0,1,0,1,0,0
0,0,1,1,68,1,1,109.05000305175781,7508.55,0,1,0,1,0,1,0,0,0,1,0,1,0,1,0,1,0,0,1,0,0,0
1,0,1,1,48,1,0,26.299999237060547,1245.05,0,1,0,0,1,0,1,0,1,0,1,0,1,0,1,0,1,0,1,0,0,0
0,1,0,0,50,1,1,106.80000305175781,5347.95,0,1,0,1,0,0,0,1,0,0,0,1,0,1,0,1,0,1,0,0,1,0
0,1,0,0,7,1,1,64.94999694824219,493.65,0,0,0,0,0,0,0,1,0,1,0,0,0,1,0,0,0,0,0,0,1,0
0,0,1,1,63,1,0,19.350000381469727,1263.85,0,0,0,0,1,0,1,0,1,0,1,0,1,0,1,0,1,0,1,0,1,0
1,0,0,0,17,1,0,21.100000381469727,385.55,0,0,0,0,1,0,1,0,1,0,1,0,1,0,1,0,1,0,0,1,0,0
0,0,1,1,42,1,1,77.94999694824219,3384.0,1,0,0,1,0,0,0,0,0,0,0,0,0,1,0,0,0,0,0,1,0,0
1,0,1,1,4,1,0,18.850000381469727,84.2,0,0,0,0,1,0,1,0,1,0,1,0,1,0,1,0,1,0,0,0,0,1
0,0,0,1,62,1,0,26.0,1638.7,0,1,0,0,1,0,1,0,1,0,1,0,1,0,1,0,1,0,1,0,0,0
1,1,0,0,2,1,1,74.69999694824219,165.4,1,0,0,1,0,0,0,1,0,0,0,0,0,0,0,0,0,0,0,0,1,0
0,0,1,0,2,1,1,70.3499984741211,120.25,0,0,0,1,0,0,0,0,0,0,0,0,0,0,0,0,0,0,0,0,1,0
1,0,1,0,48,1,1,96.9000015258789,4473.45,0,1,0,1,0,1,0,1,0,1,0,0,0,1,0,0,0,0,1,0,0,0
1,0,1,0,27,1,0,19.549999237060547,520.55,0,0,0,0,1,0,1,0,1,0,1,0,1,0,1,0,1,0,1,0,0,0
0,0,1,1,70,1,1,80.4000015258789,5717.85,0,0,0,0,0,0,0,1,0,1,0,1,0,1,0,1,0,0,1,0,0,0
1,1,0,0,1,1,1,88.80000305175781,88.8,1,1,0,1,0,0,0,0,0,1,0,0,0,1,0,0,0,0,0,0,1,0
1,0,1,0,46,1,1,94.6500015258789,4312.5,0,1,0,1,0,0,0,1,0,1,0,0,0,1,0,0,0,1,0,0,1,0
1,0,0,0,30,1,1,90.25,2755.35,1,0,0,1,0,0,0,0,0,0,0,0,0,1,0,1,0,0,0,0,1,0
0,0,0,0,15,1,1,64.6500015258789,994.55,1,1,0,0,0,1,0,0,0,0,0,0,0,0,0,1,0,0,0,0,0,0
1,0,1,1,69,1,0,95.75,6511.25,0,1,0,1,0,0,0,1,0,1,0,0,0,1,0,0,0,1,0,1,0,0
1,0,0,0,65,1,1,19.549999237060547,1218.65,0,0,0,0,1,0,1,0,1,0,1,0,1,0,1,0,1,0,1,1,0,0
1,1,1,1,72,1,1,104.0999984741211,7447.7,0,0,0,1,0,1,0,0,0,1,0,1,0,1,0,1,0,0,1,1,0,0
1,1,1,0,13,1,1,89.05000305175781,1169.35,1,0,0,1,0,0,0,1,0,0,0,1,0,0,0,1,0,0,0,0,0,0
1,0,0,0,17,1,1,20.100000381469727,279.5,0,0,0,0,1,0,1,0,1,0,1,0,1,0,1,0,1,1,0,0,0,1
1,0,1,0,51,1,1,111.55000305175781,5720.35,0,1,0,1,0,1,0,0,0,1,0,1,0,1,0,1,0,1,0,0,1,0
1,0,1,1,51,1,0,60.5,3121.45,0,0,0,0,0,1,0,1,0,0,0,1,0,0,0,0,0,0,1,1,0,0
0,0,1,0,72,1,1,90.94999694824219,6468.6,0,1,0,0,0,1,0,1,0,1,0,1,0,1,0,1,0,0,1,0,0,0
1,0,1,1,67,1,0,87.4000015258789,5918.8,1,1,0,1,0,0,0,1,0,1,0,0,0,0,0,0,0,1,0,0,1,0
1,0,0,0,34,1,0,19.700000762939453,675.6,0,0,0,0,1,0,1,0,1,0,1,0,1,0,1,0,1,0,0,0,0,1
1,0,1,0,67,0,1,50.95000076293945,3521.7,0,0,1,0,0,1,0,1,0,0,0,1,0,0,0,1,0,0,1,0,0,0
0,0,1,0,49,1,1,20.049999237060547,923.1,0,0,0,0,1,0,1,0,1,0,1,0,1,0,1,0,1,1,0,0,0,0
1,0,1,1,53,1,1,19.399999618530273,1110.35,0,0,0,0,1,0,1,0,1,0,1,0,1,0,1,0,1,0,1,0,0,1
1,0,0,0,27,1,0,59.45000076293945,1611.65,0,1,0,0,0,0,0,0,0,1,0,1,0,0,0,0,0,0,0,0,1,0
0,1,0,0,23,1,1,94.75,2293.6,1,0,0,1,0,0,0,1,0,0,0,0,0,1,0,1,0,0,0,0,1,0
1,0,0,0,69,1,1,81.5,5553.25,0,1,0,0,0,1,0,1,0,1,0,1,0,0,0,1,0,0,1,1,0,0
0,0,1,1,2,0,0,29.049999237060547,44.75,0,0,1,0,0,0,0,0,0,0,0,1,0,0,0,0,0,0,0,0,0,0
0,0,0,0,35,1,1,86.44999694824219,3029.1,1,1,0,1,0,0,0,0,0,0,0,0,0,1,0,0,0,0,0,0,1,0
0,0,1,0,46,1,0,70.5999984741211,3231.05,0,0,0,0,0,1,0,1,0,0,0,1,0,0,0,1,0,1,0,0,0,1
0,0,0,0,54,1,1,97.19999694824219,5129.45,0,1,0,1,0,0,0,1,0,0,0,0,0,1,0,1,0,0,1,0,0,0
0,0,1,0,56,1,1,98.25,5508.35,1,1,0,1,0,0,0,1,0,0,0,0,0,1,0,1,0,1,0,0,1,0
0,0,1,0,9,1,1,75.75,655.9,1,0,0,1,0,0,0,0,0,1,0,0,0,0,0,0,0,0,0,0,0,0
1,0,0,0,20,1,0,59.20000076293945,1191.2,0,1,0,0,0,1,0,0,0,0,0,1,0,0,0,0,0,0,0,0,0,0
1,0,0,0,11,1,1,75.9000015258789,866.4,0,0,0,1,0,0,0,1,0,0,0,0,0,0,0,0,0,0,0,0,0,1
0,1,1,0,30,1,1,90.05000305175781,2627.2,0,1,0,1,0,0,0,1,0,0,0,0,0,1,0,0,0,0,0,0,1,0
1,0,1,0,68,1,0,70.94999694824219,4741.45,0,0,0,0,0,1,0,1,0,1,0,0,0,0,0,1,0,0,1,0,0,0
1,1,1,0,38,1,1,102.5999984741211,4009.2,0,1,0,1,0,0,0,1,0,1,0,0,0,1,0,1,0,0,0,0,1,0
0,1,1,0,17,1,1,85.3499984741211,1463.45,1,1,0,1,0,1,0,0,0,1,0,0,0,0,0,0,0,0,0,0,0,0
1,0,0,0,48,1,1,106.0999984741211,5082.8,1,1,0,1,0,0,0,1,0,1,0,0,0,1,0,1,0,1,0,1,0,0
0,0,0,0,1,1,0,43.79999923706055,43.8,0,0,0,0,0,0,0,0,0,0,0,0,0,0,0,0,0,0,0,0,1,0
1,0,1,1,63,0,0,59.0,3707.6,0,0,1,0,0,1,0,1,0,1,0,0,0,1,0,1,0,0,1,0,1,0
0,0,0,0,3,1,1,69.94999694824219,220.45,0,0,0,0,0,0,0,0,0,1,0,0,0,1,0,1,0,1,0,0,1,0
0,0,0,0,48,1,0,24.350000381469727,1133.7,0,1,0,0,1,0,1,0,1,0,1,0,1,0,1,0,1,1,0,0,0,0
1,0,0,0,66,0,0,29.450000762939453,1983.15,0,0,1,0,0,0,0,0,0,0,0,1,0,0,0,0,0,1,0,1,0,0
0,0,1,1,68,1,1,84.4000015258789,5746.75,0,1,0,1,0,0,0,1,0,1,0,0,0,0,0,0,0,0,1,1,0,0
1,1,0,0,17,1,1,45.04999923706055,770.6,1,0,0,0,0,0,0,0,0,0,0,0,0,0,0,0,0,0,0,0,1,0
0,0,1,1,7,1,0,20.649999618530273,134.05,0,0,0,0,1,0,1,0,1,0,1,0,1,0,1,0,1,1,0,0,0,1
1,0,1,0,72,1,1,87.0999984741211,6230.1,0,1,0,0,0,1,0,1,0,1,0,1,0,1,0,1,0,0,1,0,0,0
0,0,1,0,29,1,0,19.850000381469727,573.05,0,0,0,0,1,0,1,0,1,0,1,0,1,0,1,0,1,0,0,0,0,1
1,0,1,0,37,1,1,90.3499984741211,3419.3,0,0,0,1,0,0,0,0,0,1,0,1,0,0,0,1,0,0,0,0,1,0
0,0,0,0,34,1,1,109.80000305175781,3587.25,1,1,0,1,0,1,0,1,0,1,0,0,0,1,0,1,0,0,0,0,0,1
0,1,0,0,42,1,1,84.6500015258789,3541.35,1,1,0,1,0,0,0,0,0,0,0,0,0,1,0,0,0,0,0,0,1,0
0,0,1,1,59,1,0,65.5,3801.3,0,1,0,0,0,1,0,1,0,0,0,1,0,0,0,0,0,1,0,0,0,1
1,0,1,1,11,1,1,79.5,868.5,1,0,0,1,0,0,0,0,0,0,0,0,0,1,0,0,0,0,0,0,0,0
1,1,1,1,60,1,1,80.94999694824219,4859.1,0,1,0,1,0,1,0,0,0,0,0,0,0,0,0,0,0,0,0,0,1,0
0,0,0,0,27,1,1,56.150001525878906,1439.35,0,0,0,0,0,0,0,1,0,0,0,1,0,0,0,0,0,0,0,0,0,1
0,0,0,0,1,1,0,85.80000305175781,85.8,1,1,0,1,0,0,0,0,0,0,0,0,0,0,0,1,0,0,0,0,0,1
1,1,0,0,1,1,1,79.0999984741211,79.1,1,0,0,1,0,0,0,0,0,0,0,0,0,1,0,0,0,0,0,0,1,0
1,0,1,0,17,0,0,34.400001525878906,592.75,0,0,1,0,0,1,0,0,0,1,0,0,0,0,0,0,0,0,0,0,0,1
1,0,1,0,58,1,0,20.75,1185.95,0,0,0,0,1,0,1,0,1,0,1,0,1,0,1,0,1,0,1,0,0,1
1,0,1,1,1,1,0,18.799999237060547,18.8,0,0,0,0,1,0,1,0,1,0,1,0,1,0,1,0,1,1,0,0,0,1
0,0,1,1,3,1,0,44.29999923706055,134.5,1,0,0,0,0,0,0,0,0,0,0,0,0,0,0,0,0,0,0,0,0,1
0,0,0,0,53,1,0,90.80000305175781,4921.2,0,1,0,1,0,1,0,1,0,1,0,0,0,0,0,0,0,0,0,0,1,0
1,0,0,0,35,1,1,25.600000381469727,901.25,0,1,0,0,1,0,1,0,1,0,1,0,1,0,1,0,1,0,0,0,1,0
1,0,1,1,50,1,0,105.94999694824219,5341.8,1,1,0,1,0,1,0,0,0,1,0,0,0,1,0,1,0,0,0,1,0,0
1,0,1,1,68,1,0,70.80000305175781,4859.95,0,1,0,0,0,0,0,1,0,0,0,1,0,0,0,1,0,0,1,1,0,0
1,0,1,0,47,1,0,25.399999618530273,1139.2,0,1,0,0,1,0,1,0,1,0,1,0,1,0,1,0,1,0,0,0,1,0
0,1,1,0,65,1,1,108.80000305175781,7082.45,0,1,0,1,0,0,0,1,0,1,0,0,0,1,0,1,0,0,0,0,0,0
1,0,0,0,5,1,1,69.75,324.6,1,0,0,1,0,0,0,0,0,0,0,0,0,0,0,0,0,0,0,0,1,0
1,0,1,0,51,1,1,94.6500015258789,4812.75,1,1,0,1,0,0,0,0,0,0,0,0,0,1,0,1,0,0,0,0,1,0
0,0,0,0,46,1,0,96.05000305175781,4399.5,1,1,0,1,0,0,0,0,0,0,0,0,0,1,0,1,0,0,0,0,0,0
0,0,0,0,9,1,1,76.8499984741211,663.55,0,1,0,1,0,0,0,0,0,0,0,0,0,0,0,0,0,0,0,0,1,0
0,0,0,0,8,1,0,20.25,174.65,0,0,0,0,1,0,1,0,1,0,1,0,1,0,1,0,1,0,1,0,0,1
1,0,0,0,14,1,1,24.799999237060547,321.7,0,1,0,0,1,0,1,0,1,0,1,0,1,0,1,0,1,1,0,1,0,0
0,0,0,0,45,1,1,115.6500015258789,5125.5,0,1,0,1,0,1,0,1,0,1,0,1,0,1,0,1,0,0,0,0,1,0
0,0,0,0,8,1,1,74.5999984741211,548.9,0,1,0,1,0,0,0,0,0,0,0,0,0,0,0,0,0,0,0,1,0,0
1,1,0,1,1,1,1,50.150001525878906,50.15,1,0,0,0,0,0,0,0,0,1,0,0,0,0,0,0,0,0,0,0,0,1
1,0,1,1,66,1,1,103.1500015258789,7031.3,0,0,0,1,0,1,0,1,0,1,0,0,0,1,0,1,0,1,0,0,0,0
1,0,1,1,72,1,0,72.0999984741211,5016.65,0,1,0,0,0,1,0,1,0,1,0,1,0,0,0,0,0,0,1,1,0,0
0,0,1,0,41,1,1,113.5999984741211,4594.95,1,1,0,1,0,1,0,1,0,1,0,1,0,1,0,1,0,0,0,0,0,0
0,0,1,1,23,1,0,25.100000381469727,611.45,0,1,0,0,1,0,1,0,1,0,1,0,1,0,1,0,1,0,1,0,0,1
0,0,0,0,29,1,1,78.9000015258789,2384.15,1,0,0,1,0,0,0,0,0,0,0,0,0,1,0,0,0,0,0,0,1,0
0,0,0,0,4,1,1,80.1500015258789,319.85,0,1,0,1,0,1,0,0,0,0,0,0,0,0,0,0,0,0,0,0,1,0
1,0,1,1,6,1,0,25.399999618530273,153.3,0,1,0,0,1,0,1,0,1,0,1,0,1,0,1,0,1,0,1,0,0,1
0,1,1,0,67,1,1,105.4000015258789,7035.6,0,1,0,1,0,1,0,1,0,1,0,1,0,0,0,1,0,1,0,1,0,0
1,1,0,1,7,1,1,45.75,344.2,0,0,0,0,0,0,0,0,0,0,0,0,0,0,0,0,0,0,0,0,0,1
1,0,1,1,56,1,1,24.450000762939453,1431.65,0,1,0,0,1,0,1,0,1,0,1,0,1,0,1,0,1,1,0,0,0,1
0,0,1,0,72,1,0,25.0,1849.2,0,1,0,0,1,0,1,0,1,0,1,0,1,0,1,0,1,0,1,1,0,0
1,0,1,0,72,1,1,85.25,6083.1,0,1,0,0,0,1,0,1,0,1,0,0,0,1,0,1,0,0,1,0,1,0
1,0,1,1,23,1,0,19.600000381469727,426.65,0,0,0,0,1,0,1,0,1,0,1,0,1,0,1,0,1,0,1,1,0,0
0,0,0,1,35,1,0,50.150001525878906,1655.35,0,1,0,0,0,0,0,0,0,0,0,0,0,0,0,0,0,0,0,0,0,1
1,1,1,0,27,1,1,70.55000305175781,1943.9,0,0,0,1,0,0,0,0,0,0,0,0,0,0,0,0,0,0,0,0,1,0
0,0,1,1,26,1,1,60.04999923706055,1616.15,1,1,0,0,0,0,0,1,0,0,0,1,0,0,0,0,0,0,0,0,1,0
1,0,1,1,12,1,0,26.399999618530273,314.95,0,1,0,0,1,0,1,0,1,0,1,0,1,0,1,0,1,1,0,0,0,1
0,0,0,0,40,1,0,20.149999618530273,804.85,0,0,0,0,1,0,1,0,1,0,1,0,1,0,1,0,1,0,1,0,0,1
1,0,1,1,7,0,0,58.849998474121094,465.7,0,0,1,0,0,1,0,1,0,1,0,0,0,1,0,1,0,0,0,0,0,1
1,0,1,1,70,1,1,97.55000305175781,6669.05,0,1,0,1,0,1,0,1,0,0,0,0,0,1,0,0,0,0,0,1,0,0
1,0,1,1,60,1,0,19.649999618530273,1161.75,0,0,0,0,1,0,1,0,1,0,1,0,1,0,1,0,1,0,1,1,0,0
1,0,1,1,39,0,1,25.25,947.75,0,0,1,0,0,0,0,0,0,0,0,0,0,0,0,0,0,1,0,1,0,0
1,0,1,0,72,1,0,114.44999694824219,8375.05,0,1,0,1,0,1,0,1,0,1,0,1,0,1,0,1,0,0,1,1,0,0
0,0,0,0,1,0,1,34.70000076293945,34.7,1,0,1,0,0,0,0,0,0,0,0,0,0,1,0,0,0,0,0,0,1,0
1,0,1,1,54,1,1,70.69999694824219,3770.0,0,1,0,0,0,0,0,1,0,0,0,1,0,1,0,0,0,1,0,0,1,0
1,0,0,0,3,1,1,85.30000305175781,264.8,1,1,0,1,0,0,0,0,0,0,0,0,0,0,0,1,0,0,0,0,1,0
0,0,1,1,63,1,0,75.55000305175781,4707.85,0,0,0,0,0,1,0,1,0,1,0,1,0,1,0,0,0,0,1,1,0,0
1,0,1,1,71,1,1,84.80000305175781,6152.4,0,1,0,1,0,0,0,1,0,0,0,1,0,0,0,0,0,0,1,0,1,0
0,0,0,0,42,1,1,20.649999618530273,958.1,0,0,0,0,1,0,1,0,1,0,1,0,1,0,1,0,1,1,0,0,0,1
1,0,0,0,47,1,0,20.450000762939453,943.0,0,0,0,0,1,0,1,0,1,0,1,0,1,0,1,0,1,0,1,0,0,0
0,0,1,1,66,1,1,102.44999694824219,6615.15,1,1,0,1,0,0,0,1,0,1,0,0,0,1,0,1,0,1,0,1,0,0
0,0,1,0,21,1,1,104.4000015258789,2200.25,1,1,0,1,0,1,0,0,0,1,0,0,0,1,0,1,0,0,0,0,0,0
1,0,0,0,11,0,1,35.650001525878906,425.1,0,0,1,0,0,0,0,1,0,0,0,1,0,0,0,0,0,0,0,0,1,0
1,0,0,1,1,1,1,99.75,99.75,1,1,0,1,0,0,0,0,0,1,0,0,0,1,0,1,0,0,0,0,1,0
0,1,1,0,55,1,0,90.44999694824219,5044.8,0,1,0,1,0,0,0,1,0,1,0,1,0,0,0,0,0,0,0,0,1,0
1,0,0,0,69,1,1,97.6500015258789,6743.55,0,1,0,1,0,0,0,1,0,1,0,1,0,1,0,0,0,0,1,1,0,0
0,1,0,0,3,1,0,73.8499984741211,196.4,0,0,0,1,0,0,0,0,0,1,0,0,0,0,0,0,0,0,0,0,1,0
1,0,0,0,4,1,1,74.4000015258789,299.7,1,0,0,0,0,0,0,0,0,1,0,1,0,1,0,1,0,0,0,0,1,0
1,1,0,0,30,1,1,69.0999984741211,2093.9,0,1,0,0,0,0,0,0,0,1,0,1,0,1,0,0,0,0,1,1,0,0
0,0,0,0,5,1,1,82.75,417.75,0,1,0,1,0,0,0,0,0,1,0,1,0,0,0,0,0,0,0,0,1,0
0,0,1,0,71,1,1,24.399999618530273,1725.4,0,1,0,0,1,0,1,0,1,0,1,0,1,0,1,0,1,0,1,1,0,0
0,0,0,0,29,1,1,55.25,1620.2,0,1,0,0,0,0,0,1,0,0,0,0,0,0,0,0,0,1,0,0,1,0
1,0,1,0,52,1,0,61.349998474121094,3169.55,0,1,0,0,0,0,0,1,0,0,0,1,0,0,0,0,0,0,0,0,0,0
1,0,0,0,68,1,0,76.75,5233.25,0,1,0,0,0,1,0,1,0,1,0,0,0,0,0,1,0,1,0,1,0,0
0,0,1,1,46,1,0,19.399999618530273,967.85,0,0,0,0,1,0,1,0,1,0,1,0,1,0,1,0,1,0,1,0,0,1
1,0,0,0,8,1,1,54.75,438.05,0,0,0,0,0,0,0,0,0,0,0,0,0,0,0,1,0,0,0,1,0,0
1,0,1,0,72,1,0,19.700000762939453,1421.9,0,0,0,0,1,0,1,0,1,0,1,0,1,0,1,0,1,0,1,1,0,0
0,0,0,0,17,1,0,19.899999618530273,323.15,0,0,0,0,1,0,1,0,1,0,1,0,1,0,1,0,1,1,0,0,0,0
1,0,0,0,3,1,1,107.94999694824219,318.6,0,0,0,1,0,0,0,1,0,1,0,1,0,1,0,1,0,0,0,0,1,0
0,1,0,0,2,1,1,83.80000305175781,163.7,0,0,0,1,0,0,0,1,0,0,0,0,0,1,0,0,0,0,0,0,0,0
0,0,0,0,9,1,1,74.25,639.65,1,0,0,1,0,1,0,0,0,0,0,0,0,0,0,0,0,0,0,1,0,0
0,0,0,0,51,0,1,56.400001525878906,2928.5,0,0,1,0,0,0,0,1,0,1,0,0,0,1,0,1,0,1,0,1,0,0
0,0,1,1,6,1,0,20.100000381469727,100.35,0,0,0,0,1,0,1,0,1,0,1,0,1,0,1,0,1,0,1,0,0,1
0,0,1,0,3,1,0,94.9000015258789,273.2,0,1,0,1,0,0,0,0,0,0,0,0,0,1,0,1,0,0,0,0,1,0
0,1,0,0,17,1,1,94.19999694824219,1608.15,0,1,0,1,0,0,0,0,0,0,0,0,0,1,0,1,0,0,0,0,1,0
1,0,1,0,30,1,0,49.900001525878906,1441.95,0,1,0,0,0,0,0,0,0,0,0,0,0,0,0,0,0,0,0,0,1,0
1,0,0,0,31,1,1,71.05000305175781,2168.15,0,1,0,0,0,0,0,1,0,0,0,1,0,1,0,0,0,0,0,0,1,0
0,0,0,0,45,1,0,81.6500015258789,3618.7,0,0,0,0,0,1,0,0,0,1,0,1,0,1,0,1,0,0,1,0,0,0
1,0,1,0,64,1,0,89.44999694824219,5692.65,0,1,0,1,0,1,0,1,0,1,0,0,0,0,0,0,0,1,0,0,0,0
1,0,0,0,1,1,1,59.849998474121094,59.85,1,1,0,0,0,0,0,0,0,0,0,0,0,1,0,0,0,0,0,0,1,0
0,1,0,0,1,1,1,69.5999984741211,69.6,1,0,0,1,0,0,0,0,0,0,0,0,0,0,0,0,0,0,0,0,1,0
1,1,1,1,61,1,0,99.0,5969.3,0,1,0,1,0,0,0,1,0,0,0,0,0,1,0,1,0,1,0,0,1,0
1,0,0,0,1,1,0,19.049999237060547,19.05,0,0,0,0,1,0,1,0,1,0,1,0,1,0,1,0,1,0,0,0,0,1
1,0,0,0,9,0,1,45.400001525878906,418.8,1,0,1,0,0,0,0,0,0,0,0,0,0,1,0,1,0,0,0,0,1,0
1,0,1,1,72,1,0,114.44999694824219,8100.55,0,1,0,1,0,1,0,1,0,1,0,1,0,1,0,1,0,0,1,0,0,0
0,0,0,0,1,1,0,19.5,19.5,1,0,0,0,1,0,1,0,1,0,1,0,1,0,1,0,1,0,0,0,0,1
0,0,1,0,7,1,1,44.25,313.45,0,0,0,0,0,0,0,0,0,0,0,0,0,0,0,0,0,0,0,0,0,1
0,0,1,0,66,1,1,90.55000305175781,6130.95,0,1,0,1,0,0,0,1,0,1,0,1,0,0,0,0,0,1,0,0,0,0
1,0,0,0,1,1,1,69.9000015258789,69.9,1,0,0,1,0,0,0,0,0,0,0,0,0,0,0,0,0,0,0,0,1,0
1,0,1,1,40,1,1,20.399999618530273,745.3,0,0,0,0,1,0,1,0,1,0,1,0,1,0,1,0,1,0,0,0,0,0
1,0,0,0,16,1,1,71.4000015258789,1212.1,0,1,0,0,0,0,0,1,0,1,0,0,0,0,0,1,0,0,0,0,0,0
0,0,0,0,2,1,1,87.1500015258789,183.75,1,0,0,1,0,0,0,1,0,0,0,0,0,1,0,0,0,0,0,0,0,0
1,0,1,0,67,1,0,24.850000381469727,1583.5,0,1,0,0,1,0,1,0,1,0,1,0,1,0,1,0,1,0,1,1,0,0
0,0,1,0,41,1,1,104.44999694824219,4162.05,0,0,0,1,0,1,0,1,0,1,0,0,0,1,0,1,0,1,0,0,0,0
0,0,1,1,56,1,1,19.799999237060547,1119.9,0,0,0,0,1,0,1,0,1,0,1,0,1,0,1,0,1,0,1,1,0,0
0,0,0,0,72,1,1,116.44999694824219,8013.55,0,1,0,1,0,1,0,1,0,1,0,1,0,1,0,1,0,0,1,0,0,0
0,0,1,1,3,1,1,84.75,264.85,1,1,0,1,0,0,0,0,0,0,0,0,0,0,0,1,0,0,0,0,0,0
0,0,1,0,54,1,0,20.049999237060547,1102.4,0,0,0,0,1,0,1,0,1,0,1,0,1,0,1,0,1,0,1,1,0,0
1,1,0,0,52,1,1,110.75,5832.0,0,1,0,1,0,0,0,1,0,1,0,1,0,1,0,1,0,0,0,0,1,0
0,0,0,0,50,1,1,89.69999694824219,4304.5,0,0,0,1,0,0,0,0,0,1,0,1,0,0,0,1,0,0,1,0,0,0
1,0,0,0,14,1,1,89.94999694824219,1178.4,1,1,0,1,0,0,0,0,0,0,0,1,0,1,0,0,0,0,0,0,1,0
1,0,1,0,27,1,0,48.70000076293945,1421.75,0,0,0,0,0,1,0,0,0,0,0,0,0,0,0,0,0,1,0,1,0,0
0,1,1,0,72,1,1,96.5999984741211,6827.5,0,1,0,1,0,1,0,1,0,1,0,1,0,0,0,0,0,0,1,0,0,0
1,0,0,0,62,1,1,74.30000305175781,4698.05,0,0,0,0,0,1,0,1,0,0,0,0,0,1,0,1,0,1,0,1,0,0
0,0,0,0,12,1,1,54.29999923706055,654.5,0,0,0,0,0,0,0,1,0,0,0,1,0,0,0,0,0,0,0,0,1,0
0,1,0,0,44,1,0,74.8499984741211,3268.05,0,0,0,0,0,0,0,0,0,1,0,1,0,1,0,1,0,1,0,0,0,0
1,0,1,1,54,1,1,79.94999694824219,4362.05,0,0,0,1,0,0,0,1,0,0,0,1,0,0,0,0,0,0,1,0,0,0
0,0,0,0,68,1,0,20.049999237060547,1386.9,0,0,0,0,1,0,1,0,1,0,1,0,1,0,1,0,1,0,1,0,0,0
1,0,0,0,20,1,0,19.399999618530273,415.4,0,0,0,0,1,0,1,0,1,0,1,0,1,0,1,0,1,0,0,0,0,1
1,0,1,1,50,1,0,54.900001525878906,2614.1,0,1,0,0,0,0,0,0,0,1,0,0,0,0,0,0,0,1,0,0,0,0
1,0,0,0,58,1,1,24.450000762939453,1513.6,0,1,0,0,1,0,1,0,1,0,1,0,1,0,1,0,1,0,1,1,0,0
1,0,1,1,35,1,1,89.6500015258789,3161.6,0,1,0,1,0,0,0,1,0,0,0,0,0,1,0,0,0,0,0,0,0,0
0,0,0,0,2,1,1,45.400001525878906,80.95,0,0,0,0,0,0,0,0,0,0,0,0,0,0,0,0,0,0,0,0,1,0
1,0,1,1,63,1,0,75.69999694824219,4676.7,0,1,0,0,0,1,0,0,0,1,0,1,0,0,0,1,0,0,1,0,0,1
0,0,1,0,58,1,1,110.6500015258789,6526.65,0,1,0,1,0,1,0,1,0,1,0,0,0,1,0,1,0,1,0,1,0,0
0,0,1,1,27,1,1,20.549999237060547,583.3,0,0,0,0,1,0,1,0,1,0,1,0,1,0,1,0,1,1,0,0,0,1
0,0,1,0,71,1,1,115.1500015258789,8078.1,0,1,0,1,0,1,0,1,0,1,0,1,0,1,0,1,0,0,1,1,0,0
0,0,0,0,63,1,0,58.54999923706055,3503.5,0,0,0,0,0,0,0,0,0,1,0,0,0,0,0,1,0,1,0,1,0,0
1,0,1,0,71,1,1,93.25,6669.45,0,1,0,1,0,0,0,1,0,1,0,0,0,0,0,1,0,0,0,0,0,0
0,1,0,0,41,1,1,113.19999694824219,4689.5,1,1,0,1,0,1,0,1,0,1,0,0,0,1,0,1,0,0,0,0,1,0
1,1,0,0,13,1,1,90.5,1201.15,1,0,0,1,0,0,0,0,0,0,0,0,0,1,0,1,0,0,0,0,1,0
1,0,0,0,2,1,0,79.0,143.65,1,0,0,1,0,0,0,0,0,0,0,0,0,1,0,0,0,0,0,0,1,0
0,0,1,1,68,1,1,19.350000381469727,1292.65,0,0,0,0,1,0,1,0,1,0,1,0,1,0,1,0,1,0,1,0,0,0
1,0,1,1,1,1,1,48.75,48.75,0,0,0,0,0,1,0,0,0,0,0,0,0,0,0,0,0,0,0,0,0,1
1,1,0,0,65,1,1,109.05000305175781,7108.2,0,1,0,1,0,1,0,0,0,1,0,1,0,1,0,1,0,0,1,0,1,0
1,1,1,0,72,1,1,25.0,1802.55,0,1,0,0,1,0,1,0,1,0,1,0,1,0,1,0,1,0,1,0,0,0
0,0,0,0,28,1,1,54.900001525878906,1505.15,0,1,0,0,0,0,0,0,0,0,0,1,0,0,0,0,0,0,0,1,0,0
1,0,1,1,72,1,0,24.75,1859.1,0,1,0,0,1,0,1,0,1,0,1,0,1,0,1,0,1,0,1,1,0,0
0,0,0,0,2,1,1,91.1500015258789,168.5,0,0,0,1,0,1,0,1,0,0,0,0,0,1,0,0,0,0,0,0,1,0
0,0,0,1,18,1,0,20.149999618530273,390.85,1,0,0,0,1,0,1,0,1,0,1,0,1,0,1,0,1,1,0,0,0,0
1,1,1,0,60,1,1,104.3499984741211,6339.45,0,1,0,1,0,0,0,1,0,1,0,0,0,1,0,1,0,1,0,0,1,0
0,1,0,0,26,1,1,66.05000305175781,1652.4,0,1,0,0,0,0,0,0,0,0,0,1,0,0,0,1,0,0,0,0,1,0
1,0,0,1,1,1,1,71.6500015258789,71.65,1,0,0,1,0,0,0,0,0,0,0,0,0,0,0,0,0,0,0,0,1,0
0,0,0,0,4,1,0,20.350000381469727,77.5,1,0,0,0,1,0,1,0,1,0,1,0,1,0,1,0,1,0,0,0,0,1
1,0,1,1,68,1,1,92.19999694824219,6392.85,0,1,0,0,0,1,0,1,0,1,0,1,0,1,0,1,0,0,1,1,0,0
0,0,0,0,38,1,1,84.25,3264.5,1,0,0,1,0,0,0,1,0,1,0,1,0,0,0,0,0,0,0,1,0,0
0,1,1,0,42,1,1,105.19999694824219,4599.15,0,1,0,1,0,1,0,0,0,1,0,0,0,1,0,1,0,1,0,0,0,0
0,0,1,0,57,1,1,19.600000381469727,1134.25,0,0,0,0,1,0,1,0,1,0,1,0,1,0,1,0,1,0,1,0,0,0
1,0,1,0,54,0,0,30.399999618530273,1621.35,0,0,1,0,0,0,0,1,0,0,0,0,0,0,0,0,0,0,0,0,1,0
0,0,0,0,12,1,0,78.0999984741211,947.3,1,0,0,1,0,0,0,0,0,0,0,0,0,0,0,1,0,0,0,0,0,0
0,0,1,0,44,1,1,61.5,2722.2,0,0,0,0,0,1,0,1,0,1,0,0,0,0,0,0,0,1,0,0,0,1
1,0,1,1,42,1,1,69.4000015258789,3058.3,0,1,0,0,0,1,0,1,0,0,0,0,0,1,0,0,0,0,0,0,0,0
1,0,1,1,72,1,0,24.75,1769.6,0,1,0,0,1,0,1,0,1,0,1,0,1,0,1,0,1,0,1,0,0,0
0,0,1,1,71,1,0,91.05000305175781,6293.75,0,1,0,0,0,1,0,1,0,1,0,1,0,1,0,1,0,0,1,0,0,1
0,0,1,0,19,1,0,89.6500015258789,1761.05,1,1,0,1,0,0,0,0,0,1,0,0,0,0,0,1,0,0,0,0,0,1
0,0,1,0,23,1,1,73.6500015258789,1642.75,0,1,0,0,0,0,0,0,0,0,0,1,0,1,0,1,0,0,0,1,0,0
0,0,0,0,30,1,0,19.399999618530273,578.5,0,0,0,0,1,0,1,0,1,0,1,0,1,0,1,0,1,0,1,1,0,0
1,0,0,0,35,1,0,26.200000762939453,954.9,0,1,0,0,1,0,1,0,1,0,1,0,1,0,1,0,1,1,0,0,0,0
0,0,0,0,10,1,1,98.69999694824219,973.25,1,1,0,1,0,1,0,0,0,0,0,0,0,1,0,1,0,0,0,0,1,0
1,0,0,0,1,1,1,43.849998474121094,43.85,0,0,0,0,0,0,0,0,0,0,0,0,0,0,0,0,0,0,0,0,0,0
1,0,0,0,22,1,1,69.69999694824219,1490.4,0,0,0,1,0,0,0,0,0,0,0,0,0,0,0,0,0,0,0,0,0,1
1,0,1,1,7,0,0,38.54999923706055,280.0,0,0,1,0,0,1,0,1,0,1,0,0,0,0,0,0,0,0,1,0,0,1
0,0,0,0,36,0,1,53.099998474121094,1901.25,0,0,1,0,0,1,0,1,0,1,0,1,0,0,0,1,0,0,1,0,0,1
0,0,1,1,34,1,0,20.649999618530273,716.4,0,0,0,0,1,0,1,0,1,0,1,0,1,0,1,0,1,0,0,0,0,1
1,0,1,1,72,1,0,64.44999694824219,4720.0,0,1,0,0,0,1,0,1,0,1,0,0,0,0,0,0,0,0,1,1,0,0
1,0,1,1,36,1,0,25.100000381469727,930.95,0,1,0,0,1,0,1,0,1,0,1,0,1,0,1,0,1,0,1,1,0,0
0,0,0,0,1,1,0,76.3499984741211,76.35,1,0,0,1,0,0,0,0,0,1,0,0,0,0,0,0,0,0,0,0,1,0
0,0,0,0,23,1,1,79.1500015258789,1676.95,1,1,0,1,0,0,0,1,0,0,0,0,0,0,0,0,0,0,0,0,1,0
1,1,1,0,32,1,1,85.0,2642.05,1,1,0,1,0,0,0,0,0,0,0,0,0,0,0,1,0,0,0,0,1,0
0,0,1,1,71,1,1,95.1500015258789,6770.85,0,1,0,1,0,1,0,1,0,1,0,1,0,0,0,0,0,1,0,1,0,0
0,1,0,0,23,1,1,79.3499984741211,1835.3,0,1,0,1,0,0,0,0,0,1,0,0,0,0,0,0,0,0,0,0,0,1
1,0,1,0,17,1,1,96.6500015258789,1588.25,0,0,0,1,0,0,0,0,0,1,0,0,0,1,0,1,0,1,0,0,0,0
1,0,0,0,1,1,1,75.5,75.5,0,0,0,0,0,0,0,0,0,1,0,1,0,1,0,1,0,0,0,0,1,0
1,0,1,1,12,1,0,19.700000762939453,258.35,0,0,0,0,1,0,1,0,1,0,1,0,1,0,1,0,1,0,1,0,0,1
0,0,1,0,72,1,0,20.5,1502.25,0,0,0,0,1,0,1,0,1,0,1,0,1,0,1,0,1,0,1,1,0,0
1,0,0,0,1,1,0,19.200000762939453,19.2,0,0,0,0,1,0,1,0,1,0,1,0,1,0,1,0,1,0,0,0,0,1
1,1,1,0,72,1,0,98.3499984741211,6929.4,0,1,0,1,0,0,0,1,0,0,0,0,0,1,0,1,0,0,1,0,0,0
1,0,1,1,60,1,0,74.3499984741211,4453.3,0,1,0,1,0,0,0,0,0,0,0,0,0,0,0,0,0,0,0,0,0,0
0,0,1,1,61,0,0,51.349998474121094,3244.4,0,0,1,0,0,0,0,1,0,1,0,1,0,1,0,0,0,0,1,1,0,0
0,0,1,0,6,1,0,45.650001525878906,323.45,0,0,0,0,0,0,0,0,0,0,0,0,0,0,0,0,0,0,0,0,0,1
1,1,1,0,32,1,0,85.30000305175781,2661.1,1,1,0,1,0,0,0,0,0,0,0,0,0,0,0,1,0,0,0,0,1,0
0,0,0,1,31,1,1,86.55000305175781,2697.4,1,1,0,1,0,0,0,0,0,0,0,0,0,1,0,0,0,0,0,1,0,0
1,0,0,0,19,1,1,73.8499984741211,1424.5,1,0,0,1,0,0,0,1,0,0,0,0,0,0,0,0,0,0,0,1,0,0
1,0,1,1,72,1,0,20.299999237060547,1401.15,0,0,0,0,1,0,1,0,1,0,1,0,1,0,1,0,1,0,1,0,0,0
0,0,0,0,32,1,1,54.20000076293945,1739.6,0,1,0,0,0,0,0,1,0,0,0,0,0,0,0,0,0,0,0,0,1,0
1,0,1,0,65,1,1,90.6500015258789,5931.0,0,1,0,1,0,0,0,1,0,0,0,0,0,0,0,1,0,0,0,0,1,0
0,0,1,1,45,0,1,50.900001525878906,2333.85,0,0,1,0,0,1,0,0,0,0,0,0,0,1,0,1,0,0,0,0,0,0
1,0,0,0,42,1,0,25.049999237060547,949.85,0,1,0,0,1,0,1,0,1,0,1,0,1,0,1,0,1,1,0,0,1,0
1,0,0,0,8,1,1,74.8499984741211,572.45,0,1,0,1,0,0,0,0,0,0,0,0,0,0,0,0,0,0,0,0,1,0
1,0,0,1,32,1,0,20.5,696.8,0,0,0,0,1,0,1,0,1,0,1,0,1,0,1,0,1,0,1,0,0,1
0,1,1,0,22,1,1,63.54999923706055,1381.8,0,1,0,0,0,1,0,1,0,0,0,1,0,0,0,0,0,0,0,0,0,1
1,1,1,0,57,0,1,44.849998474121094,2572.95,1,0,1,0,0,0,0,0,0,0,0,0,0,1,0,1,0,0,0,0,1,0
1,0,0,0,1,1,0,47.95000076293945,47.95,0,0,0,0,0,1,0,0,0,0,0,0,0,0,0,0,0,0,0,0,1,0
1,1,0,0,1,1,0,45.099998474121094,45.1,1,0,0,0,0,0,0,0,0,0,0,0,0,0,0,0,0,0,0,0,1,0
0,0,1,0,1,1,1,45.0,45.0,0,0,0,0,0,0,0,0,0,0,0,0,0,0,0,0,0,0,0,0,1,0
1,0,0,0,24,1,1,96.0,2122.45,1,0,0,1,0,0,0,0,0,0,0,1,0,1,0,1,0,0,0,0,1,0
1,0,0,0,1,1,0,20.049999237060547,20.05,1,0,0,0,1,0,1,0,1,0,1,0,1,0,1,0,1,0,0,0,0,0
1,1,0,0,54,1,1,90.05000305175781,4931.8,0,1,0,1,0,0,0,1,0,0,0,0,0,0,0,1,0,0,0,0,1,0
0,0,0,0,4,1,1,25.299999237060547,116.95,0,1,0,0,1,0,1,0,1,0,1,0,1,0,1,0,1,0,1,1,0,0
1,0,1,1,65,1,0,108.6500015258789,6937.95,1,1,0,1,0,1,0,0,0,1,0,1,0,1,0,1,0,0,1,0,0,0
0,0,1,0,56,1,0,24.299999237060547,1261.7,0,1,0,0,1,0,1,0,1,0,1,0,1,0,1,0,1,1,0,0,1,0
1,0,0,0,45,1,1,75.94999694824219,3273.8,0,0,0,0,0,1,0,0,0,1,0,0,0,1,0,1,0,0,0,0,1,0
0,0,1,1,71,1,0,19.700000762939453,1415.85,0,0,0,0,1,0,1,0,1,0,1,0,1,0,1,0,1,0,1,1,0,0
1,0,1,0,59,1,0,66.4000015258789,3958.2,0,0,0,0,0,1,0,1,0,1,0,0,0,1,0,0,0,1,0,1,0,0
1,0,0,0,69,0,1,35.75,2492.25,0,0,1,0,0,0,0,1,0,1,0,0,0,0,0,0,0,1,0,0,0,0
1,0,0,0,19,1,0,18.799999237060547,279.2,0,0,0,0,1,0,1,0,1,0,1,0,1,0,1,0,1,1,0,0,0,1
0,0,1,1,55,1,0,19.399999618530273,1083.0,0,0,0,0,1,0,1,0,1,0,1,0,1,0,1,0,1,0,1,1,0,0
0,0,0,0,38,1,0,19.299999237060547,755.5,0,0,0,0,1,0,1,0,1,0,1,0,1,0,1,0,1,1,0,0,0,1
1,0,0,0,10,1,1,45.54999923706055,402.6,1,0,0,0,0,0,0,0,0,0,0,0,0,0,0,0,0,0,0,0,1,0
0,1,1,0,47,1,1,67.44999694824219,3252.0,0,1,0,0,0,1,0,1,0,1,0,0,0,0,0,0,0,0,0,1,0,0
0,0,1,0,2,0,1,35.099998474121094,68.75,1,0,1,0,0,0,0,0,0,0,0,0,0,0,0,1,0,0,0,0,1,0
1,0,0,0,1,1,0,46.20000076293945,46.2,1,0,0,0,0,0,0,0,0,0,0,0,0,0,0,0,0,0,0,1,0,0
0,0,0,0,1,1,0,45.150001525878906,45.15,1,0,0,0,0,0,0,0,0,0,0,0,0,0,0,0,0,0,0,0,1,0
1,1,0,0,1,0,1,43.29999923706055,43.3,1,0,1,0,0,0,0,1,0,1,0,0,0,0,0,1,0,0,0,0,1,0
1,0,1,1,46,1,1,20.100000381469727,936.85,0,0,0,0,1,0,1,0,1,0,1,0,1,0,1,0,1,0,1,0,0,1
0,1,0,0,38,1,1,57.150001525878906,2250.65,1,0,0,0,0,1,0,1,0,0,0,0,0,0,0,0,0,0,0,1,0,0
0,0,1,0,65,1,0,58.900001525878906,3857.1,0,0,0,0,0,1,0,0,0,1,0,1,0,0,0,0,0,0,1,1,0,0
0,0,1,0,19,1,1,73.19999694824219,1441.1,1,0,0,1,0,1,0,0,0,0,0,0,0,0,0,0,0,0,0,0,1,0
1,0,0,0,52,1,1,85.3499984741211,4338.6,1,0,0,1,0,0,0,1,0,0,0,0,0,0,0,1,0,0,0,0,1,0
1,0,1,1,71,1,0,19.450000762939453,1378.45,0,0,0,0,1,0,1,0,1,0,1,0,1,0,1,0,1,0,1,0,0,1
0,0,0,0,1,1,0,45.95000076293945,45.95,1,0,0,0,0,0,0,0,0,0,0,0,0,0,0,0,0,0,0,0,0,1
0,1,0,0,52,0,1,50.5,2566.3,0,0,1,0,0,0,0,1,0,1,0,1,0,1,0,0,0,0,0,0,1,0
1,0,1,0,6,1,0,25.100000381469727,171.0,0,1,0,0,1,0,1,0,1,0,1,0,1,0,1,0,1,1,0,0,0,1
0,1,1,0,26,1,0,60.70000076293945,1597.4,0,0,0,0,0,0,0,0,0,1,0,0,0,0,0,1,0,1,0,0,0,1
1,1,0,0,48,1,1,99.0,4744.35,0,1,0,1,0,0,0,1,0,0,0,0,0,1,0,1,0,1,0,0,1,0
0,0,1,1,64,1,1,104.4000015258789,6721.6,0,1,0,1,0,1,0,0,0,0,0,1,0,1,0,1,0,1,0,0,0,0
0,0,0,0,3,1,0,83.75,247.25,1,0,0,1,0,0,0,1,0,0,0,0,0,1,0,0,0,0,0,0,1,0
1,0,0,0,1,1,1,44.04999923706055,44.05,0,0,0,0,0,0,0,0,0,0,0,0,0,0,0,0,0,0,0,0,0,0
1,0,1,1,72,1,0,24.100000381469727,1734.65,0,1,0,0,1,0,1,0,1,0,1,0,1,0,1,0,1,0,1,1,0,0
1,0,0,0,1,1,1,45.54999923706055,45.55,0,0,0,0,0,0,0,0,0,0,0,0,0,0,0,0,0,0,0,0,0,1
0,0,1,1,51,1,1,93.80000305175781,4539.35,0,1,0,1,0,1,0,1,0,0,0,0,0,0,0,1,0,0,0,0,1,0
0,0,1,1,41,1,0,19.700000762939453,804.25,0,0,0,0,1,0,1,0,1,0,1,0,1,0,1,0,1,0,1,0,0,0
0,0,1,1,72,1,1,70.6500015258789,5011.15,0,0,0,0,0,1,0,1,0,1,0,0,0,1,0,0,0,0,1,1,0,0
0,0,1,0,43,1,0,86.44999694824219,3574.5,0,1,0,0,0,1,0,1,0,0,0,1,0,1,0,1,0,0,1,1,0,0
1,0,1,0,72,1,1,114.0999984741211,8086.4,0,1,0,1,0,1,0,1,0,1,0,1,0,1,0,1,0,0,1,1,0,0
1,0,1,0,47,1,1,95.19999694824219,4563.0,0,1,0,1,0,0,0,0,0,0,0,0,0,1,0,1,0,1,0,1,0,0
1,0,0,0,72,1,0,88.55000305175781,6362.35,0,1,0,0,0,1,0,1,0,1,0,1,0,1,0,1,0,0,1,1,0,0
1,0,0,0,3,1,1,20.75,67.1,0,0,0,0,1,0,1,0,1,0,1,0,1,0,1,0,1,0,0,1,0,0
1,0,0,0,1,1,1,70.05000305175781,70.05,1,0,0,1,0,0,0,0,0,0,0,0,0,0,0,0,0,0,0,0,1,0
1,0,0,0,2,1,1,86.0,165.45,1,1,0,1,0,0,0,0,0,0,0,0,0,0,0,1,0,0,0,0,1,0
1,0,0,0,26,0,1,44.650001525878906,1156.55,0,0,1,0,0,1,0,1,0,0,0,0,0,0,0,1,0,0,0,0,0,0
1,0,1,1,29,1,1,60.20000076293945,1834.15,0,0,0,0,0,1,0,0,0,0,0,0,0,0,0,1,0,0,0,0,0,1
0,1,1,0,35,1,1,100.5,3653.35,1,1,0,1,0,1,0,1,0,0,0,1,0,1,0,0,0,0,0,0,0,0
1,0,0,0,27,1,0,55.45000076293945,1477.65,0,0,0,0,0,1,0,1,0,0,0,0,0,0,0,0,0,1,0,0,0,0
1,0,1,1,24,1,1,70.30000305175781,1706.45,0,0,0,0,0,1,0,1,0,0,0,1,0,0,0,1,0,0,0,1,0,0
1,0,1,1,67,1,1,60.400001525878906,3953.7,0,0,0,0,0,1,0,0,0,1,0,1,0,0,0,0,0,0,1,0,0,0
0,0,0,0,16,1,0,72.6500015258789,1194.3,1,1,0,1,0,0,0,0,0,0,0,0,0,0,0,0,0,0,0,0,1,0
0,0,0,0,23,1,0,55.79999923706055,1327.85,0,0,0,0,0,0,0,1,0,1,0,0,0,0,0,0,0,1,0,0,0,0
1,0,0,0,14,0,1,31.100000381469727,419.7,0,0,1,0,0,0,0,1,0,0,0,0,0,0,0,0,0,0,0,0,0,1
0,0,1,1,1,1,1,21.0,21.0,1,0,0,0,1,0,1,0,1,0,1,0,1,0,1,0,1,0,0,0,1,0
0,1,0,0,1,1,0,45.099998474121094,45.1,1,0,0,0,0,0,0,0,0,0,0,0,0,0,0,0,0,0,0,0,0,1
1,1,0,0,4,0,1,50.95000076293945,207.35,0,0,1,0,0,0,0,1,0,0,0,0,0,1,0,1,0,0,0,1,0,0
1,0,0,1,16,1,1,69.0999984741211,1083.7,0,1,0,0,0,1,0,1,0,0,0,0,0,0,0,1,0,0,0,0,1,0
0,0,1,0,46,0,1,43.95000076293945,2007.85,0,0,1,0,0,0,0,0,0,0,0,0,0,1,0,1,0,0,0,0,1,0
1,0,0,1,68,1,1,86.5,5882.75,0,1,0,0,0,1,0,1,0,0,0,1,0,1,0,1,0,0,1,0,0,0
1,0,0,0,38,1,0,69.94999694824219,2657.55,0,1,0,0,0,1,0,1,0,1,0,1,0,0,0,0,0,0,0,0,1,0
1,1,1,0,30,1,1,50.400001525878906,1527.5,1,0,0,0,0,0,0,1,0,0,0,0,0,0,0,0,0,0,0,0,0,0
0,1,0,0,5,1,0,78.94999694824219,378.4,1,0,0,1,0,0,0,0,0,0,0,0,0,0,0,1,0,0,0,0,1,0
1,0,0,0,17,1,1,90.94999694824219,1612.2,0,0,0,1,0,0,0,1,0,1,0,0,0,0,0,1,0,0,0,1,0,0
1,0,1,1,4,1,0,19.899999618530273,76.65,0,0,0,0,1,0,1,0,1,0,1,0,1,0,1,0,1,0,1,0,0,1
0,0,0,0,12,1,0,20.149999618530273,260.7,0,0,0,0,1,0,1,0,1,0,1,0,1,0,1,0,1,1,0,0,1,0
1,0,1,1,72,1,1,90.5999984741211,6441.85,0,1,0,0,0,1,0,1,0,1,0,1,0,1,0,1,0,0,1,1,0,0
1,0,0,0,3,1,1,92.0,266.8,0,0,0,1,0,0,0,0,0,0,0,0,0,1,0,1,0,0,0,0,1,0
1,0,0,0,56,1,1,94.44999694824219,5124.6,1,1,0,1,0,0,0,1,0,0,0,1,0,0,0,1,0,0,0,0,1,0
0,0,0,0,41,1,1,24.850000381469727,962.25,0,1,0,0,1,0,1,0,1,0,1,0,1,0,1,0,1,1,0,0,0,1
1,0,0,0,40,0,0,36.0,1382.9,0,0,1,0,0,0,0,1,0,0,0,1,0,0,0,0,0,1,0,1,0,0
0,0,0,0,7,1,1,78.5,571.05,0,0,0,0,0,1,0,1,0,0,0,1,0,1,0,1,0,0,0,0,1,0
1,0,0,0,69,1,0,19.950000762939453,1399.35,0,0,0,0,1,0,1,0,1,0,1,0,1,0,1,0,1,0,1,1,0,0
1,0,1,1,7,1,0,20.649999618530273,150.0,0,0,0,0,1,0,1,0,1,0,1,0,1,0,1,0,1,1,0,0,0,1
0,0,1,1,5,0,1,30.5,167.2,0,0,1,0,0,0,0,1,0,0,0,0,0,0,0,0,0,0,0,0,1,0
0,0,1,1,72,1,0,106.0999984741211,7657.4,0,1,0,1,0,1,0,1,0,1,0,1,0,1,0,0,0,0,1,1,0,0
1,0,1,1,44,1,1,20.5,865.05,0,0,0,0,1,0,1,0,1,0,1,0,1,0,1,0,1,1,0,0,0,0
0,0,0,0,65,1,1,95.5,6153.85,0,1,0,1,0,0,0,1,0,1,0,0,0,1,0,0,0,1,0,0,1,0
0,0,0,0,3,1,0,64.5999984741211,174.2,0,1,0,0,0,0,0,0,0,0,0,1,0,1,0,0,0,0,0,0,1,0
1,0,0,0,24,1,1,51.099998474121094,1269.6,0,0,0,0,0,0,0,0,0,0,0,1,0,0,0,0,0,0,0,1,0,0
0,0,0,0,44,1,1,84.80000305175781,3862.55,1,1,0,1,0,0,0,1,0,1,0,0,0,0,0,0,0,0,0,0,0,0
0,1,1,0,72,1,0,89.0999984741211,6352.4,0,1,0,0,0,1,0,1,0,1,0,1,0,1,0,1,0,0,1,1,0,0
1,0,0,0,24,1,0,54.95000076293945,1348.5,0,0,0,0,0,1,0,0,0,0,0,1,0,0,0,0,0,0,0,0,1,0
1,0,0,0,1,1,0,50.900001525878906,50.9,1,0,0,0,0,0,0,0,0,1,0,0,0,0,0,0,0,0,0,0,0,1
1,0,1,0,22,1,1,20.450000762939453,471.55,0,0,0,0,1,0,1,0,1,0,1,0,1,0,1,0,1,0,0,0,0,0
1,0,1,1,70,1,1,85.94999694824219,5931.75,0,1,0,0,0,0,0,1,0,1,0,1,0,1,0,1,0,0,1,1,0,0
1,0,1,1,25,1,0,60.349998474121094,1404.65,0,1,0,0,0,0,0,0,0,0,0,0,0,1,0,0,0,0,0,0,1,0
1,0,1,1,37,1,0,19.799999237060547,726.1,0,0,0,0,1,0,1,0,1,0,1,0,1,0,1,0,1,0,1,0,0,0
0,1,1,1,22,1,0,85.3499984741211,1961.6,0,1,0,1,0,0,0,0,0,0,0,0,0,1,0,0,0,0,0,0,0,0
0,0,1,1,59,1,1,72.0999984741211,4194.85,0,1,0,0,0,0,0,0,0,1,0,1,0,1,0,0,0,0,1,0,0,0
1,0,1,1,49,1,1,99.80000305175781,4872.45,1,1,0,1,0,0,0,0,0,1,0,0,0,1,0,1,0,0,0,0,1,0
1,0,1,1,47,1,1,107.3499984741211,5118.95,1,1,0,1,0,0,0,0,0,1,0,1,0,1,0,1,0,0,0,0,0,0
0,0,1,1,31,1,1,19.549999237060547,658.95,1,0,0,0,1,0,1,0,1,0,1,0,1,0,1,0,1,0,0,0,0,1
1,0,1,1,1,1,1,81.05000305175781,81.05,0,0,0,1,0,0,0,0,0,0,0,0,0,0,0,1,0,0,0,0,1,0
1,0,0,0,3,1,1,20.5,76.95,0,0,0,0,1,0,1,0,1,0,1,0,1,0,1,0,1,0,0,0,1,0
0,0,1,0,53,1,1,111.80000305175781,5809.75,0,1,0,1,0,0,0,1,0,1,0,1,0,1,0,1,0,1,0,0,0,0
1,0,0,0,1,1,0,20.200000762939453,20.2,0,0,0,0,1,0,1,0,1,0,1,0,1,0,1,0,1,0,0,0,0,1
1,0,0,0,20,1,1,19.700000762939453,415.9,0,0,0,0,1,0,1,0,1,0,1,0,1,0,1,0,1,1,0,0,0,1
0,0,0,0,3,1,1,79.0999984741211,246.5,1,0,0,1,0,1,0,1,0,0,0,0,0,0,0,0,0,0,0,0,1,0
0,0,0,0,51,1,1,19.850000381469727,996.95,0,0,0,0,1,0,1,0,1,0,1,0,1,0,1,0,1,1,0,0,0,0
0,0,1,0,51,1,1,60.5,3145.15,0,0,0,0,0,1,0,1,0,0,0,1,0,0,0,0,0,1,0,0,0,0
0,0,1,1,13,1,0,19.549999237060547,265.3,0,0,0,0,1,0,1,0,1,0,1,0,1,0,1,0,1,0,1,0,0,1
0,0,0,0,1,1,0,20.899999618530273,20.9,0,0,0,0,1,0,1,0,1,0,1,0,1,0,1,0,1,0,0,0,0,1
1,0,0,1,1,1,1,21.049999237060547,21.05,0,0,0,0,1,0,1,0,1,0,1,0,1,0,1,0,1,0,0,0,0,1
1,0,0,0,63,1,0,71.5,4576.3,0,1,0,0,0,1,0,1,0,1,0,1,0,0,0,0,0,1,0,0,1,0
1,0,0,0,3,1,0,54.650001525878906,189.1,0,0,0,0,0,0,0,0,0,0,0,0,0,0,0,1,0,0,0,0,0,1
1,0,0,0,46,1,0,19.200000762939453,908.15,0,0,0,0,1,0,1,0,1,0,1,0,1,0,1,0,1,0,1,1,0,0
1,0,0,0,1,1,1,49.79999923706055,49.8,0,1,0,0,0,0,0,0,0,0,0,0,0,0,0,0,0,0,0,1,0,0
1,0,0,1,8,0,0,25.5,215.2,1,0,1,0,0,0,0,0,0,0,0,0,0,0,0,0,0,0,0,0,0,1
0,0,1,1,71,1,0,20.5,1500.95,0,0,0,0,1,0,1,0,1,0,1,0,1,0,1,0,1,0,1,0,0,0
1,0,1,1,55,1,1,90.4000015258789,5099.15,0,1,0,1,0,0,0,0,0,1,0,0,0,1,0,0,0,0,0,1,0,0
0,0,0,0,70,1,1,90.25,6385.95,0,1,0,1,0,0,0,1,0,1,0,1,0,0,0,0,0,1,0,0,0,0
0,0,0,0,2,1,0,80.75,159.45,1,0,0,1,0,0,0,0,0,0,0,0,0,0,0,1,0,0,0,0,1,0
1,0,1,1,67,1,0,104.5999984741211,6885.75,0,1,0,1,0,1,0,0,0,0,0,1,0,1,0,1,0,0,1,0,0,0
1,0,1,0,65,1,1,91.8499984741211,5940.85,1,1,0,1,0,0,0,1,0,0,0,0,0,1,0,0,0,0,0,0,0,0
1,0,1,0,14,1,0,50.20000076293945,668.85,0,0,0,0,0,0,0,0,0,1,0,0,0,0,0,0,0,0,0,1,0,0
0,0,1,1,20,1,1,95.5,1916.2,0,1,0,1,0,0,0,0,0,1,0,1,0,0,0,1,0,0,0,0,0,0
1,0,0,1,1,1,1,75.3499984741211,75.35,1,0,0,1,0,0,0,1,0,0,0,0,0,0,0,0,0,0,0,0,1,0
1,0,0,0,1,1,1,75.44999694824219,75.45,1,1,0,1,0,0,0,0,0,0,0,0,0,0,0,0,0,0,0,0,1,0
0,0,1,1,49,1,1,95.4000015258789,4613.95,0,1,0,1,0,0,0,0,0,0,0,0,0,1,0,1,0,0,0,0,0,0
0,0,0,0,72,1,1,101.30000305175781,7261.25,0,1,0,1,0,1,0,1,0,1,0,0,0,1,0,0,0,0,1,0,0,0
0,0,1,0,46,1,0,53.099998474121094,2459.8,0,1,0,0,0,1,0,0,0,0,0,0,0,0,0,0,0,0,0,0,1,0
1,0,0,0,24,1,1,84.8499984741211,2048.8,0,1,0,1,0,0,0,1,0,1,0,0,0,0,0,0,0,0,0,0,0,0
0,0,1,1,5,0,0,34.25,163.55,0,0,1,0,0,0,0,1,0,0,0,1,0,0,0,0,0,0,0,0,1,0
0,0,1,1,33,1,0,88.5999984741211,2888.7,0,1,0,1,0,0,0,1,0,1,0,1,0,0,0,0,0,0,0,1,0,0
0,0,0,0,42,1,1,60.150001525878906,2421.6,0,1,0,0,0,1,0,1,0,0,0,0,0,0,0,0,0,1,0,0,0,0
1,0,0,0,23,1,1,99.94999694824219,2292.75,0,0,0,1,0,1,0,0,0,1,0,0,0,1,0,1,0,1,0,1,0,0
1,0,0,0,8,1,0,70.69999694824219,553.4,0,0,0,1,0,0,0,0,0,0,0,0,0,0,0,0,0,0,0,0,0,0
1,0,0,0,66,1,1,54.79999923706055,3465.7,0,0,0,0,0,1,0,1,0,0,0,0,0,0,0,0,0,1,0,0,0,1
1,0,0,0,24,1,1,49.54999923706055,1210.4,1,0,0,0,0,1,0,0,0,0,0,0,0,0,0,0,0,0,0,0,0,0
1,1,0,0,24,1,0,54.79999923706055,1291.3,0,1,0,0,0,0,0,1,0,0,0,0,0,0,0,0,0,0,0,1,0,0
1,0,0,0,69,1,1,78.5999984741211,5356.45,1,1,0,0,0,1,0,1,0,1,0,1,0,0,0,1,0,1,0,1,0,0
0,0,0,0,53,1,1,100.30000305175781,5200.8,0,0,0,1,0,0,0,1,0,1,0,0,0,1,0,1,0,1,0,0,0,1
0,0,0,0,60,0,0,53.599998474121094,3237.05,0,0,1,0,0,1,0,0,0,1,0,0,0,1,0,1,0,0,1,0,1,0
0,0,1,0,7,1,1,81.0999984741211,576.65,1,0,0,1,0,0,0,0,0,0,0,0,0,1,0,0,0,0,0,0,1,0
0,0,0,0,20,1,1,19.350000381469727,433.75,0,0,0,0,1,0,1,0,1,0,1,0,1,0,1,0,1,1,0,1,0,0
0,0,1,1,23,1,0,85.5999984741211,1868.4,0,1,0,1,0,0,0,0,0,0,0,0,0,0,0,1,0,0,0,0,1,0
1,0,1,1,72,1,1,80.80000305175781,5728.55,0,0,0,0,0,1,0,0,0,1,0,1,0,1,0,1,0,0,1,0,1,0
1,0,1,0,11,1,1,74.94999694824219,825.7,1,1,0,1,0,0,0,0,0,0,0,0,0,0,0,0,0,0,0,0,1,0
1,0,0,0,21,1,0,19.600000381469727,390.4,0,0,0,0,1,0,1,0,1,0,1,0,1,0,1,0,1,0,1,0,0,1
1,1,0,0,1,1,1,93.55000305175781,93.55,1,1,0,1,0,0,0,0,0,0,0,0,0,1,0,1,0,0,0,0,1,0
1,1,0,0,31,1,1,90.69999694824219,2845.15,0,1,0,1,0,0,0,1,0,0,0,0,0,1,0,0,0,0,0,0,1,0
0,0,0,0,57,1,0,69.75,3894.4,0,0,0,0,0,0,0,1,0,1,0,1,0,1,0,0,0,0,1,0,0,1
0,0,1,1,45,1,1,20.0,886.4,0,0,0,0,1,0,1,0,1,0,1,0,1,0,1,0,1,0,1,0,0,0
1,0,0,0,10,1,1,95.25,1021.55,0,1,0,1,0,0,0,1,0,1,0,0,0,0,0,1,0,0,0,0,1,0
0,0,1,0,58,1,1,102.0999984741211,5885.4,1,1,0,1,0,0,0,0,0,1,0,1,0,1,0,1,0,0,0,1,0,0
1,0,0,1,14,1,0,19.950000762939453,268.4,0,0,0,0,1,0,1,0,1,0,1,0,1,0,1,0,1,0,0,0,0,1
1,0,1,0,27,1,0,80.8499984741211,2204.35,0,1,0,0,0,1,0,0,0,0,0,1,0,1,0,1,0,1,0,0,0,1
0,0,1,1,14,1,1,90.9000015258789,1259.0,1,1,0,1,0,0,0,1,0,0,0,0,0,0,0,1,0,0,0,0,0,0
0,0,1,1,12,0,0,29.200000762939453,309.1,1,0,1,0,0,0,0,1,0,0,0,0,0,0,0,0,0,0,0,0,0,1
0,0,1,1,69,1,1,93.30000305175781,6398.05,0,1,0,1,0,0,0,1,0,0,0,1,0,0,0,1,0,0,1,0,0,0
0,0,1,1,25,1,1,89.1500015258789,2257.75,1,0,0,1,0,0,0,1,0,1,0,0,0,1,0,0,0,0,0,0,0,0
1,1,1,0,58,1,1,108.8499984741211,6287.25,1,1,0,1,0,1,0,1,0,1,0,0,0,1,0,1,0,1,0,0,1,0
0,0,1,1,35,0,1,46.349998474121094,1662.05,0,0,1,0,0,1,0,0,0,0,0,1,0,1,0,0,0,0,1,1,0,0
0,1,0,0,16,1,1,84.75,1350.15,1,1,0,1,0,0,0,0,0,0,0,0,0,1,0,0,0,0,0,0,1,0
1,0,1,1,45,1,0,78.75,3600.65,0,1,0,0,0,0,0,1,0,1,0,0,0,1,0,1,0,1,0,1,0,0
0,0,0,0,17,1,1,83.55000305175781,1329.15,0,0,0,1,0,0,0,1,0,0,0,0,0,1,0,0,0,0,0,0,1,0
0,0,1,1,1,1,1,45.70000076293945,45.7,1,0,0,0,0,0,0,0,0,0,0,0,0,0,0,0,0,0,0,0,1,0
1,0,0,0,22,1,0,19.600000381469727,422.5,0,0,0,0,1,0,1,0,1,0,1,0,1,0,1,0,1,1,0,0,0,1
0,1,0,0,1,1,1,69.94999694824219,69.95,1,0,0,1,0,0,0,0,0,0,0,0,0,0,0,0,0,0,0,0,1,0
1,0,1,1,67,1,0,67.8499984741211,4627.65,0,0,0,0,0,1,0,0,0,1,0,1,0,0,0,1,0,0,1,0,0,1
0,0,1,1,67,1,1,105.6500015258789,6717.9,0,1,0,1,0,0,0,0,0,1,0,1,0,1,0,1,0,0,1,0,0,0
0,0,1,0,2,0,0,44.599998474121094,97.1,1,0,1,0,0,0,0,0,0,0,0,0,0,1,0,1,0,0,0,0,1,0
1,0,0,0,23,1,1,74.94999694824219,1710.45,1,1,0,1,0,0,0,0,0,0,0,0,0,0,0,0,0,0,0,0,1,0
0,1,0,0,9,1,0,75.5,637.4,0,0,0,1,0,0,0,0,0,1,0,0,0,0,0,0,0,0,0,1,0,0
0,0,0,0,5,1,0,20.149999618530273,117.95,0,0,0,0,1,0,1,0,1,0,1,0,1,0,1,0,1,0,0,0,0,1
1,0,0,0,54,0,0,45.20000076293945,2460.55,0,0,1,0,0,1,0,0,0,0,0,1,0,1,0,0,0,0,1,1,0,0
0,0,0,0,57,1,1,95.25,5464.65,1,0,0,1,0,0,0,0,0,1,0,0,0,1,0,1,0,0,1,0,1,0
1,0,0,0,24,1,1,89.8499984741211,2165.05,1,1,0,1,0,0,0,0,0,1,0,0,0,1,0,0,0,0,0,0,0,1
0,0,1,1,49,1,0,100.44999694824219,4941.8,1,1,0,1,0,0,0,1,0,0,0,0,0,1,0,1,0,1,0,0,0,1
1,0,0,0,5,1,0,47.150001525878906,223.15,1,1,0,0,0,0,0,0,0,0,0,0,0,0,0,0,0,0,0,0,1,0
1,0,0,0,2,1,1,80.19999694824219,181.1,1,0,0,1,0,0,0,0,0,0,0,0,0,0,0,1,0,0,0,0,1,0
0,0,0,1,4,1,1,87.0999984741211,341.45,1,1,0,1,0,0,0,0,0,1,0,1,0,0,0,0,0,0,0,0,0,1
1,0,1,1,70,1,1,79.25,5731.85,0,1,0,0,0,1,0,1,0,1,0,1,0,1,0,0,0,0,1,0,0,0
1,0,0,0,5,1,1,75.9000015258789,357.75,1,1,0,1,0,0,0,0,0,0,0,0,0,0,0,0,0,0,0,0,0,0
1,0,1,1,53,1,0,85.69999694824219,4616.1,0,1,0,0,0,1,0,0,0,1,0,1,0,1,0,1,0,0,0,0,1,0
0,0,1,0,47,1,1,98.75,4533.7,1,1,0,1,0,1,0,1,0,1,0,0,0,1,0,0,0,0,0,0,1,0
0,0,0,1,31,1,0,20.100000381469727,589.25,0,0,0,0,1,0,1,0,1,0,1,0,1,0,1,0,1,1,0,1,0,0
1,0,1,1,13,1,0,61.79999923706055,750.1,0,0,0,0,0,0,0,1,0,1,0,1,0,0,0,0,0,0,0,0,0,0
0,0,1,1,28,1,0,49.900001525878906,1410.25,0,1,0,0,0,0,0,0,0,0,0,0,0,0,0,0,0,0,0,0,0,1
0,0,0,0,10,1,0,86.44999694824219,830.85,1,1,0,1,0,0,0,0,0,0,0,0,0,0,0,1,0,0,0,0,1,0
1,0,1,0,38,1,0,20.399999618530273,743.5,0,0,0,0,1,0,1,0,1,0,1,0,1,0,1,0,1,0,1,0,0,0
0,0,0,0,1,1,1,45.29999923706055,45.3,1,0,0,0,0,0,0,0,0,0,0,0,0,0,0,0,0,0,0,0,0,1
1,0,1,0,67,1,0,104.0999984741211,7040.85,1,1,0,1,0,0,0,1,0,1,0,0,0,1,0,1,0,1,0,0,1,0
1,0,1,0,52,1,1,75.4000015258789,3865.45,0,0,0,0,0,1,0,1,0,0,0,0,0,1,0,1,0,1,0,0,0,1
1,0,1,1,62,1,0,108.1500015258789,6825.65,0,0,0,1,0,1,0,1,0,1,0,1,0,1,0,1,0,0,1,0,0,1
0,0,0,0,16,1,1,86.25,1340.1,0,0,0,1,0,0,0,1,0,0,0,0,0,0,0,1,0,0,0,0,1,0
0,1,1,0,5,1,1,81.0,371.65,1,1,0,1,0,0,0,1,0,0,0,0,0,0,0,0,0,0,0,0,1,0
1,0,0,0,12,1,0,95.69999694824219,1184.0,0,0,0,1,0,0,0,0,0,1,0,0,0,1,0,1,0,1,0,0,1,0
0,0,1,1,72,1,1,116.8499984741211,8477.7,0,1,0,1,0,1,0,1,0,1,0,1,0,1,0,1,0,0,1,0,0,0
1,1,0,0,71,1,0,105.75,7382.85,0,1,0,1,0,0,0,1,0,0,0,1,0,1,0,1,0,1,0,0,0,0
0,0,1,0,24,1,0,20.149999618530273,456.85,0,0,0,0,1,0,1,0,1,0,1,0,1,0,1,0,1,1,0,0,0,1
0,0,0,0,15,1,0,19.600000381469727,331.6,0,0,0,0,1,0,1,0,1,0,1,0,1,0,1,0,1,0,1,0,0,1
1,0,1,0,67,1,1,90.5999984741211,6056.15,1,0,0,1,0,1,0,1,0,0,0,0,0,0,0,1,0,1,0,1,0,0
1,0,0,1,2,1,0,60.95000076293945,134.6,0,1,0,0,0,1,0,1,0,0,0,0,0,0,0,0,0,0,0,0,0,0
0,0,1,1,5,0,0,25.049999237060547,125.5,0,0,1,0,0,0,0,0,0,0,0,0,0,0,0,0,0,0,0,0,0,1
0,0,1,0,15,1,0,88.1500015258789,1390.6,1,0,0,1,0,0,0,0,0,0,0,0,0,1,0,1,0,0,0,0,1,0
1,0,0,0,1,1,1,20.200000762939453,20.2,1,0,0,0,1,0,1,0,1,0,1,0,1,0,1,0,1,0,0,0,0,1
1,0,1,1,41,1,1,60.29999923706055,2511.3,0,0,0,0,0,1,0,1,0,1,0,0,0,0,0,0,0,1,0,0,0,0
0,0,0,1,43,1,1,63.95000076293945,2737.05,0,0,0,0,0,1,0,1,0,0,0,0,0,0,0,1,0,0,0,0,1,0
1,1,1,0,1,1,0,74.30000305175781,74.3,0,1,0,1,0,0,0,0,0,0,0,0,0,0,0,0,0,0,0,0,1,0
0,1,0,0,1,1,1,70.5999984741211,70.6,0,0,0,1,0,0,0,0,0,0,0,0,0,0,0,0,0,0,0,0,0,1
0,0,1,1,26,1,1,90.80000305175781,2361.8,1,0,0,1,0,0,0,0,0,0,0,0,0,1,0,1,0,0,0,0,1,0
1,0,0,0,22,1,1,79.3499984741211,1730.35,1,1,0,1,0,0,0,1,0,0,0,0,0,0,0,0,0,0,0,0,1,0
1,0,1,0,71,1,0,90.55000305175781,6404.0,0,1,0,0,0,1,0,1,0,1,0,1,0,1,0,1,0,0,1,0,0,0
1,0,0,0,7,1,0,19.450000762939453,165.35,0,0,0,0,1,0,1,0,1,0,1,0,1,0,1,0,1,0,1,0,0,1
0,1,0,0,28,1,0,64.44999694824219,1867.6,0,1,0,0,0,0,0,1,0,1,0,1,0,0,0,0,0,0,0,0,0,0
1,1,0,0,16,1,0,69.6500015258789,1043.3,0,0,0,1,0,0,0,0,0,0,0,0,0,0,0,0,0,0,0,0,1,0
1,0,0,0,7,1,0,19.5,128.6,0,0,0,0,1,0,1,0,1,0,1,0,1,0,1,0,1,1,0,0,0,1
0,0,0,0,69,1,1,110.5,7455.45,0,1,0,1,0,0,0,1,0,1,0,1,0,1,0,1,0,0,1,0,0,0
0,0,0,1,1,0,0,24.700000762939453,24.7,0,0,1,0,0,0,0,0,0,0,0,0,0,0,0,0,0,0,0,0,0,1
1,0,0,0,3,1,1,77.4000015258789,206.15,0,0,0,0,0,1,0,0,0,1,0,0,0,1,0,1,0,0,0,0,1,0
1,1,0,0,21,1,1,96.80000305175781,2030.3,1,0,0,1,0,0,0,0,0,1,0,0,0,1,0,1,0,0,0,0,0,0
0,0,1,0,69,1,1,85.4000015258789,5869.4,0,1,0,1,0,0,0,1,0,1,0,0,0,0,0,0,0,0,0,0,0,0
0,0,1,0,71,0,1,47.599998474121094,3377.8,0,0,1,0,0,1,0,1,0,1,0,1,0,0,0,0,0,0,1,0,0,0
0,0,1,1,69,1,0,19.399999618530273,1346.2,0,0,0,0,1,0,1,0,1,0,1,0,1,0,1,0,1,0,1,0,0,1
0,0,0,0,48,1,1,103.8499984741211,4946.05,0,1,0,1,0,0,0,0,0,1,0,1,0,1,0,1,0,0,0,0,1,0
1,0,1,0,47,1,1,83.3499984741211,4065.0,1,1,0,1,0,0,0,1,0,1,0,0,0,0,0,0,0,0,0,0,0,0
0,0,0,0,2,1,1,49.400001525878906,106.55,1,1,0,0,0,0,0,0,0,0,0,0,0,0,0,0,0,0,0,0,1,0
1,0,0,0,45,1,1,108.44999694824219,4964.7,0,1,0,1,0,1,0,0,0,1,0,1,0,1,0,1,0,0,0,1,0,0
1,0,0,0,51,1,0,81.0,4085.75,0,1,0,1,0,0,0,1,0,0,0,0,0,0,0,0,0,0,0,0,0,0
0,0,1,0,22,1,1,79.19999694824219,1742.75,1,1,0,0,0,1,0,0,0,0,0,1,0,1,0,1,0,0,0,0,1,0
1,0,0,0,72,1,0,86.6500015258789,6224.8,0,1,0,0,0,1,0,1,0,1,0,1,0,1,0,1,0,0,1,0,0,0
1,0,1,1,37,1,1,92.94999694824219,3415.25,0,1,0,1,0,0,0,1,0,1,0,0,0,1,0,0,0,0,0,0,1,0
1,0,1,1,71,1,0,90.3499984741211,6325.25,0,1,0,0,0,1,0,1,0,1,0,1,0,1,0,1,0,0,1,0,1,0
1,0,1,1,7,1,0,48.70000076293945,340.25,1,0,0,0,0,0,0,0,0,1,0,0,0,0,0,0,0,0,0,0,1,0
0,0,0,0,66,1,1,25.149999618530273,1683.6,0,1,0,0,1,0,1,0,1,0,1,0,1,0,1,0,1,0,1,1,0,0
1,0,1,1,51,1,1,76.4000015258789,3966.3,0,0,0,0,0,1,0,0,0,0,0,1,0,1,0,1,0,1,0,0,0,0
0,0,1,1,30,1,0,19.549999237060547,608.5,0,0,0,0,1,0,1,0,1,0,1,0,1,0,1,0,1,1,0,0,0,0
0,0,0,0,34,1,0,85.3499984741211,2896.6,0,1,0,1,0,0,0,0,0,0,0,0,0,1,0,0,0,0,0,0,1,0
1,0,1,1,64,1,1,24.799999237060547,1514.85,0,1,0,0,1,0,1,0,1,0,1,0,1,0,1,0,1,0,1,0,0,1
1,1,1,0,65,1,1,103.1500015258789,6792.45,0,1,0,1,0,0,0,1,0,1,0,0,0,1,0,1,0,1,0,0,0,0
1,0,0,0,47,1,0,100.75,4669.2,0,1,0,1,0,1,0,1,0,0,0,1,0,1,0,0,0,0,0,0,0,1
0,0,0,0,1,1,1,95.5999984741211,95.6,1,0,0,1,0,1,0,0,0,0,0,0,0,1,0,1,0,0,0,0,1,0
0,0,0,0,49,1,1,59.75,2934.3,1,1,0,0,0,1,0,1,0,0,0,0,0,0,0,0,0,0,0,1,0,0
0,0,1,1,67,1,0,94.0999984741211,6302.8,0,1,0,1,0,0,0,1,0,0,0,1,0,1,0,0,0,0,1,1,0,0
1,0,0,1,39,1,0,19.350000381469727,779.2,0,0,0,0,1,0,1,0,1,0,1,0,1,0,1,0,1,1,0,0,0,0
1,0,0,0,14,1,0,19.899999618530273,283.75,0,0,0,0,1,0,1,0,1,0,1,0,1,0,1,0,1,0,0,0,0,1
0,1,0,0,43,1,1,108.1500015258789,4600.7,1,0,0,1,0,1,0,1,0,0,0,1,0,1,0,1,0,0,0,1,0,0
1,1,0,0,56,1,1,101.05000305175781,5594.0,0,1,0,1,0,0,0,0,0,1,0,0,0,1,0,1,0,0,0,0,1,0
0,0,0,0,14,1,0,59.099998474121094,772.85,0,0,0,0,0,0,0,0,0,0,0,1,0,0,0,1,0,1,0,1,0,0
0,0,0,0,1,1,0,71.3499984741211,71.35,1,0,0,1,0,0,0,0,0,0,0,0,0,0,0,0,0,0,0,0,1,0
1,0,1,1,16,1,1,55.849998474121094,857.8,0,0,0,0,0,1,0,1,0,0,0,0,0,0,0,0,0,1,0,0,0,1
1,0,1,1,70,1,1,106.05000305175781,7554.05,0,1,0,1,0,1,0,1,0,0,0,0,0,1,0,1,0,0,0,0,1,0
1,1,1,0,72,1,1,84.0999984741211,5981.65,0,1,0,0,0,1,0,1,0,1,0,0,0,1,0,1,0,0,1,1,0,0
0,0,1,1,23,1,1,75.30000305175781,1702.9,0,0,0,1,0,0,0,0,0,1,0,0,0,0,0,0,0,0,0,1,0,0
1,0,0,1,21,1,0,24.700000762939453,467.15,0,1,0,0,1,0,1,0,1,0,1,0,1,0,1,0,1,0,0,0,0,1
0,0,0,0,1,1,1,20.149999618530273,20.15,1,0,0,0,1,0,1,0,1,0,1,0,1,0,1,0,1,0,0,0,0,1
1,0,0,1,1,1,0,69.75,69.75,1,0,0,1,0,0,0,0,0,0,0,0,0,0,0,0,0,0,0,0,0,0
0,1,1,0,32,1,1,93.19999694824219,2931.0,1,1,0,1,0,0,0,0,0,0,0,0,0,1,0,1,0,0,0,0,1,0
1,0,1,1,17,1,0,80.8499984741211,1400.85,1,0,0,1,0,0,0,0,0,0,0,0,0,1,0,0,0,0,0,0,1,0
0,0,0,0,4,0,1,33.650001525878906,137.85,1,0,1,0,0,1,0,1,0,0,0,0,0,0,0,0,0,0,0,0,1,0
0,0,0,0,36,1,0,55.79999923706055,1941.5,0,1,0,0,0,0,0,0,0,1,0,0,0,0,0,0,0,1,0,0,1,0
0,0,0,0,50,0,0,39.70000076293945,1932.75,0,0,1,0,0,0,0,1,0,1,0,1,0,0,0,0,0,0,1,1,0,0
0,0,1,1,48,0,1,29.5,1423.05,0,0,1,0,0,0,0,0,0,0,0,1,0,0,0,0,0,0,0,1,0,0
0,0,0,1,50,1,0,20.149999618530273,970.85,0,0,0,0,1,0,1,0,1,0,1,0,1,0,1,0,1,0,1,1,0,0
1,0,1,0,72,1,0,79.55000305175781,5810.9,0,1,0,0,0,1,0,1,0,1,0,1,0,0,0,1,0,0,1,1,0,0
1,0,0,1,10,1,0,24.799999237060547,223.9,0,1,0,0,1,0,1,0,1,0,1,0,1,0,1,0,1,0,0,1,0,0
0,0,0,0,18,1,0,19.649999618530273,391.7,0,0,0,0,1,0,1,0,1,0,1,0,1,0,1,0,1,0,0,0,0,1
1,0,0,0,1,1,1,79.94999694824219,79.95,1,0,0,1,0,0,0,0,0,0,0,0,0,1,0,0,0,0,0,0,1,0
0,0,0,0,1,1,0,19.299999237060547,19.3,1,0,0,0,1,0,1,0,1,0,1,0,1,0,1,0,1,0,0,0,1,0
1,0,0,0,9,1,1,94.05000305175781,811.65,0,0,0,1,0,0,0,0,0,1,0,0,0,1,0,1,0,0,0,0,1,0
1,0,0,0,2,1,0,90.75,174.75,0,1,0,1,0,1,0,0,0,0,0,0,0,0,0,1,0,0,0,0,0,1
0,0,1,0,40,1,1,78.8499984741211,3126.85,0,1,0,1,0,0,0,0,0,0,0,1,0,0,0,0,0,0,0,1,0,0
1,0,1,0,69,1,0,99.5,6841.45,0,1,0,1,0,0,0,0,0,1,0,0,0,1,0,1,0,1,0,0,0,0
0,0,1,0,37,1,1,99.19999694824219,3754.6,1,1,0,1,0,1,0,0,0,1,0,1,0,0,0,1,0,1,0,0,1,0
1,0,0,1,18,1,1,80.55000305175781,1406.65,0,1,0,1,0,0,0,0,0,1,0,0,0,0,0,0,0,0,0,1,0,0
1,1,1,0,11,1,1,70.19999694824219,834.7,0,0,0,1,0,0,0,0,0,0,0,0,0,0,0,0,0,0,0,0,1,0
0,0,1,0,8,1,1,85.19999694824219,627.4,1,1,0,1,0,0,0,0,0,0,0,0,0,0,0,1,0,0,0,1,0,0
0,0,0,0,3,1,0,75.25,242.0,1,1,0,1,0,0,0,0,0,0,0,0,0,0,0,0,0,0,0,0,1,0
1,0,1,1,55,1,0,59.45000076293945,3157.0,0,0,0,0,0,1,0,0,0,0,0,0,0,0,0,1,0,1,0,1,0,0
1,0,1,0,33,1,1,93.3499984741211,3092.0,0,1,0,1,0,0,0,1,0,1,0,0,0,0,0,1,0,0,0,0,1,0
0,0,0,0,46,1,0,44.95000076293945,2168.9,0,0,0,0,0,0,0,0,0,0,0,0,0,0,0,0,0,0,0,0,0,0
1,0,0,0,34,1,0,26.100000381469727,980.35,0,1,0,0,1,0,1,0,1,0,1,0,1,0,1,0,1,0,1,0,0,0
0,0,0,0,3,1,0,20.200000762939453,65.95,0,0,0,0,1,0,1,0,1,0,1,0,1,0,1,0,1,0,0,0,1,0
1,0,1,1,30,1,0,21.25,711.9,0,0,0,0,1,0,1,0,1,0,1,0,1,0,1,0,1,0,1,0,0,1
0,0,0,0,33,1,0,59.400001525878906,1952.8,0,1,0,0,0,1,0,0,0,0,0,1,0,0,0,0,0,1,0,0,1,0
1,0,1,1,45,1,1,95.0,4368.85,0,1,0,1,0,0,0,1,0,1,0,0,0,0,0,1,0,1,0,1,0,0
1,0,0,0,40,1,1,61.900001525878906,2647.1,0,0,0,0,0,1,0,1,0,0,0,1,0,0,0,0,0,0,0,0,0,1
0,0,0,0,71,1,1,118.6500015258789,8477.6,0,1,0,1,0,1,0,1,0,1,0,1,0,1,0,1,0,0,1,0,1,0
1,0,0,0,1,1,0,54.349998474121094,54.35,1,1,0,0,0,0,0,0,0,1,0,0,0,0,0,0,0,0,0,0,1,0
0,0,1,1,72,0,0,64.44999694824219,4528.0,0,0,1,0,0,1,0,1,0,1,0,1,0,1,0,1,0,0,1,0,0,0
0,0,1,1,22,1,1,80.1500015258789,1790.65,0,0,0,1,0,0,0,0,0,0,0,0,0,0,0,1,0,0,0,0,1,0
1,0,1,1,46,1,1,20.200000762939453,845.6,0,0,0,0,1,0,1,0,1,0,1,0,1,0,1,0,1,1,0,0,0,0
0,0,1,1,55,1,0,21.0,1210.3,0,0,0,0,1,0,1,0,1,0,1,0,1,0,1,0,1,0,1,0,0,1
1,0,0,0,1,1,0,20.450000762939453,20.45,0,0,0,0,1,0,1,0,1,0,1,0,1,0,1,0,1,0,0,0,0,1
0,0,0,0,12,1,1,75.8499984741211,854.45,0,1,0,0,0,0,0,0,0,0,0,1,0,1,0,1,0,1,0,0,0,1
1,0,0,0,31,1,1,80.44999694824219,2429.1,0,1,0,1,0,0,0,1,0,0,0,0,0,0,0,0,0,0,0,0,1,0
1,0,1,0,5,0,1,24.950000762939453,100.4,1,0,1,0,0,0,0,0,0,0,0,0,0,0,0,0,0,0,0,0,1,0
0,0,1,1,67,1,1,75.5,5229.45,0,1,0,0,0,1,0,0,0,0,0,0,0,1,0,1,0,0,1,0,1,0
1,0,0,0,1,1,0,44.45000076293945,44.45,0,0,0,0,0,0,0,0,0,0,0,0,0,0,0,0,0,0,0,0,0,1
1,0,1,0,40,0,1,42.349998474121094,1716.45,1,0,1,0,0,1,0,1,0,1,0,0,0,0,0,0,0,1,0,0,1,0
1,0,1,1,41,1,1,74.55000305175781,3023.55,0,1,0,0,0,1,0,1,0,1,0,0,0,1,0,0,0,0,0,1,0,0
1,0,0,0,1,1,1,75.30000305175781,75.3,1,1,0,1,0,0,0,0,0,0,0,0,0,0,0,0,0,0,0,0,1,0
1,0,0,0,51,1,1,94.80000305175781,4837.6,1,1,0,1,0,1,0,1,0,0,0,0,0,1,0,0,0,1,0,0,1,0
1,0,1,1,42,0,0,48.150001525878906,2032.3,0,0,1,0,0,1,0,0,0,1,0,1,0,1,0,0,0,0,1,1,0,0
1,0,1,1,23,1,0,19.649999618530273,436.9,0,0,0,0,1,0,1,0,1,0,1,0,1,0,1,0,1,1,0,0,0,1
0,1,0,0,1,1,1,70.55000305175781,70.55,1,0,0,1,0,0,0,0,0,0,0,0,0,0,0,0,0,0,0,0,1,0
0,0,0,0,1,1,0,20.149999618530273,20.15,0,0,0,0,1,0,1,0,1,0,1,0,1,0,1,0,1,0,0,0,0,1
0,0,0,0,56,1,1,106.5999984741211,5893.95,0,1,0,1,0,1,0,1,0,0,0,0,0,1,0,1,0,0,0,1,0,0
1,0,0,1,15,1,1,91.0,1430.05,0,1,0,1,0,0,0,1,0,0,0,0,0,1,0,0,0,0,0,0,1,0
1,0,1,1,12,1,1,25.399999618530273,313.0,0,1,0,0,1,0,1,0,1,0,1,0,1,0,1,0,1,0,1,0,0,0
0,0,1,1,54,1,0,69.94999694824219,3871.85,0,0,0,0,0,1,0,0,0,1,0,1,0,0,0,1,0,0,1,0,0,0
0,0,0,0,7,1,1,66.8499984741211,458.1,0,0,0,0,0,0,0,0,0,0,0,0,0,1,0,1,0,0,0,0,1,0
0,0,1,1,33,1,0,86.1500015258789,2745.7,1,1,0,1,0,0,0,0,0,0,0,0,0,0,0,1,0,0,0,1,0,0
1,0,1,1,16,1,0,20.149999618530273,341.35,0,0,0,0,1,0,1,0,1,0,1,0,1,0,1,0,1,0,0,0,1,0
0,0,0,1,21,1,0,64.8499984741211,1336.8,0,0,0,0,0,1,0,0,0,1,0,0,0,0,0,1,0,1,0,0,0,1
1,1,1,0,30,1,0,74.8499984741211,2181.75,0,1,0,0,0,0,0,0,0,1,0,0,0,1,0,1,0,0,1,0,1,0
1,0,0,0,3,1,1,50.5,147.75,0,0,0,0,0,0,0,0,0,0,0,1,0,0,0,0,0,0,0,0,0,1
1,0,0,0,11,1,0,72.9000015258789,818.45,0,0,0,1,0,0,0,0,0,1,0,0,0,0,0,0,0,0,0,0,1,0
0,0,0,0,62,1,1,115.05000305175781,7133.45,0,1,0,1,0,1,0,1,0,1,0,1,0,1,0,1,0,1,0,1,0,0
1,0,0,0,18,1,0,19.0,348.8,0,0,0,0,1,0,1,0,1,0,1,0,1,0,1,0,1,0,0,0,1,0
1,0,0,1,6,1,0,19.549999237060547,128.6,0,0,0,0,1,0,1,0,1,0,1,0,1,0,1,0,1,0,0,0,0,1
0,0,0,0,46,1,1,101.0999984741211,4674.4,0,1,0,1,0,0,0,0,0,1,0,0,0,1,0,1,0,1,0,0,1,0
1,0,0,0,21,1,1,84.0999984741211,1737.45,0,1,0,1,0,0,0,0,0,0,0,0,0,0,0,1,0,0,0,0,1,0
1,0,0,0,68,1,1,24.149999618530273,1498.85,0,1,0,0,1,0,1,0,1,0,1,0,1,0,1,0,1,0,1,0,0,0
0,0,0,0,1,1,1,50.099998474121094,50.1,0,1,0,0,0,0,0,0,0,0,0,0,0,0,0,0,0,0,0,0,1,0
0,0,1,0,25,1,1,74.5999984741211,1797.75,0,0,0,1,0,0,0,0,0,1,0,0,0,0,0,0,0,0,0,0,1,0
0,0,0,1,24,1,0,19.75,498.1,0,0,0,0,1,0,1,0,1,0,1,0,1,0,1,0,1,0,1,0,0,1
0,0,1,0,30,1,1,85.0,2624.25,1,1,0,1,0,0,0,0,0,0,0,0,0,0,0,1,0,0,0,0,1,0
0,0,0,0,2,1,0,80.55000305175781,184.1,1,0,0,1,0,0,0,0,0,0,0,0,0,0,0,1,0,0,0,0,1,0
1,0,1,0,51,1,1,106.80000305175781,5498.8,0,1,0,1,0,0,0,1,0,1,0,0,0,1,0,1,0,1,0,0,0,0
0,0,1,1,57,1,1,84.5,4845.4,0,1,0,0,0,1,0,0,0,1,0,1,0,1,0,1,0,0,1,0,1,0
0,0,0,0,15,1,0,25.049999237060547,369.1,0,1,0,0,1,0,1,0,1,0,1,0,1,0,1,0,1,0,1,0,0,0
0,0,1,1,72,1,1,83.69999694824219,6096.9,0,0,0,0,0,1,0,1,0,1,0,1,0,1,0,1,0,0,1,0,0,0
0,0,0,0,2,1,1,75.80000305175781,160.75,1,0,0,1,0,0,0,0,0,1,0,0,0,0,0,0,0,0,0,0,1,0
1,0,1,0,28,1,0,96.5999984741211,2684.35,0,1,0,1,0,0,0,1,0,1,0,0,0,1,0,0,0,0,0,1,0,0
1,1,1,0,29,1,1,98.5,3004.15,1,1,0,1,0,0,0,0,0,1,0,0,0,1,0,1,0,0,0,0,1,0
1,0,1,1,70,1,1,101.0999984741211,6994.8,0,0,0,1,0,1,0,1,0,1,0,1,0,1,0,0,0,0,1,1,0,0
0,0,0,0,13,1,0,20.200000762939453,273.25,0,0,0,0,1,0,1,0,1,0,1,0,1,0,1,0,1,1,0,0,0,1
0,1,1,0,59,1,1,94.05000305175781,5483.9,0,1,0,1,0,1,0,1,0,1,0,1,0,0,0,0,0,1,0,0,1,0
1,1,1,0,13,1,1,95.25,1233.65,1,1,0,1,0,0,0,0,0,0,0,0,0,1,0,1,0,0,0,0,1,0
1,1,1,0,7,1,1,74.4000015258789,527.9,1,1,0,1,0,0,0,0,0,0,0,0,0,0,0,0,0,0,0,0,0,1
0,0,1,0,62,1,0,81.0,4985.9,0,0,0,0,0,1,0,0,0,1,0,1,0,1,0,1,0,0,1,0,0,1
0,0,0,0,21,1,1,60.25,1258.35,0,0,0,0,0,1,0,0,0,1,0,1,0,0,0,0,0,1,0,0,1,0
0,0,0,0,2,1,0,60.849998474121094,111.4,0,0,0,0,0,0,0,0,0,1,0,0,0,0,0,1,0,0,0,0,1,0
0,0,0,0,1,1,0,43.95000076293945,43.95,0,0,0,0,0,0,0,0,0,0,0,0,0,0,0,0,0,0,0,1,0,0
1,0,0,0,4,1,0,86.05000305175781,308.1,0,0,0,1,0,0,0,0,0,1,0,0,0,0,0,1,0,0,0,0,1,0
0,0,0,0,19,1,0,20.25,383.65,0,0,0,0,1,0,1,0,1,0,1,0,1,0,1,0,1,1,0,1,0,0
0,0,0,0,30,1,0,85.1500015258789,2555.9,1,0,0,1,0,0,0,0,0,0,0,1,0,1,0,0,0,0,0,0,1,0
1,0,1,1,67,1,1,19.399999618530273,1284.2,0,0,0,0,1,0,1,0,1,0,1,0,1,0,1,0,1,0,1,1,0,0
1,1,1,0,72,1,1,102.6500015258789,7550.3,0,1,0,1,0,1,0,1,0,1,0,0,0,0,0,1,0,0,1,1,0,0
1,0,1,0,53,1,0,19.899999618530273,1110.05,0,0,0,0,1,0,1,0,1,0,1,0,1,0,1,0,1,0,1,1,0,0
0,0,0,0,5,1,0,19.549999237060547,99.6,0,0,0,0,1,0,1,0,1,0,1,0,1,0,1,0,1,1,0,0,1,0
1,1,1,0,71,1,1,95.5,6707.15,0,0,0,1,0,0,0,1,0,1,0,1,0,0,0,1,0,0,1,1,0,0
0,0,1,1,50,1,1,84.1500015258789,4164.4,0,1,0,0,0,0,0,1,0,1,0,1,0,1,0,1,0,1,0,1,0,0
1,0,1,1,56,1,1,103.19999694824219,5873.75,0,1,0,1,0,0,0,0,0,1,0,1,0,1,0,1,0,0,1,0,1,0
1,0,0,0,2,1,1,50.20000076293945,109.25,0,0,0,0,0,0,0,0,0,0,0,1,0,0,0,0,0,0,0,1,0,0
0,1,0,0,2,1,1,88.55000305175781,179.25,1,1,0,1,0,0,0,0,0,1,0,0,0,0,0,1,0,0,0,0,1,0
1,0,1,1,24,1,0,54.75,1338.15,1,1,0,0,0,1,0,0,0,0,0,0,0,0,0,0,0,0,0,0,1,0
1,0,1,1,46,1,0,19.950000762939453,862.4,0,0,0,0,1,0,1,0,1,0,1,0,1,0,1,0,1,0,1,1,0,0
1,0,1,0,71,1,1,116.25,8564.75,0,1,0,1,0,1,0,1,0,1,0,1,0,1,0,1,0,0,1,0,1,0
0,0,0,0,29,0,1,31.200000762939453,926.2,0,0,1,0,0,0,0,0,0,0,0,1,0,0,0,0,0,0,0,0,1,0
1,0,1,1,69,1,0,24.450000762939453,1718.2,0,1,0,0,1,0,1,0,1,0,1,0,1,0,1,0,1,0,1,0,0,0
1,0,1,0,71,1,0,84.19999694824219,5956.85,0,1,0,0,0,0,0,1,0,1,0,1,0,1,0,1,0,0,1,1,0,0
0,1,0,0,1,1,1,91.30000305175781,91.3,1,0,0,1,0,0,0,0,0,0,0,0,0,1,0,1,0,0,0,0,1,0
1,1,1,0,56,1,1,85.6500015258789,4824.45,0,0,0,0,0,1,0,1,0,1,0,1,0,1,0,1,0,0,1,0,0,0
1,0,0,1,56,1,1,21.200000762939453,1238.65,0,0,0,0,1,0,1,0,1,0,1,0,1,0,1,0,1,1,0,0,0,1
1,0,0,0,1,1,1,79.5,79.5,1,0,0,1,0,0,0,0,0,0,0,0,0,1,0,0,0,0,0,0,1,0
0,0,1,0,28,1,0,25.549999237060547,672.2,0,1,0,0,1,0,1,0,1,0,1,0,1,0,1,0,1,1,0,0,0,1
0,0,1,1,19,1,0,20.200000762939453,382.2,0,0,0,0,1,0,1,0,1,0,1,0,1,0,1,0,1,0,0,0,0,1
1,0,1,0,66,1,0,63.849998474121094,4264.6,0,1,0,0,0,0,0,0,0,0,0,1,0,0,0,1,0,0,0,0,1,0
0,0,1,1,17,1,1,61.95000076293945,1070.7,0,1,0,0,0,0,0,0,0,1,0,1,0,0,0,0,0,1,0,0,0,1
1,0,1,1,52,1,0,25.75,1345.85,0,1,0,0,1,0,1,0,1,0,1,0,1,0,1,0,1,0,1,0,0,1
0,0,0,0,19,1,0,58.20000076293945,1045.25,0,0,0,0,0,0,0,1,0,0,0,0,0,1,0,0,0,1,0,0,1,0
0,0,0,0,36,1,0,85.8499984741211,3003.55,0,0,0,0,0,1,0,1,0,1,0,1,0,1,0,1,0,1,0,0,0,0
1,1,1,0,7,1,1,70.0999984741211,467.55,1,0,0,1,0,0,0,0,0,0,0,0,0,0,0,0,0,0,0,0,0,1
1,0,1,1,72,1,1,104.9000015258789,7537.5,0,1,0,1,0,1,0,1,0,1,0,1,0,0,0,1,0,1,0,1,0,0
1,0,1,1,67,1,1,111.30000305175781,7482.1,1,1,0,1,0,1,0,1,0,1,0,0,0,1,0,1,0,1,0,0,1,0
1,1,0,0,34,1,1,99.8499984741211,3343.15,0,0,0,1,0,0,0,1,0,1,0,0,0,1,0,1,0,1,0,0,1,0
1,1,1,0,57,1,1,95.25,5427.05,1,1,0,1,0,0,0,1,0,1,0,0,0,0,0,1,0,0,0,0,0,0
0,0,1,0,7,1,1,86.25,587.1,1,0,0,1,0,0,0,0,0,1,0,0,0,1,0,0,0,0,0,0,1,0
0,1,1,0,1,1,1,100.80000305175781,100.8,1,1,0,1,0,0,0,0,0,1,0,0,0,1,0,1,0,0,0,0,1,0
1,0,1,0,8,1,1,19.549999237060547,161.15,0,0,0,0,1,0,1,0,1,0,1,0,1,0,1,0,1,0,0,0,0,0
0,0,0,0,69,1,0,104.0,7028.5,0,1,0,1,0,0,0,0,0,1,0,1,0,1,0,1,0,0,1,0,1,0
0,0,1,0,50,1,1,104.4000015258789,5232.9,0,1,0,1,0,1,0,0,0,1,0,0,0,1,0,1,0,1,0,0,0,1
1,0,0,0,10,1,0,19.5,225.85,0,0,0,0,1,0,1,0,1,0,1,0,1,0,1,0,1,1,0,0,0,1
0,0,1,1,12,1,0,25.25,274.7,0,1,0,0,1,0,1,0,1,0,1,0,1,0,1,0,1,0,1,1,0,0
0,0,0,0,14,1,1,86.30000305175781,1180.95,1,0,0,1,0,0,0,1,0,0,0,0,0,0,0,1,0,0,0,0,1,0
0,0,1,0,70,0,1,49.849998474121094,3370.2,0,0,1,0,0,1,0,0,0,1,0,1,0,0,0,1,0,0,1,0,0,0
0,1,0,0,64,1,1,108.94999694824219,7111.3,0,1,0,1,0,1,0,0,0,1,0,1,0,1,0,1,0,0,0,0,0,0
0,0,1,1,66,1,0,89.9000015258789,5958.85,0,1,0,0,0,1,0,1,0,1,0,1,0,1,0,1,0,0,1,1,0,0
0,0,1,1,71,1,1,82.0,5999.85,0,0,0,0,0,1,0,0,0,1,0,1,0,1,0,1,0,0,1,1,0,0
1,1,0,0,20,1,0,89.94999694824219,1648.45,0,0,0,1,0,0,0,0,0,0,0,0,0,1,0,1,0,0,0,0,1,0
1,0,1,0,72,1,1,79.3499984741211,5753.25,0,0,0,0,0,1,0,1,0,0,0,1,0,1,0,1,0,0,1,0,0,0
0,0,1,1,71,1,0,64.05000305175781,4492.9,0,0,0,0,0,1,0,1,0,1,0,1,0,0,0,0,0,0,1,1,0,0
1,0,1,1,38,1,1,101.1500015258789,3956.7,0,1,0,1,0,0,0,0,0,1,0,0,0,1,0,1,0,0,0,1,0,0
0,0,0,0,28,1,1,89.94999694824219,2625.55,1,1,0,1,0,0,0,1,0,0,0,0,0,0,0,1,0,0,0,0,1,0
1,1,1,0,17,1,1,76.44999694824219,1233.4,1,0,0,1,0,0,0,1,0,0,0,0,0,0,0,0,0,0,0,0,1,0
1,0,0,0,33,0,1,39.099998474121094,1309.0,0,0,1,0,0,0,0,1,0,0,0,0,0,1,0,0,0,1,0,0,1,0
0,0,1,1,23,0,0,34.599998474121094,813.45,0,0,1,0,0,1,0,0,0,0,0,1,0,0,0,0,0,0,1,0,0,1
1,0,1,1,58,1,1,19.549999237060547,1108.8,0,0,0,0,1,0,1,0,1,0,1,0,1,0,1,0,1,1,0,0,1,0
0,1,1,0,70,1,1,104.44999694824219,7349.35,0,1,0,1,0,0,0,1,0,0,0,1,0,1,0,1,0,0,1,0,0,0
1,0,1,0,4,1,0,70.5,294.2,0,0,0,1,0,0,0,0,0,0,0,0,0,0,0,0,0,0,0,0,1,0
1,0,1,1,45,1,0,20.350000381469727,929.2,0,0,0,0,1,0,1,0,1,0,1,0,1,0,1,0,1,0,1,0,0,1
1,0,0,0,10,1,1,70.0,740.0,1,0,0,1,0,0,0,0,0,0,0,0,0,0,0,0,0,0,0,0,1,0
1,0,1,1,36,1,0,19.450000762939453,754.5,0,0,0,0,1,0,1,0,1,0,1,0,1,0,1,0,1,0,1,1,0,0
1,0,0,0,54,1,1,69.9000015258789,3883.3,0,0,0,0,0,1,0,1,0,0,0,1,0,1,0,0,0,0,0,0,0,1
1,0,1,1,23,1,0,59.70000076293945,1414.2,0,1,0,0,0,0,0,1,0,0,0,1,0,0,0,0,0,0,1,0,0,1
0,0,1,1,41,1,1,78.3499984741211,3211.2,0,1,0,0,0,1,0,1,0,1,0,0,0,1,0,0,0,1,0,1,0,0
1,1,0,0,5,1,1,71.44999694824219,371.6,0,0,0,1,0,0,0,0,0,0,0,0,0,0,0,0,0,0,0,0,0,1
1,0,1,1,27,0,1,45.849998474121094,1246.4,0,0,1,0,0,0,0,1,0,1,0,0,0,0,0,1,0,1,0,1,0,0
0,0,0,0,1,1,1,95.8499984741211,95.85,0,0,0,1,0,0,0,0,0,0,0,1,0,1,0,1,0,0,0,0,1,0
0,0,1,1,67,0,0,35.70000076293945,2545.7,0,0,1,0,0,1,0,0,0,0,0,1,0,0,0,0,0,0,1,1,0,0
0,1,1,1,72,1,1,89.55000305175781,6448.85,0,1,0,0,0,1,0,1,0,1,0,1,0,1,0,1,0,0,1,1,0,0
0,0,1,1,56,1,1,24.950000762939453,1468.9,0,1,0,0,1,0,1,0,1,0,1,0,1,0,1,0,1,0,1,1,0,0
1,0,1,1,44,1,0,24.850000381469727,1013.6,0,1,0,0,1,0,1,0,1,0,1,0,1,0,1,0,1,1,0,0,1,0
0,1,1,0,66,1,1,100.80000305175781,6690.75,0,1,0,1,0,0,0,1,0,0,0,0,0,1,0,1,0,0,0,0,1,0
0,0,0,0,34,1,1,64.4000015258789,2088.75,1,1,0,0,0,1,0,1,0,0,0,1,0,0,0,0,0,1,0,0,0,1
0,0,1,0,69,1,0,105.3499984741211,7240.65,0,1,0,1,0,0,0,0,0,1,0,1,0,1,0,1,0,0,1,0,0,0
0,0,1,1,1,1,1,102.44999694824219,102.45,1,1,0,1,0,1,0,0,0,1,0,0,0,1,0,1,0,0,0,0,1,0
0,0,0,0,40,1,0,19.649999618530273,830.25,0,0,0,0,1,0,1,0,1,0,1,0,1,0,1,0,1,0,1,1,0,0
1,0,1,1,30,1,1,54.45000076293945,1588.7,0,1,0,0,0,1,0,0,0,0,0,0,0,0,0,0,0,0,0,0,0,0
0,0,0,0,11,1,0,70.5,829.3,0,0,0,0,0,0,0,0,0,0,0,1,0,1,0,1,0,0,0,0,0,1
0,0,0,0,15,1,0,20.100000381469727,302.45,0,0,0,0,1,0,1,0,1,0,1,0,1,0,1,0,1,1,0,1,0,0
1,0,0,0,11,1,1,69.3499984741211,712.25,0,0,0,0,0,0,0,0,0,1,0,0,0,1,0,1,0,0,0,0,1,0
0,0,1,1,64,1,0,19.799999237060547,1336.65,0,0,0,0,1,0,1,0,1,0,1,0,1,0,1,0,1,1,0,0,0,0
1,1,1,0,72,1,0,74.4000015258789,5360.75,0,0,0,0,0,1,0,1,0,1,0,1,0,1,0,0,0,0,1,0,0,0
1,1,1,0,72,1,1,93.05000305175781,6735.05,0,1,0,1,0,1,0,1,0,1,0,1,0,0,0,0,0,0,1,0,0,0
0,0,0,1,1,1,0,51.20000076293945,51.2,0,0,0,0,0,1,0,0,0,0,0,0,0,0,0,0,0,0,0,0,0,1
0,0,0,1,15,1,0,65.5999984741211,1010.0,0,0,0,0,0,1,0,1,0,1,0,1,0,0,0,0,0,1,0,1,0,0
0,0,0,0,60,1,0,80.55000305175781,4847.05,0,1,0,0,0,0,0,0,0,1,0,1,0,1,0,1,0,1,0,1,0,0
1,0,0,0,56,1,0,52.70000076293945,3019.7,0,0,0,0,0,1,0,0,0,1,0,0,0,0,0,0,0,1,0,0,0,1
0,0,0,0,8,1,0,20.850000381469727,161.65,0,0,0,0,1,0,1,0,1,0,1,0,1,0,1,0,1,0,1,0,0,1
0,0,0,0,3,1,0,80.0999984741211,217.55,1,0,0,1,0,0,0,0,0,1,0,1,0,0,0,0,0,0,0,1,0,0
0,0,1,0,49,1,1,52.150001525878906,2583.75,0,1,0,0,0,0,0,0,0,0,0,0,0,0,0,0,0,0,0,1,0,0
0,0,0,0,2,1,1,80.19999694824219,146.05,1,0,0,1,0,0,0,0,0,0,0,0,0,1,0,0,0,0,0,0,1,0
0,0,0,0,6,1,1,98.1500015258789,567.45,1,0,0,1,0,1,0,1,0,1,0,1,0,0,0,1,0,0,0,0,0,0
1,0,0,0,70,1,1,114.94999694824219,7711.25,0,1,0,1,0,1,0,1,0,1,0,1,0,1,0,1,0,0,1,0,0,0
1,0,0,0,12,1,1,112.94999694824219,1384.75,1,1,0,1,0,0,0,1,0,1,0,1,0,1,0,1,0,0,0,0,0,1
1,1,1,0,52,1,1,104.44999694824219,5481.25,0,0,0,1,0,1,0,0,0,1,0,1,0,1,0,1,0,1,0,0,0,0
0,0,1,0,72,1,1,113.6500015258789,8124.2,0,1,0,1,0,1,0,1,0,1,0,1,0,1,0,1,0,0,1,1,0,0
0,0,0,0,40,1,1,20.600000381469727,827.3,0,0,0,0,1,0,1,0,1,0,1,0,1,0,1,0,1,0,1,0,0,0
0,0,0,0,1,1,0,70.9000015258789,70.9,1,0,0,1,0,0,0,0,0,0,0,0,0,0,0,0,0,0,0,0,0,1
0,1,0,0,3,1,1,86.8499984741211,220.95,1,0,0,1,0,0,0,0,0,1,0,0,0,1,0,0,0,0,0,0,1,0
0,1,0,0,40,1,1,91.55000305175781,3673.6,0,0,0,1,0,0,0,0,0,0,0,0,0,1,0,1,0,0,0,0,1,0
1,0,0,1,1,1,1,49.849998474121094,49.85,0,0,0,0,0,0,0,0,0,1,0,0,0,0,0,0,0,0,0,0,1,0
1,0,1,0,30,1,0,19.799999237060547,576.65,0,0,0,0,1,0,1,0,1,0,1,0,1,0,1,0,1,1,0,1,0,0
1,0,1,1,23,1,1,99.8499984741211,2331.3,1,0,0,1,0,1,0,0,0,0,0,1,0,1,0,1,0,0,0,0,1,0
1,0,1,1,1,1,1,74.5,74.5,1,1,0,1,0,0,0,0,0,0,0,0,0,0,0,0,0,0,0,0,1,0
0,1,1,0,44,1,0,104.1500015258789,4495.65,0,1,0,1,0,0,0,0,0,1,0,1,0,1,0,1,0,0,0,0,1,0
1,0,0,0,65,1,1,109.1500015258789,6941.2,1,1,0,1,0,0,0,1,0,1,0,1,0,1,0,1,0,0,0,0,1,0
0,1,0,0,7,1,1,48.20000076293945,340.35,0,0,0,0,0,1,0,0,0,0,0,0,0,0,0,0,0,0,0,0,1,0
1,1,0,0,72,1,1,25.100000381469727,1789.9,0,1,0,0,1,0,1,0,1,0,1,0,1,0,1,0,1,0,1,1,0,0
0,1,0,0,8,1,1,100.1500015258789,908.55,0,1,0,1,0,0,0,0,0,0,0,1,0,1,0,1,0,0,0,1,0,0
0,0,0,0,16,1,1,65.19999694824219,1043.35,1,1,0,0,0,0,0,0,0,1,0,0,0,0,0,1,0,0,0,1,0,0
1,1,1,1,66,1,1,99.5,6822.15,1,1,0,1,0,0,0,0,0,1,0,0,0,1,0,1,0,0,0,1,0,0
1,0,0,0,1,1,1,71.55000305175781,71.55,1,0,0,1,0,0,0,0,0,0,0,0,0,0,0,0,0,0,0,0,0,1
1,0,0,1,3,1,0,55.900001525878906,157.55,0,0,0,0,0,1,0,0,0,1,0,0,0,0,0,0,0,0,0,0,0,1
1,0,1,0,53,1,0,93.9000015258789,5029.2,1,1,0,1,0,1,0,0,0,1,0,0,0,0,0,1,0,0,0,0,1,0
1,1,1,0,8,1,1,64.4000015258789,581.7,0,0,0,0,0,0,0,0,0,1,0,1,0,0,0,1,0,0,0,1,0,0
1,1,1,0,69,1,1,108.4000015258789,7318.2,1,1,0,1,0,0,0,1,0,1,0,1,0,1,0,1,0,0,1,0,0,0
0,0,0,0,5,1,1,85.30000305175781,420.45,0,0,0,1,0,0,0,1,0,0,0,0,0,1,0,0,0,0,0,0,0,1
0,0,1,1,72,1,0,107.44999694824219,7576.7,0,1,0,1,0,1,0,0,0,1,0,1,0,1,0,1,0,0,1,0,0,1
0,0,1,0,13,0,1,48.75,633.4,1,0,1,0,0,0,0,0,0,1,0,0,0,1,0,1,0,0,0,0,0,0
0,0,0,0,4,1,1,85.6500015258789,321.65,1,1,0,1,0,0,0,0,0,0,0,0,0,1,0,0,0,0,0,0,1,0
0,0,1,1,54,1,0,91.30000305175781,4965.0,0,1,0,0,0,1,0,1,0,1,0,1,0,1,0,1,0,0,1,1,0,0
1,0,1,0,72,1,0,85.94999694824219,6151.9,0,1,0,0,0,0,0,1,0,1,0,1,0,1,0,1,0,0,1,0,0,0
1,0,0,0,12,1,1,106.69999694824219,1253.9,1,1,0,1,0,0,0,1,0,1,0,0,0,1,0,1,0,0,0,0,1,0
1,0,0,0,1,0,1,25.149999618530273,25.15,1,0,1,0,0,0,0,0,0,0,0,0,0,0,0,0,0,0,0,0,1,0
1,1,0,0,1,1,0,45.20000076293945,45.2,0,0,0,0,0,0,0,0,0,0,0,0,0,0,0,0,0,0,0,0,1,0
0,0,1,0,54,1,0,110.3499984741211,5893.15,1,1,0,1,0,0,0,1,0,1,0,1,0,1,0,1,0,1,0,0,1,0
1,0,1,1,69,1,1,79.19999694824219,5420.65,0,1,0,1,0,0,0,0,0,1,0,0,0,0,0,0,0,0,1,1,0,0
0,0,0,0,48,1,0,55.5,2627.35,0,0,0,0,0,1,0,1,0,0,0,0,0,0,0,0,0,0,1,1,0,0
0,0,1,1,48,1,1,103.25,5037.55,1,1,0,1,0,1,0,1,0,0,0,0,0,1,0,1,0,1,0,1,0,0
0,0,1,0,8,1,1,90.25,743.75,0,1,0,1,0,0,0,0,0,0,0,1,0,0,0,1,0,0,0,0,1,0
1,0,1,1,71,1,1,91.25,6589.6,0,1,0,0,0,1,0,1,0,1,0,1,0,1,0,1,0,0,1,0,0,1
1,0,0,0,2,1,1,47.79999923706055,92.45,1,0,0,0,0,1,0,0,0,0,0,0,0,0,0,0,0,0,0,0,1,0
1,0,1,0,67,1,1,100.9000015258789,6733.15,0,0,0,1,0,1,0,1,0,0,0,0,0,1,0,1,0,1,0,1,0,0
1,0,1,1,34,1,1,97.69999694824219,3410.0,0,1,0,1,0,0,0,1,0,0,0,0,0,1,0,1,0,0,0,0,0,0
0,0,0,0,3,1,1,69.8499984741211,199.85,0,0,0,1,0,0,0,0,0,0,0,0,0,0,0,0,0,0,0,0,1,0
0,0,1,1,9,1,1,65.5999984741211,593.3,0,0,0,0,0,0,0,1,0,0,0,1,0,1,0,0,0,1,0,0,0,1
1,0,1,1,71,1,1,104.6500015258789,7288.4,0,0,0,1,0,1,0,1,0,1,0,0,0,1,0,1,0,1,0,0,0,0
1,0,0,0,57,1,1,90.44999694824219,5229.8,0,1,0,1,0,0,0,0,0,0,0,1,0,1,0,0,0,0,1,1,0,0
1,0,0,0,72,0,1,63.70000076293945,4464.8,0,0,1,0,0,1,0,1,0,1,0,1,0,1,0,1,0,0,1,0,0,0
0,1,1,1,48,1,1,104.5,5068.05,0,0,0,1,0,1,0,0,0,1,0,1,0,1,0,1,0,0,0,0,1,0
1,0,0,0,18,1,0,20.100000381469727,401.85,0,0,0,0,1,0,1,0,1,0,1,0,1,0,1,0,1,1,0,0,0,1
1,0,1,1,43,1,1,104.30000305175781,4451.85,0,1,0,1,0,0,0,0,0,1,0,1,0,1,0,1,0,1,0,1,0,0
0,0,1,1,72,1,1,93.25,6688.95,0,1,0,0,0,1,0,1,0,1,0,1,0,1,0,1,0,0,1,0,0,0
1,0,1,1,35,1,1,73.44999694824219,2661.1,0,1,0,0,0,0,0,0,0,0,0,1,0,1,0,1,0,1,0,0,0,0
1,0,0,0,4,1,0,20.700000762939453,73.05,0,0,0,0,1,0,1,0,1,0,1,0,1,0,1,0,1,0,0,0,0,1
0,0,1,1,49,1,0,25.25,1211.65,0,1,0,0,1,0,1,0,1,0,1,0,1,0,1,0,1,0,1,0,0,1
0,0,1,1,71,1,0,100.5,7030.65,0,1,0,1,0,1,0,1,0,1,0,0,0,1,0,0,0,0,1,0,0,0
1,0,1,1,11,1,0,90.5999984741211,1020.2,0,0,0,1,0,0,0,0,0,0,0,0,0,1,0,1,0,0,0,0,1,0
1,0,1,1,63,1,1,89.4000015258789,5597.65,0,1,0,0,0,1,0,1,0,1,0,1,0,1,0,1,0,0,1,1,0,0
0,1,0,0,65,1,1,95.44999694824219,6223.3,0,1,0,1,0,0,0,1,0,1,0,0,0,1,0,0,0,0,0,0,0,0
0,0,0,1,49,1,0,20.450000762939453,1024.65,0,0,0,0,1,0,1,0,1,0,1,0,1,0,1,0,1,0,1,1,0,0
0,0,0,0,29,1,1,98.5999984741211,2933.2,1,1,0,1,0,0,0,0,0,1,0,0,0,1,0,1,0,0,0,1,0,0
0,1,1,0,15,1,1,83.05000305175781,1258.3,1,1,0,1,0,0,0,0,0,1,0,1,0,0,0,0,0,0,0,0,1,0
0,0,1,1,4,1,1,19.950000762939453,82.9,0,0,0,0,1,0,1,0,1,0,1,0,1,0,1,0,1,0,0,0,1,0
0,0,1,0,72,1,0,109.1500015258789,7789.6,0,1,0,1,0,0,0,1,0,1,0,1,0,1,0,1,0,1,0,1,0,0
0,1,1,0,26,1,1,85.69999694824219,2067.0,0,0,0,1,0,0,0,0,0,1,0,0,0,1,0,0,0,0,0,1,0,0
0,1,1,0,35,1,0,102.05000305175781,3452.55,0,1,0,1,0,0,0,0,0,1,0,0,0,1,0,1,0,0,0,0,0,0
0,0,0,0,57,1,0,94.69999694824219,5468.95,0,1,0,1,0,0,0,1,0,0,0,1,0,0,0,1,0,1,0,0,1,0
1,0,1,1,28,1,0,64.4000015258789,1802.15,0,1,0,0,0,0,0,1,0,0,0,0,0,0,0,1,0,0,0,0,1,0
0,0,1,0,25,1,1,26.799999237060547,733.55,0,1,0,0,1,0,1,0,1,0,1,0,1,0,1,0,1,1,0,0,0,1
0,0,1,0,47,1,1,66.05000305175781,3021.45,0,0,0,0,0,1,0,0,0,1,0,0,0,1,0,0,0,1,0,1,0,0
0,0,1,1,57,1,0,65.19999694824219,3687.85,0,1,0,0,0,1,0,1,0,0,0,1,0,0,0,0,0,0,0,0,0,0
1,1,1,0,16,1,1,85.05000305175781,1391.15,0,1,0,1,0,0,0,0,0,0,0,0,0,1,0,0,0,0,0,1,0,0
1,0,0,0,5,1,1,55.79999923706055,274.35,0,0,0,0,0,1,0,0,0,1,0,0,0,0,0,0,0,0,0,0,0,1
1,0,1,0,17,1,1,70.4000015258789,1214.05,1,0,0,1,0,0,0,0,0,0,0,0,0,0,0,0,0,0,0,0,0,0
0,1,0,0,56,1,1,104.75,5510.65,1,1,0,1,0,0,0,1,0,1,0,0,0,1,0,1,0,1,0,0,0,0
1,0,1,1,72,1,0,19.950000762939453,1322.85,0,0,0,0,1,0,1,0,1,0,1,0,1,0,1,0,1,0,1,0,0,0
0,1,0,0,21,1,1,94.25,1973.75,1,1,0,1,0,0,0,0,0,0,0,0,0,1,0,1,0,0,0,0,1,0
0,0,1,1,48,0,0,45.0,2196.3,0,0,1,0,0,1,0,0,0,1,0,0,0,0,0,1,0,1,0,1,0,0
0,0,1,0,68,1,0,114.9000015258789,7843.55,0,1,0,1,0,1,0,1,0,1,0,1,0,1,0,1,0,0,1,0,0,0
0,0,0,0,30,1,0,106.4000015258789,3211.9,0,1,0,1,0,1,0,0,0,0,0,1,0,1,0,1,0,0,0,0,0,0
0,0,1,0,3,1,1,46.099998474121094,130.15,0,0,0,0,0,0,0,0,0,0,0,0,0,0,0,0,0,0,0,0,0,1
0,1,0,0,14,0,0,39.70000076293945,692.35,0,0,1,0,0,1,0,0,0,1,0,1,0,0,0,0,0,0,1,0,0,1
0,0,0,1,4,1,1,20.049999237060547,85.5,0,0,0,0,1,0,1,0,1,0,1,0,1,0,1,0,1,0,0,0,0,0
0,0,1,1,71,1,1,95.75,6849.4,0,1,0,1,0,0,0,1,0,1,0,0,0,0,0,1,0,0,1,1,0,0
1,0,1,1,8,1,0,24.399999618530273,203.95,0,1,0,0,1,0,1,0,1,0,1,0,1,0,1,0,1,1,0,0,0,1
1,0,1,1,61,0,0,33.599998474121094,2117.2,0,0,1,0,0,1,0,0,0,1,0,0,0,0,0,0,0,0,0,0,0,0
1,0,1,1,72,1,0,90.44999694824219,6565.85,0,1,0,1,0,0,0,1,0,1,0,1,0,0,0,0,0,0,1,0,0,0
0,0,0,0,5,1,1,84.0,424.75,0,1,0,1,0,0,0,0,0,0,0,0,0,1,0,0,0,0,0,0,1,0
0,0,0,0,49,1,0,67.4000015258789,3306.85,0,0,0,0,0,1,0,1,0,1,0,1,0,0,0,0,0,0,1,0,0,0
1,0,0,0,8,1,1,19.700000762939453,168.9,0,0,0,0,1,0,1,0,1,0,1,0,1,0,1,0,1,0,0,0,0,0
1,0,0,0,3,1,1,80.3499984741211,253.8,0,0,0,1,0,0,0,0,0,0,0,0,0,0,0,1,0,0,0,0,1,0
1,0,1,1,9,1,0,19.600000381469727,197.4,0,0,0,0,1,0,1,0,1,0,1,0,1,0,1,0,1,0,1,0,0,1
1,0,1,1,67,1,1,54.20000076293945,3838.2,0,0,0,0,0,1,0,1,0,0,0,0,0,0,0,0,0,0,1,0,0,0
1,0,0,0,46,1,1,45.20000076293945,2065.15,0,0,0,0,0,0,0,0,0,0,0,0,0,0,0,0,0,0,0,1,0,0
0,0,1,0,67,1,0,75.0999984741211,5064.45,0,1,0,0,0,1,0,1,0,1,0,0,0,0,0,1,0,1,0,0,0,1
0,0,1,0,55,1,0,19.700000762939453,1140.05,0,0,0,0,1,0,1,0,1,0,1,0,1,0,1,0,1,1,0,0,1,0
1,0,1,0,33,1,1,72.75,2447.45,0,1,0,0,0,1,0,1,0,1,0,0,0,1,0,0,0,0,0,0,0,0
1,0,1,1,62,1,0,20.049999237060547,1263.9,0,0,0,0,1,0,1,0,1,0,1,0,1,0,1,0,1,0,1,1,0,0
0,0,0,1,1,1,0,45.95000076293945,45.95,1,0,0,0,0,0,0,0,0,0,0,0,0,0,0,0,0,0,0,0,0,1
1,0,1,1,49,0,1,39.20000076293945,1838.15,0,0,1,0,0,1,0,0,0,0,0,0,0,0,0,1,0,0,0,0,1,0
1,0,0,0,1,1,1,44.75,44.75,0,0,0,0,0,0,0,0,0,0,0,0,0,0,0,0,0,0,0,0,1,0
1,0,1,0,14,1,1,82.6500015258789,1185.0,0,1,0,1,0,0,0,1,0,1,0,0,0,0,0,0,0,0,0,0,1,0
1,1,0,0,18,1,0,93.9000015258789,1743.9,0,1,0,1,0,0,0,0,0,1,0,1,0,1,0,0,0,0,0,0,0,0
0,1,0,0,1,1,1,70.1500015258789,70.15,1,0,0,1,0,0,0,0,0,0,0,0,0,0,0,0,0,0,0,0,1,0
0,0,0,0,1,1,1,85.55000305175781,85.55,1,0,0,1,0,0,0,0,0,1,0,0,0,1,0,0,0,0,0,1,0,0
0,0,1,0,72,1,1,117.1500015258789,8529.5,0,1,0,1,0,1,0,1,0,1,0,1,0,1,0,1,0,0,1,1,0,0
1,0,0,0,64,1,0,99.25,6549.45,0,1,0,1,0,1,0,0,0,1,0,1,0,0,0,1,0,0,1,1,0,0
1,0,1,0,69,1,1,112.55000305175781,7806.5,0,1,0,1,0,1,0,1,0,1,0,1,0,1,0,1,0,0,1,0,0,0
0,0,0,0,1,1,1,25.700000762939453,25.7,0,1,0,0,1,0,1,0,1,0,1,0,1,0,1,0,1,0,0,0,1,0
1,0,1,1,71,1,0,90.30000305175781,6287.3,0,1,0,0,0,1,0,1,0,1,0,1,0,1,0,1,0,0,1,1,0,0
0,0,1,1,66,1,1,49.400001525878906,3251.85,0,0,0,0,0,0,0,0,0,0,0,1,0,0,0,0,0,1,0,1,0,0
1,0,0,0,2,1,0,19.399999618530273,50.6,0,0,0,0,1,0,1,0,1,0,1,0,1,0,1,0,1,0,0,0,0,1
0,1,1,0,71,1,1,109.69999694824219,7904.25,0,0,0,1,0,1,0,1,0,1,0,1,0,1,0,1,0,0,1,0,0,0
1,0,0,0,11,1,1,61.25,729.95,0,0,0,0,0,0,0,1,0,0,0,0,0,1,0,0,0,1,0,0,1,0
1,0,0,1,47,1,1,55.29999923706055,2654.05,0,0,0,0,0,1,0,1,0,0,0,0,0,0,0,0,0,0,0,0,1,0
0,0,1,0,35,1,1,70.30000305175781,2416.55,1,0,0,1,0,0,0,0,0,0,0,0,0,0,0,0,0,0,0,0,1,0
1,1,1,0,32,1,0,106.3499984741211,3520.75,1,1,0,1,0,0,0,1,0,1,0,0,0,1,0,1,0,0,0,0,0,0
1,0,1,1,60,1,1,103.75,5969.95,0,1,0,1,0,0,0,1,0,0,0,1,0,1,0,1,0,0,0,0,0,0
1,0,0,0,11,1,0,19.5,226.8,0,0,0,0,1,0,1,0,1,0,1,0,1,0,1,0,1,1,0,0,0,1
0,0,0,0,29,0,0,39.5,1082.75,0,0,1,0,0,1,0,1,0,0,0,1,0,0,0,0,0,1,0,1,0,0
1,0,1,1,21,0,1,26.049999237060547,565.75,0,0,1,0,0,0,0,0,0,0,0,0,0,0,0,0,0,0,0,0,1,0
1,1,1,0,48,1,1,91.05000305175781,4370.75,0,1,0,1,0,0,0,0,0,1,0,0,0,0,0,1,0,0,0,1,0,0
0,0,0,1,3,0,0,29.649999618530273,90.05,0,0,1,0,0,0,0,1,0,0,0,0,0,0,0,0,0,0,0,0,0,1
0,0,1,1,43,1,0,50.20000076293945,2169.4,0,0,0,0,0,0,0,1,0,0,0,0,0,0,0,0,0,0,0,0,0,1
1,0,0,0,5,1,0,105.30000305175781,550.6,0,1,0,1,0,0,0,1,0,1,0,0,0,1,0,1,0,0,0,0,1,0
0,0,0,0,1,1,1,55.45000076293945,55.45,0,0,0,0,0,0,0,0,0,0,0,0,0,0,0,1,0,0,0,0,1,0
1,0,1,1,71,1,0,85.44999694824219,6300.85,0,1,0,0,0,1,0,0,0,1,0,1,0,1,0,1,0,1,0,0,1,0
0,0,1,1,8,1,0,19.799999237060547,160.05,0,0,0,0,1,0,1,0,1,0,1,0,1,0,1,0,1,1,0,0,1,0
1,0,0,0,8,1,1,59.25,436.6,0,1,0,0,0,0,0,0,0,0,0,0,0,1,0,0,0,0,0,0,1,0
1,0,0,0,20,1,1,90.69999694824219,1781.35,0,1,0,1,0,0,0,0,0,1,0,0,0,1,0,0,0,0,0,1,0,0
0,0,1,1,33,1,1,103.69999694824219,3467.0,1,1,0,1,0,1,0,0,0,1,0,0,0,1,0,1,0,1,0,0,0,1
1,0,0,0,71,1,1,79.05000305175781,5552.5,0,1,0,1,0,0,0,1,0,0,0,0,0,0,0,0,0,1,0,1,0,0
0,1,1,0,31,1,1,90.69999694824219,2835.5,0,1,0,1,0,0,0,0,0,1,0,0,0,1,0,0,0,1,0,0,1,0
0,1,1,0,38,1,0,95.0,3591.25,0,1,0,1,0,1,0,1,0,0,0,0,0,0,0,1,0,1,0,1,0,0
1,0,0,0,1,1,1,88.3499984741211,88.35,1,0,0,1,0,0,0,0,0,0,0,0,0,1,0,1,0,0,0,0,1,0
0,0,1,1,2,0,1,30.25,63.75,0,0,1,0,0,0,0,1,0,0,0,0,0,0,0,0,0,0,0,0,0,1
0,0,1,0,12,0,1,49.849998474121094,617.15,0,0,1,0,0,0,0,0,0,1,0,0,0,1,0,1,0,0,0,0,0,0
0,0,0,1,9,1,0,93.0,870.25,0,0,0,1,0,1,0,0,0,1,0,1,0,0,0,1,0,0,0,0,0,0
1,1,0,1,11,1,1,54.54999923706055,601.25,0,0,0,0,0,0,0,1,0,0,0,1,0,0,0,0,0,0,0,0,1,0
1,0,0,1,6,1,0,19.700000762939453,111.65,0,0,0,0,1,0,1,0,1,0,1,0,1,0,1,0,1,0,0,0,0,1
0,0,1,0,71,1,1,84.80000305175781,6046.1,0,0,0,0,0,1,0,1,0,1,0,1,0,1,0,1,0,1,0,0,0,0
0,0,1,1,42,1,1,94.44999694824219,3923.8,0,1,0,1,0,1,0,1,0,0,0,0,0,1,0,0,0,1,0,1,0,0
0,0,1,1,8,1,1,94.19999694824219,777.3,1,0,0,1,0,0,0,0,0,1,0,0,0,1,0,1,0,0,0,0,1,0
0,0,0,0,5,1,1,96.25,512.45,1,0,0,1,0,0,0,1,0,0,0,0,0,1,0,1,0,0,0,0,1,0
0,0,1,0,2,1,1,70.69999694824219,141.45,1,0,0,1,0,0,0,0,0,0,0,0,0,0,0,0,0,0,0,0,1,0
0,0,1,1,45,1,0,20.850000381469727,892.15,0,0,0,0,1,0,1,0,1,0,1,0,1,0,1,0,1,0,1,0,0,1
1,0,1,1,28,0,1,60.0,1682.05,0,0,1,0,0,0,0,1,0,1,0,1,0,1,0,1,0,1,0,1,0,0
0,0,1,0,43,1,0,80.44999694824219,3398.9,0,1,0,1,0,0,0,1,0,0,0,0,0,0,0,0,0,0,0,0,1,0
1,0,0,1,60,1,1,84.94999694824219,4984.85,0,1,0,0,0,1,0,0,0,1,0,1,0,1,0,1,0,0,1,0,1,0
0,0,1,0,42,0,0,33.54999923706055,1445.3,1,0,1,0,0,0,0,1,0,0,0,1,0,0,0,0,0,1,0,0,0,1
1,0,1,1,7,0,0,49.650001525878906,305.55,0,0,1,0,0,1,0,0,0,1,0,1,0,0,0,1,0,0,1,1,0,0
0,0,1,0,25,1,1,20.200000762939453,507.9,0,0,0,0,1,0,1,0,1,0,1,0,1,0,1,0,1,1,0,0,0,0
0,1,1,1,40,1,1,94.55000305175781,3640.45,1,1,0,1,0,0,0,0,0,0,0,0,0,1,0,1,0,0,0,1,0,0
1,0,0,0,27,1,1,100.5,2673.45,0,1,0,1,0,0,0,0,0,1,0,0,0,1,0,1,0,1,0,0,0,0
1,0,0,0,10,0,0,35.75,389.8,0,0,1,0,0,0,0,1,0,0,0,1,0,0,0,0,0,0,0,0,1,0
0,1,0,0,27,1,1,86.44999694824219,2401.05,0,1,0,1,0,0,0,1,0,1,0,0,0,0,0,0,0,0,0,0,0,0
0,0,0,0,11,1,0,53.79999923706055,651.55,0,0,0,0,0,0,0,0,0,1,0,1,0,0,0,0,0,1,0,0,0,0
1,0,1,1,4,0,0,38.54999923706055,156.1,0,0,1,0,0,1,0,0,0,0,0,0,0,1,0,0,0,0,0,1,0,0
1,0,0,0,68,0,1,39.900001525878906,2796.35,0,0,1,0,0,0,0,0,0,1,0,0,0,0,0,1,0,0,0,0,0,0
1,1,0,0,1,1,1,70.05000305175781,70.05,0,0,0,1,0,0,0,0,0,0,0,0,0,0,0,0,0,0,0,0,1,0
0,0,0,0,18,1,0,20.100000381469727,407.05,0,0,0,0,1,0,1,0,1,0,1,0,1,0,1,0,1,1,0,0,0,1
0,0,0,0,57,1,1,112.94999694824219,6465.0,1,1,0,1,0,1,0,1,0,1,0,0,0,1,0,1,0,0,1,0,0,0
1,0,0,0,26,1,1,20.299999237060547,511.25,0,0,0,0,1,0,1,0,1,0,1,0,1,0,1,0,1,0,0,0,1,0
0,0,1,0,17,0,1,35.650001525878906,646.05,0,0,1,0,0,0,0,1,0,1,0,0,0,0,0,0,0,0,0,1,0,0
1,0,0,0,1,0,0,35.900001525878906,35.9,1,0,1,0,0,0,0,0,0,0,0,0,0,0,0,1,0,0,0,0,1,0
1,0,0,1,38,1,1,99.25,3777.15,1,1,0,1,0,0,0,0,0,1,0,0,0,1,0,1,0,0,0,0,0,0
1,1,1,0,59,1,1,82.94999694824219,4903.15,0,0,0,1,0,1,0,1,0,1,0,0,0,0,0,0,0,1,0,1,0,0
1,0,0,0,30,1,1,55.650001525878906,1653.85,0,0,0,0,0,1,0,0,0,1,0,0,0,0,0,0,0,0,1,0,0,1
1,1,0,0,2,0,1,24.450000762939453,47.5,1,0,1,0,0,0,0,0,0,0,0,0,0,0,0,0,0,0,0,0,0,1
0,1,1,0,50,1,0,25.200000762939453,1306.3,0,1,0,0,1,0,1,0,1,0,1,0,1,0,1,0,1,1,0,0,1,0
1,0,0,0,9,0,0,50.79999923706055,463.6,0,0,1,0,0,1,0,0,0,1,0,1,0,0,0,1,0,1,0,0,0,1
0,0,1,1,3,1,0,19.649999618530273,60.65,0,0,0,0,1,0,1,0,1,0,1,0,1,0,1,0,1,0,0,0,0,1
0,0,0,1,14,1,1,59.79999923706055,824.85,0,0,0,0,0,0,0,0,0,1,0,0,0,1,0,0,0,0,0,1,0,0
0,1,0,0,31,1,1,73.55000305175781,2094.65,0,0,0,1,0,1,0,0,0,0,0,0,0,0,0,0,0,0,0,1,0,0
0,0,0,0,7,1,0,61.400001525878906,438.9,0,0,0,0,0,1,0,1,0,1,0,0,0,0,0,0,0,0,0,0,1,0
0,0,0,0,8,1,1,103.3499984741211,847.3,1,1,0,1,0,1,0,0,0,0,0,1,0,1,0,1,0,0,0,0,0,0
1,0,1,1,17,1,0,19.899999618530273,329.75,0,0,0,0,1,0,1,0,1,0,1,0,1,0,1,0,1,1,0,0,0,0
1,0,1,1,32,1,1,19.450000762939453,674.55,0,0,0,0,1,0,1,0,1,0,1,0,1,0,1,0,1,0,0,1,0,0
0,1,0,0,2,1,0,81.5,162.55,0,0,0,1,0,0,0,0,0,0,0,0,0,1,0,0,0,0,0,0,0,1
1,1,0,0,7,1,1,84.80000305175781,546.95,1,1,0,1,0,0,0,0,0,0,0,0,0,1,0,0,0,0,0,0,1,0
0,0,1,1,72,1,0,109.55000305175781,7887.25,0,1,0,1,0,1,0,1,0,1,0,0,0,1,0,1,0,0,1,1,0,0
0,1,0,0,31,1,1,99.94999694824219,3186.65,1,1,0,1,0,0,0,1,0,0,0,0,0,1,0,1,0,0,0,0,1,0
0,0,1,1,27,1,0,74.4000015258789,1972.35,0,0,0,1,0,1,0,0,0,0,0,0,0,0,0,0,0,0,0,0,0,1
0,0,0,0,18,1,1,90.0,1527.35,1,1,0,1,0,0,0,1,0,0,0,0,0,1,0,0,0,0,0,1,0,0
1,0,0,0,7,1,1,74.9000015258789,490.55,0,0,0,1,0,0,0,0,0,1,0,0,0,0,0,0,0,0,0,0,1,0
0,1,0,0,14,1,1,104.8499984741211,1531.4,1,1,0,1,0,0,0,1,0,1,0,0,0,1,0,1,0,0,0,0,1,0
1,0,1,1,11,1,1,59.650001525878906,683.25,0,0,0,0,0,0,0,0,0,1,0,0,0,1,0,0,0,0,0,0,0,0
0,0,1,1,72,1,1,110.44999694824219,8058.85,0,1,0,1,0,1,0,0,0,1,0,1,0,1,0,1,0,0,1,0,0,0
1,0,1,1,28,1,0,106.0999984741211,2847.4,1,1,0,1,0,1,0,1,0,0,0,0,0,1,0,1,0,1,0,0,1,0
1,1,0,0,15,1,1,74.19999694824219,1133.9,1,1,0,1,0,0,0,0,0,0,0,0,0,0,0,0,0,0,0,1,0,0
0,1,0,0,4,1,1,74.44999694824219,294.45,0,1,0,1,0,0,0,0,0,0,0,0,0,0,0,0,0,0,0,0,1,0
0,0,0,0,71,1,0,24.549999237060547,1719.15,0,1,0,0,1,0,1,0,1,0,1,0,1,0,1,0,1,0,1,0,1,0
0,0,0,0,5,1,1,89.3499984741211,461.7,1,0,0,1,0,0,0,1,0,0,0,1,0,0,0,1,0,0,0,0,1,0
1,0,1,1,47,1,0,24.549999237060547,1160.45,0,1,0,0,1,0,1,0,1,0,1,0,1,0,1,0,1,0,1,0,0,1
1,1,1,0,57,1,1,90.6500015258789,5199.8,0,0,0,1,0,0,0,1,0,1,0,0,0,1,0,0,0,1,0,0,1,0
1,1,1,0,50,1,1,105.05000305175781,5163.3,0,1,0,1,0,1,0,0,0,1,0,0,0,1,0,1,0,0,1,1,0,0
1,0,0,0,8,1,1,20.450000762939453,162.3,0,0,0,0,1,0,1,0,1,0,1,0,1,0,1,0,1,0,0,1,0,0
0,0,1,1,48,1,0,19.549999237060547,883.35,0,0,0,0,1,0,1,0,1,0,1,0,1,0,1,0,1,0,1,0,0,1
0,0,0,0,70,1,0,19.700000762939453,1341.5,0,0,0,0,1,0,1,0,1,0,1,0,1,0,1,0,1,1,0,0,0,0
1,0,0,1,1,1,1,70.44999694824219,70.45,0,0,0,0,0,1,0,1,0,0,0,1,0,0,0,1,0,0,0,0,0,0
1,0,1,0,8,1,1,85.6500015258789,659.45,0,1,0,1,0,0,0,0,0,0,0,0,0,0,0,1,0,0,0,0,0,0
0,0,0,0,1,1,1,77.1500015258789,77.15,1,1,0,1,0,0,0,0,0,0,0,0,0,0,0,0,0,0,0,0,1,0
1,0,0,0,1,0,1,35.25,35.25,1,0,1,0,0,0,0,0,0,0,0,0,0,0,0,1,0,0,0,0,0,0
1,0,1,1,60,1,0,20.549999237060547,1205.05,0,0,0,0,1,0,1,0,1,0,1,0,1,0,1,0,1,0,1,0,0,1
1,0,1,1,49,1,1,97.94999694824219,4917.9,0,1,0,1,0,0,0,0,0,0,0,1,0,1,0,1,0,1,0,0,1,0
1,0,1,0,4,0,1,48.54999923706055,201.0,1,0,1,0,0,0,0,1,0,0,0,0,0,1,0,1,0,0,0,0,1,0
0,0,0,0,29,1,0,20.0,599.3,0,0,0,0,1,0,1,0,1,0,1,0,1,0,1,0,1,1,0,0,0,1
0,0,1,0,67,1,1,25.25,1733.15,0,1,0,0,1,0,1,0,1,0,1,0,1,0,1,0,1,0,1,1,0,0
0,0,1,0,53,1,1,98.4000015258789,5149.5,1,1,0,1,0,0,0,1,0,0,0,0,0,1,0,1,0,0,0,1,0,0
1,0,1,0,67,1,0,70.9000015258789,4677.1,0,1,0,0,0,1,0,1,0,1,0,1,0,0,0,0,0,0,1,1,0,0
0,0,1,1,6,1,0,19.850000381469727,119.3,0,0,0,0,1,0,1,0,1,0,1,0,1,0,1,0,1,0,0,0,0,1
0,0,0,0,47,1,1,106.3499984741211,4849.1,0,1,0,1,0,0,0,1,0,1,0,0,0,1,0,1,0,0,0,0,1,0
0,0,0,0,53,1,0,99.5,5424.25,0,0,0,1,0,1,0,1,0,1,0,1,0,0,0,1,0,0,1,0,0,1
1,0,1,0,69,1,1,84.69999694824219,5878.9,0,0,0,0,0,1,0,1,0,1,0,1,0,1,0,1,0,0,1,0,0,1
1,0,0,0,3,1,1,86.05000305175781,244.85,0,0,0,1,0,1,0,0,0,0,0,0,0,0,0,1,0,0,0,0,0,1
1,0,0,0,4,1,0,44.54999923706055,220.75,0,0,0,0,0,0,0,0,0,0,0,0,0,0,0,0,0,0,0,0,0,1
1,0,1,1,56,1,1,75.8499984741211,4261.2,0,1,0,0,0,1,0,1,0,0,0,1,0,0,0,1,0,0,1,1,0,0
1,1,1,0,59,1,1,93.8499984741211,5574.75,1,1,0,1,0,0,0,0,0,0,0,0,0,1,0,1,0,0,0,0,0,0
1,1,1,0,61,1,0,25.0,1501.75,0,1,0,0,1,0,1,0,1,0,1,0,1,0,1,0,1,0,1,0,0,0
0,0,1,0,2,1,1,45.0,89.75,0,0,0,0,0,0,0,0,0,0,0,0,0,0,0,0,0,0,0,0,1,0
1,1,1,1,46,1,1,100.69999694824219,4541.2,1,1,0,1,0,1,0,1,0,1,0,0,0,1,0,0,0,0,0,0,1,0
1,0,1,1,12,1,0,20.5,255.5,0,0,0,0,1,0,1,0,1,0,1,0,1,0,1,0,1,0,0,0,0,1
0,0,0,0,14,1,1,80.44999694824219,1072.0,1,1,0,1,0,0,0,0,0,1,0,0,0,0,0,0,0,0,0,0,1,0
0,0,1,1,28,1,1,90.44999694824219,2509.25,0,1,0,1,0,0,0,0,0,0,0,1,0,0,0,1,0,1,0,0,1,0
1,0,0,0,24,1,0,60.45000076293945,1440.75,0,0,0,0,0,1,0,1,0,0,0,1,0,0,0,0,0,0,0,0,0,0
1,0,0,0,31,1,1,55.25,1715.65,1,0,0,0,0,0,0,0,0,1,0,1,0,0,0,0,0,0,0,0,1,0
0,0,1,1,68,1,1,78.44999694824219,5333.35,0,1,0,0,0,1,0,1,0,1,0,1,0,0,0,1,0,1,0,0,1,0
1,0,0,1,39,1,0,100.55000305175781,3895.35,0,1,0,1,0,0,0,0,0,0,0,1,0,1,0,1,0,0,1,0,0,1
0,0,1,0,42,1,0,20.350000381469727,869.9,0,0,0,0,1,0,1,0,1,0,1,0,1,0,1,0,1,0,0,1,0,0
1,0,1,0,13,0,1,54.45000076293945,706.85,1,0,1,0,0,1,0,0,0,0,0,1,0,1,0,1,0,0,0,0,1,0
0,0,1,0,6,1,1,90.75,512.25,0,1,0,1,0,0,0,1,0,0,0,0,0,0,0,1,0,0,0,0,1,0
1,0,0,0,35,1,0,75.3499984741211,2636.05,1,1,0,1,0,0,0,0,0,0,0,0,0,0,0,0,0,0,0,1,0,0
0,0,1,0,38,1,1,20.25,814.75,0,0,0,0,1,0,1,0,1,0,1,0,1,0,1,0,1,1,0,1,0,0
1,0,0,0,18,1,0,20.049999237060547,388.6,0,0,0,0,1,0,1,0,1,0,1,0,1,0,1,0,1,0,1,1,0,0
0,0,1,0,4,1,0,19.600000381469727,93.45,0,0,0,0,1,0,1,0,1,0,1,0,1,0,1,0,1,0,0,0,0,1
1,0,1,0,27,1,1,53.79999923706055,1389.85,0,0,0,0,0,0,0,1,0,0,0,1,0,0,0,0,0,0,0,0,1,0
1,0,0,1,41,1,0,70.19999694824219,2894.55,0,0,0,0,0,1,0,1,0,1,0,0,0,1,0,0,0,1,0,0,0,1
1,0,1,1,50,1,0,75.5,4025.6,0,0,0,0,0,1,0,0,0,0,0,1,0,1,0,1,0,1,0,0,1,0
1,0,1,1,72,1,0,20.350000381469727,1354.4,0,0,0,0,1,0,1,0,1,0,1,0,1,0,1,0,1,0,1,0,1,0
0,0,0,0,70,1,0,26.049999237060547,1856.4,0,1,0,0,1,0,1,0,1,0,1,0,1,0,1,0,1,1,0,1,0,0
1,0,1,1,44,1,0,20.600000381469727,926.0,0,0,0,0,1,0,1,0,1,0,1,0,1,0,1,0,1,1,0,0,0,0
1,0,0,0,2,1,1,75.69999694824219,189.2,1,0,0,1,0,1,0,0,0,0,0,0,0,0,0,0,0,0,0,0,1,0
0,0,1,1,34,1,1,20.100000381469727,682.1,0,0,0,0,1,0,1,0,1,0,1,0,1,0,1,0,1,1,0,0,0,0
0,1,1,0,72,1,0,24.299999237060547,1778.7,0,1,0,0,1,0,1,0,1,0,1,0,1,0,1,0,1,0,1,0,0,0
1,0,1,0,71,1,1,24.5,1816.2,0,1,0,0,1,0,1,0,1,0,1,0,1,0,1,0,1,0,1,0,1,0
0,0,0,0,64,1,1,110.5,7069.25,0,1,0,1,0,0,0,1,0,1,0,1,0,1,0,1,0,0,1,1,0,0
0,0,1,0,72,1,1,25.25,1841.2,0,1,0,0,1,0,1,0,1,0,1,0,1,0,1,0,1,0,1,0,0,0
1,0,0,0,1,1,1,74.25,74.25,1,1,0,1,0,0,0,0,0,0,0,0,0,0,0,0,0,0,0,0,0,1
1,1,1,0,29,1,0,90.0999984741211,2656.7,0,0,0,1,0,1,0,0,0,1,0,0,0,0,0,1,0,1,0,0,0,0
0,0,1,0,23,1,1,68.75,1689.45,0,0,0,0,0,1,0,0,0,1,0,1,0,0,0,1,0,1,0,0,0,0
1,0,1,1,52,1,0,19.200000762939453,1054.75,0,0,0,0,1,0,1,0,1,0,1,0,1,0,1,0,1,0,1,0,0,1
0,1,0,0,25,1,1,89.69999694824219,2187.55,1,1,0,1,0,0,0,1,0,0,0,0,0,0,0,1,0,0,0,0,1,0
0,0,0,0,64,1,1,115.0999984741211,7334.05,0,1,0,1,0,1,0,1,0,1,0,1,0,1,0,1,0,0,1,0,0,0
0,1,0,0,16,1,1,96.4000015258789,1581.2,1,1,0,1,0,0,0,0,0,0,0,0,0,1,0,1,0,0,0,0,1,0
1,1,0,0,1,1,1,69.5,69.5,1,0,0,1,0,0,0,0,0,0,0,0,0,0,0,0,0,0,0,0,0,0
1,0,0,0,24,1,1,99.6500015258789,2404.85,0,1,0,1,0,0,0,1,0,0,0,0,0,1,0,1,0,0,0,0,0,0
1,0,1,0,2,1,1,91.44999694824219,171.45,0,1,0,1,0,0,0,0,0,1,0,0,0,1,0,0,0,0,0,0,1,0
0,0,1,1,34,1,0,84.75,2839.45,0,0,0,0,0,1,0,1,0,1,0,1,0,1,0,1,0,0,1,0,0,1
1,1,1,0,36,1,1,85.25,3132.75,1,1,0,1,0,0,0,0,0,0,0,0,0,0,0,1,0,0,0,1,0,0
1,0,1,1,53,1,1,78.75,3942.45,0,1,0,0,0,0,0,0,0,1,0,1,0,1,0,1,0,1,0,0,0,1
0,0,1,1,47,1,0,20.25,873.4,0,0,0,0,1,0,1,0,1,0,1,0,1,0,1,0,1,0,1,1,0,0
1,0,0,1,72,1,0,19.899999618530273,1529.65,0,0,0,0,1,0,1,0,1,0,1,0,1,0,1,0,1,0,1,1,0,0
1,0,1,1,72,1,1,97.75,6991.6,0,1,0,1,0,1,0,1,0,0,0,1,0,0,0,1,0,0,1,1,0,0
1,0,0,0,1,1,0,19.399999618530273,19.4,1,0,0,0,1,0,1,0,1,0,1,0,1,0,1,0,1,0,0,0,0,1
0,0,0,0,9,1,1,83.30000305175781,803.3,1,1,0,1,0,0,0,0,0,0,0,0,0,0,0,1,0,0,0,0,1,0
0,0,0,0,8,1,1,80.0999984741211,679.3,1,0,0,1,0,0,0,0,0,0,0,0,0,1,0,0,0,0,0,0,0,0
1,1,0,0,45,1,0,62.70000076293945,2791.5,1,0,0,0,0,1,0,0,0,1,0,0,0,0,0,1,0,1,0,1,0,0
0,0,0,0,7,1,1,100.4000015258789,715.0,0,0,0,1,0,0,0,0,0,1,0,1,0,1,0,1,0,0,0,0,1,0
0,0,1,0,71,1,1,24.450000762939453,1681.6,0,1,0,0,1,0,1,0,1,0,1,0,1,0,1,0,1,0,1,1,0,0
0,1,0,0,41,1,1,101.0999984741211,4016.2,0,0,0,1,0,0,0,0,0,1,0,1,0,1,0,1,0,1,0,0,0,0
1,0,1,1,67,0,0,50.900001525878906,3281.65,0,0,1,0,0,1,0,0,0,0,0,0,0,1,0,1,0,0,1,1,0,0
1,0,1,0,69,1,1,107.19999694824219,7317.1,0,1,0,1,0,1,0,1,0,1,0,1,0,0,0,1,0,1,0,1,0,0
0,1,1,0,70,1,1,92.19999694824219,6474.45,0,1,0,0,0,1,0,1,0,1,0,1,0,1,0,1,0,0,1,0,0,0
1,0,0,0,25,1,0,25.299999237060547,676.35,1,1,0,0,1,0,1,0,1,0,1,0,1,0,1,0,1,1,0,0,0,0
1,0,0,0,72,1,0,113.4000015258789,8164.1,0,1,0,1,0,1,0,1,0,1,0,1,0,1,0,1,0,0,1,0,0,0
1,0,1,1,34,0,1,40.54999923706055,1325.85,0,0,1,0,0,0,0,0,0,0,0,1,0,1,0,0,0,0,1,0,1,0
0,0,1,1,65,1,0,26.0,1654.85,0,1,0,0,1,0,1,0,1,0,1,0,1,0,1,0,1,0,1,1,0,0
0,0,0,0,70,1,1,111.94999694824219,7795.95,0,1,0,1,0,1,0,1,0,1,0,1,0,1,0,1,0,0,1,1,0,0
0,0,1,1,72,0,1,53.79999923706055,3952.45,0,0,1,0,0,1,0,0,0,1,0,0,0,1,0,1,0,0,1,1,0,0
1,0,0,1,35,1,1,72.0999984741211,2495.15,0,0,0,0,0,0,0,0,0,0,0,1,0,1,0,1,0,1,0,0,0,1
1,0,0,0,13,1,0,98.1500015258789,1230.25,1,1,0,1,0,1,0,0,0,0,0,0,0,1,0,1,0,0,0,0,0,1
0,0,1,0,12,1,0,78.8499984741211,876.75,0,1,0,0,0,1,0,0,0,1,0,0,0,1,0,1,0,1,0,0,1,0
0,0,1,1,62,1,1,70.75,4263.45,0,0,0,0,0,1,0,0,0,1,0,1,0,1,0,0,0,1,0,0,0,0
0,0,0,0,25,1,1,76.1500015258789,1992.95,0,0,0,0,0,1,0,0,0,0,0,1,0,1,0,1,0,0,0,1,0,0
0,0,0,0,52,0,0,39.099998474121094,1982.1,0,0,1,0,0,1,0,1,0,0,0,1,0,0,0,0,0,0,1,0,0,1
1,1,0,0,8,1,1,69.94999694824219,562.7,0,0,0,1,0,0,0,0,0,0,0,0,0,0,0,0,0,0,0,1,0,0
1,0,0,0,2,1,0,20.049999237060547,33.7,0,0,0,0,1,0,1,0,1,0,1,0,1,0,1,0,1,0,0,0,0,1
0,0,1,1,56,1,0,20.049999237060547,1090.1,0,0,0,0,1,0,1,0,1,0,1,0,1,0,1,0,1,0,1,0,0,1
0,0,0,0,12,1,0,19.450000762939453,227.45,0,0,0,0,1,0,1,0,1,0,1,0,1,0,1,0,1,0,0,0,0,0
0,0,1,0,47,1,0,26.899999618530273,1250.85,0,1,0,0,1,0,1,0,1,0,1,0,1,0,1,0,1,1,0,0,1,0
1,1,0,0,2,1,0,19.200000762939453,37.2,0,0,0,0,1,0,1,0,1,0,1,0,1,0,1,0,1,0,0,0,1,0
0,0,0,0,18,1,1,50.0,892.7,0,0,0,0,0,0,0,0,0,1,0,0,0,0,0,0,0,0,0,0,0,1
0,0,0,0,8,1,1,60.0,487.75,0,0,0,0,0,1,0,0,0,0,0,0,0,1,0,0,0,0,0,0,1,0
1,0,1,0,45,1,1,84.55000305175781,3713.95,0,1,0,1,0,1,0,0,0,1,0,0,0,0,0,0,0,0,0,0,0,1
1,0,0,0,3,1,0,45.45000076293945,141.7,0,0,0,0,0,0,0,0,0,0,0,0,0,0,0,0,0,0,0,0,0,1
0,0,0,0,38,1,0,20.049999237060547,678.2,0,0,0,0,1,0,1,0,1,0,1,0,1,0,1,0,1,1,0,0,0,1
1,0,1,0,72,1,1,115.55000305175781,8425.3,0,1,0,1,0,1,0,1,0,1,0,1,0,1,0,1,0,0,1,0,1,0
1,0,0,0,46,1,1,93.69999694824219,4154.8,1,1,0,1,0,1,0,1,0,0,0,0,0,0,0,1,0,0,0,0,1,0
0,0,1,1,71,1,1,99.0,7061.65,0,1,0,1,0,1,0,1,0,1,0,0,0,1,0,0,0,0,1,1,0,0
1,0,1,1,66,0,0,50.54999923706055,3364.55,0,0,1,0,0,0,0,0,0,0,0,1,0,1,0,1,0,0,1,0,0,0
1,1,0,0,25,1,0,105.94999694824219,2655.25,1,1,0,1,0,0,0,1,0,1,0,0,0,1,0,1,0,0,0,0,0,1
1,0,0,0,18,1,1,82.0,1425.45,1,1,0,0,0,0,0,0,0,1,0,1,0,1,0,1,0,1,0,1,0,0
0,0,1,1,13,1,1,25.0,332.5,0,1,0,0,1,0,1,0,1,0,1,0,1,0,1,0,1,0,1,0,0,0
0,0,1,1,65,1,0,91.55000305175781,5963.95,0,1,0,0,0,1,0,1,0,1,0,1,0,1,0,1,0,0,1,0,0,0
1,0,1,0,60,1,1,95.75,5742.9,1,1,0,1,0,0,0,1,0,1,0,0,0,1,0,0,0,0,0,0,1,0
1,0,1,1,15,1,0,19.350000381469727,278.85,0,0,0,0,1,0,1,0,1,0,1,0,1,0,1,0,1,0,1,0,0,1
0,0,1,0,72,1,0,24.850000381469727,1871.85,0,1,0,0,1,0,1,0,1,0,1,0,1,0,1,0,1,0,1,1,0,0
1,0,1,0,30,1,1,94.05000305175781,2866.45,1,1,0,1,0,0,0,0,0,0,0,0,0,1,0,1,0,0,0,1,0,0
0,0,1,1,42,1,1,100.4000015258789,4303.65,0,0,0,1,0,0,0,0,0,1,0,1,0,1,0,1,0,0,1,0,1,0
0,0,1,0,71,1,0,25.0,1753.0,0,1,0,0,1,0,1,0,1,0,1,0,1,0,1,0,1,0,1,0,0,0
0,0,0,0,1,1,1,54.75,54.75,1,0,0,0,0,0,0,0,0,0,0,0,0,0,0,1,0,0,0,0,0,1
1,1,0,0,39,1,1,95.6500015258789,3759.05,1,1,0,1,0,0,0,0,0,0,0,0,0,1,0,1,0,0,0,0,0,0
0,0,0,0,35,1,0,19.25,617.65,0,0,0,0,1,0,1,0,1,0,1,0,1,0,1,0,1,0,0,0,0,0
0,0,1,1,53,1,1,108.25,5935.1,0,0,0,1,0,0,0,1,0,1,0,1,0,1,0,1,0,0,0,0,0,0
0,0,0,0,1,1,1,94.5999984741211,94.6,1,1,0,1,0,0,0,0,0,0,0,0,0,1,0,1,0,0,0,0,1,0
0,1,1,1,31,1,1,98.9000015258789,2911.3,1,0,0,1,0,0,0,0,0,1,0,1,0,1,0,1,0,0,0,0,1,0
1,0,0,0,48,1,0,20.149999618530273,982.95,0,0,0,0,1,0,1,0,1,0,1,0,1,0,1,0,1,0,1,1,0,0
0,1,0,1,30,1,1,101.30000305175781,2974.5,0,1,0,1,0,0,0,0,0,0,0,1,0,1,0,1,0,0,0,0,1,0
1,0,0,0,10,1,0,20.0,198.7,0,0,0,0,1,0,1,0,1,0,1,0,1,0,1,0,1,0,0,1,0,0
0,0,0,1,12,1,1,105.30000305175781,1275.65,0,1,0,1,0,0,0,1,0,1,0,0,0,1,0,1,0,0,0,0,1,0
0,1,0,0,57,1,0,69.8499984741211,4003.0,0,0,0,0,0,1,0,0,0,1,0,1,0,1,0,0,0,0,1,0,0,0
0,0,1,0,58,1,1,65.25,3791.6,0,0,0,0,0,1,0,1,0,0,0,0,0,1,0,0,0,0,0,1,0,0
0,0,0,0,37,1,0,19.799999237060547,813.3,0,0,0,0,1,0,1,0,1,0,1,0,1,0,1,0,1,0,1,0,0,1
0,0,1,1,44,1,0,19.600000381469727,780.25,0,0,0,0,1,0,1,0,1,0,1,0,1,0,1,0,1,0,0,0,0,1
1,0,0,1,27,1,0,20.049999237060547,552.9,0,0,0,0,1,0,1,0,1,0,1,0,1,0,1,0,1,1,0,1,0,0
0,0,0,0,8,1,0,49.400001525878906,408.25,0,0,0,0,0,0,0,0,0,0,0,1,0,0,0,0,0,0,0,0,1,0
1,1,0,0,3,1,1,76.05000305175781,231.8,1,1,0,1,0,0,0,0,0,0,0,0,0,0,0,0,0,0,0,0,1,0
0,1,1,0,25,1,0,88.4000015258789,2191.15,0,0,0,1,0,0,0,1,0,1,0,0,0,0,0,1,0,0,0,0,0,0
0,0,1,1,57,1,1,100.5999984741211,5611.7,0,1,0,1,0,0,0,1,0,0,0,0,0,1,0,1,0,0,0,0,1,0
0,0,0,0,12,1,0,19.450000762939453,246.25,0,0,0,0,1,0,1,0,1,0,1,0,1,0,1,0,1,0,0,0,0,1
0,0,1,1,62,1,0,20.299999237060547,1296.15,0,0,0,0,1,0,1,0,1,0,1,0,1,0,1,0,1,0,1,0,0,0
0,0,1,0,65,1,1,107.6500015258789,7082.85,0,1,0,1,0,0,0,1,0,1,0,1,0,1,0,1,0,0,1,0,0,0
0,0,1,0,71,1,1,80.44999694824219,5662.25,0,1,0,0,0,0,0,0,0,1,0,1,0,1,0,1,0,0,1,0,0,0
0,0,1,1,21,1,1,58.849998474121094,1215.45,0,0,0,0,0,0,0,1,0,0,0,0,0,1,0,0,0,1,0,1,0,0
1,0,1,0,71,1,1,109.5999984741211,7854.15,0,1,0,1,0,1,0,1,0,1,0,0,0,1,0,1,0,1,0,0,1,0
0,0,0,0,7,1,1,75.1500015258789,525.0,0,0,0,1,0,0,0,0,0,1,0,0,0,0,0,0,0,0,0,0,1,0
0,0,0,0,72,1,1,73.0,5265.2,0,0,0,0,0,1,0,1,0,1,0,1,0,0,0,1,0,0,1,1,0,0
0,0,0,0,1,1,0,70.0999984741211,70.1,0,0,0,1,0,0,0,0,0,0,0,0,0,0,0,0,0,0,0,0,1,0
0,0,1,1,72,1,1,98.6500015258789,7129.45,0,1,0,1,0,0,0,1,0,1,0,1,0,0,0,1,0,0,1,0,0,0
0,0,1,1,64,1,1,111.44999694824219,7266.95,0,1,0,1,0,0,0,1,0,1,0,1,0,1,0,1,0,1,0,0,1,0
0,0,0,0,72,1,1,114.9000015258789,8496.7,0,1,0,1,0,1,0,1,0,1,0,1,0,1,0,1,0,0,1,0,1,0
0,0,0,0,29,1,0,100.55000305175781,2878.75,0,1,0,1,0,0,0,0,0,1,0,0,0,1,0,1,0,0,0,0,0,0
0,0,0,0,13,1,1,20.399999618530273,261.3,0,0,0,0,1,0,1,0,1,0,1,0,1,0,1,0,1,0,1,0,0,1
0,0,0,0,31,1,0,104.3499984741211,3205.6,0,1,0,1,0,1,0,1,0,0,0,0,0,1,0,1,0,0,0,0,1,0
1,1,0,0,1,1,1,69.75,69.75,1,0,0,1,0,0,0,0,0,0,0,0,0,0,0,0,0,0,0,0,1,0
1,0,1,1,7,0,1,34.5,279.25,1,0,1,0,0,1,0,0,0,0,0,1,0,0,0,0,0,0,0,0,1,0
1,0,1,0,61,1,1,105.55000305175781,6281.45,1,1,0,1,0,0,0,1,0,1,0,0,0,1,0,1,0,0,0,0,1,0
0,0,0,1,39,0,0,30.100000381469727,1131.3,1,0,1,0,0,0,0,0,0,1,0,0,0,0,0,0,0,0,0,1,0,0
1,0,1,0,10,1,1,70.30000305175781,738.2,1,0,0,1,0,0,0,0,0,0,0,0,0,0,0,0,0,0,0,0,1,0
0,0,1,1,14,1,0,80.44999694824219,1137.05,0,1,0,0,0,0,0,1,0,0,0,1,0,1,0,1,0,0,0,1,0,0
0,0,0,0,1,1,1,80.19999694824219,80.2,1,1,0,1,0,0,0,1,0,0,0,0,0,0,0,0,0,0,0,0,0,1
0,0,1,1,67,1,1,94.3499984741211,6341.45,1,1,0,1,0,1,0,0,0,0,0,1,0,0,0,1,0,1,0,1,0,0
0,0,0,0,72,1,1,91.3499984741211,6697.2,0,1,0,0,0,1,0,1,0,1,0,1,0,1,0,1,0,0,1,0,0,0
1,0,1,1,6,1,1,44.599998474121094,260.8,1,0,0,0,0,0,0,0,0,0,0,0,0,0,0,0,0,0,0,0,0,0
0,0,0,0,1,1,1,19.600000381469727,19.6,1,0,0,0,1,0,1,0,1,0,1,0,1,0,1,0,1,0,0,0,0,1
1,0,1,1,25,1,0,19.899999618530273,505.45,0,0,0,0,1,0,1,0,1,0,1,0,1,0,1,0,1,1,0,0,1,0
0,1,0,0,33,1,1,110.44999694824219,3655.45,1,1,0,1,0,0,0,1,0,1,0,1,0,1,0,1,0,0,0,0,1,0
1,0,0,0,18,1,1,68.3499984741211,1299.8,0,0,0,0,0,1,0,0,0,1,0,1,0,1,0,0,0,0,0,0,1,0
1,0,1,0,71,1,1,79.0999984741211,5564.85,0,0,0,0,0,0,0,1,0,1,0,1,0,1,0,1,0,0,1,1,0,0
1,1,1,1,28,1,1,51.0,1381.8,0,1,0,0,0,0,0,0,0,0,0,0,0,0,0,0,0,1,0,0,1,0
0,0,0,1,2,1,0,80.55000305175781,188.1,0,1,0,1,0,1,0,0,0,0,0,0,0,0,0,0,0,0,0,1,0,0
1,0,1,1,17,1,1,66.69999694824219,1077.05,0,1,0,0,0,0,0,1,0,1,0,1,0,0,0,0,0,0,0,0,0,1
1,0,0,0,56,1,1,86.4000015258789,4922.4,0,1,0,1,0,1,0,1,0,0,0,0,0,0,0,0,0,0,0,0,1,0
0,0,1,0,60,0,0,50.04999923706055,2911.5,0,0,1,0,0,1,0,1,0,1,0,0,0,0,0,1,0,1,0,0,1,0
0,0,0,0,33,1,0,25.700000762939453,826.1,0,1,0,0,1,0,1,0,1,0,1,0,1,0,1,0,1,0,1,1,0,0
0,0,0,0,1,1,1,83.4000015258789,83.4,0,0,0,1,0,1,0,1,0,0,0,1,0,0,0,0,0,0,0,0,0,1
1,0,0,0,2,1,0,70.69999694824219,140.7,1,0,0,1,0,0,0,0,0,0,0,0,0,0,0,0,0,0,0,1,0,0
1,0,1,0,63,1,1,84.6500015258789,5377.8,0,1,0,1,0,1,0,0,0,0,0,1,0,0,0,0,0,0,1,1,0,0
1,1,1,0,7,1,1,99.25,665.45,1,1,0,1,0,0,0,0,0,1,0,0,0,1,0,1,0,0,0,0,1,0
0,0,0,0,55,1,1,64.75,3617.1,0,0,0,0,0,0,0,1,0,1,0,0,0,0,0,1,0,0,1,0,0,1
0,0,1,0,65,1,1,100.1500015258789,6643.5,0,1,0,1,0,1,0,1,0,0,0,1,0,1,0,0,0,1,0,0,0,0
1,0,1,0,1,1,1,84.80000305175781,84.8,1,0,0,1,0,0,0,0,0,0,0,1,0,1,0,0,0,0,0,0,1,0
1,0,0,0,63,1,0,25.25,1559.3,0,1,0,0,1,0,1,0,1,0,1,0,1,0,1,0,1,0,1,0,0,1
0,1,1,0,70,1,1,113.0,7987.6,0,1,0,1,0,1,0,1,0,1,0,1,0,1,0,1,0,0,1,1,0,0
0,0,1,1,36,0,0,40.650001525878906,1547.35,0,0,1,0,0,1,0,0,0,1,0,1,0,0,0,0,0,0,1,1,0,0
1,0,0,0,52,1,1,105.0,5426.85,1,0,0,1,0,0,0,1,0,1,0,1,0,1,0,1,0,1,0,0,0,0
1,0,0,0,22,1,1,54.45000076293945,1127.35,1,1,0,0,0,1,0,0,0,0,0,0,0,0,0,0,0,0,0,0,1,0
1,0,0,0,22,1,1,94.94999694824219,2142.8,0,0,0,1,0,0,0,1,0,1,0,1,0,0,0,1,0,0,0,0,0,0
0,1,0,0,5,1,0,59.900001525878906,287.85,0,0,0,0,0,1,0,1,0,0,0,1,0,0,0,0,0,0,0,1,0,0
0,0,1,0,47,1,1,85.30000305175781,4045.65,1,0,0,1,0,0,0,0,0,1,0,0,0,0,0,1,0,0,0,0,1,0
0,0,0,0,33,1,1,83.3499984741211,2757.85,1,1,0,1,0,0,0,0,0,0,0,0,0,0,0,1,0,0,0,0,1,0
1,0,0,0,18,0,1,33.5,600.0,1,0,1,0,0,0,0,1,0,1,0,0,0,0,0,0,0,0,0,1,0,0
0,0,0,0,1,1,0,19.799999237060547,19.8,0,0,0,0,1,0,1,0,1,0,1,0,1,0,1,0,1,0,0,1,0,0
1,0,0,0,56,1,1,81.80000305175781,4534.45,0,0,0,0,0,0,0,1,0,1,0,1,0,1,0,1,0,0,1,1,0,0
0,0,0,0,2,1,1,20.0,40.9,0,0,0,0,1,0,1,0,1,0,1,0,1,0,1,0,1,0,0,0,0,1
1,0,0,0,35,1,1,59.599998474121094,2094.9,0,1,0,0,0,1,0,0,0,1,0,0,0,0,0,0,0,0,0,0,1,0
0,0,1,0,64,1,0,25.0,1584.8,0,1,0,0,1,0,1,0,1,0,1,0,1,0,1,0,1,0,1,1,0,0
0,0,0,0,15,1,1,84.3499984741211,1302.65,0,1,0,1,0,1,0,0,0,1,0,0,0,0,0,0,0,0,0,1,0,0
1,0,0,0,24,1,1,90.3499984741211,2238.5,1,0,0,1,0,0,0,0,0,0,0,0,0,1,0,1,0,0,0,0,1,0
1,0,0,0,1,1,0,55.54999923706055,55.55,0,0,0,0,0,0,0,0,0,0,0,0,0,0,0,1,0,0,0,0,0,1
0,0,1,1,70,1,0,75.3499984741211,5437.75,0,0,0,0,0,1,0,0,0,0,0,1,0,1,0,1,0,0,1,1,0,0
1,0,1,0,1,1,1,90.75,90.75,1,0,0,1,0,0,0,0,0,0,0,0,0,1,0,1,0,0,0,0,1,0
0,0,0,1,4,1,0,89.5999984741211,365.65,1,1,0,1,0,0,0,1,0,0,0,0,0,1,0,0,0,0,0,0,0,1
0,0,0,0,39,1,0,59.29999923706055,2209.15,0,0,0,0,0,0,0,0,0,0,0,1,0,0,0,1,0,1,0,0,1,0
0,0,0,0,29,1,1,66.0999984741211,1912.15,0,1,0,0,0,1,0,0,0,0,0,0,0,0,0,1,0,0,0,0,1,0
0,0,1,1,14,1,0,18.799999237060547,255.55,0,0,0,0,1,0,1,0,1,0,1,0,1,0,1,0,1,0,1,0,0,1
0,0,0,0,61,1,0,86.44999694824219,5175.3,0,1,0,0,0,1,0,0,0,1,0,1,0,1,0,1,0,0,1,1,0,0
1,0,0,1,13,1,1,52.099998474121094,670.65,0,0,0,0,0,1,0,0,0,0,0,0,0,0,0,0,0,0,0,1,0,0
0,0,0,0,66,0,1,47.400001525878906,3177.25,0,0,1,0,0,1,0,1,0,1,0,1,0,0,0,0,0,0,1,0,0,1
1,0,0,0,2,0,1,49.25,90.35,1,0,1,0,0,0,0,0,0,1,0,0,0,1,0,1,0,0,0,0,1,0
0,0,1,0,59,1,1,109.1500015258789,6557.75,0,1,0,1,0,1,0,1,0,1,0,0,0,1,0,1,0,1,0,1,0,0
1,0,1,1,62,1,1,94.94999694824219,5791.85,0,1,0,1,0,1,0,1,0,0,0,0,0,1,0,0,0,1,0,1,0,0
1,1,1,0,33,1,1,93.55000305175781,3055.5,0,0,0,1,0,1,0,1,0,0,0,1,0,0,0,1,0,1,0,0,1,0
1,0,0,1,66,1,1,79.5,5196.1,0,0,0,0,0,0,0,1,0,1,0,1,0,1,0,1,0,0,1,1,0,0
0,0,0,0,72,1,0,115.05000305175781,8405.0,0,1,0,1,0,1,0,1,0,1,0,1,0,1,0,1,0,0,1,1,0,0
1,0,0,1,1,1,0,19.75,19.75,1,0,0,0,1,0,1,0,1,0,1,0,1,0,1,0,1,0,0,0,0,1
0,0,0,0,19,1,1,95.1500015258789,1789.25,1,1,0,1,0,1,0,1,0,0,0,0,0,0,0,1,0,0,0,0,1,0
0,0,1,1,51,1,1,95.1500015258789,5000.05,0,1,0,1,0,1,0,0,0,0,0,1,0,1,0,0,0,1,0,0,0,1
1,0,0,0,63,1,0,105.4000015258789,6713.2,0,1,0,1,0,0,0,1,0,0,0,1,0,1,0,1,0,0,0,0,1,0
1,0,0,0,27,1,0,20.100000381469727,562.6,0,0,0,0,1,0,1,0,1,0,1,0,1,0,1,0,1,1,0,0,0,0
1,0,0,0,22,1,1,101.3499984741211,2317.1,1,1,0,1,0,1,0,0,0,0,0,0,0,1,0,1,0,0,0,0,0,0
0,1,0,0,4,1,0,20.049999237060547,91.45,0,0,0,0,1,0,1,0,1,0,1,0,1,0,1,0,1,0,0,0,0,1
1,0,1,1,42,1,0,20.700000762939453,828.85,0,0,0,0,1,0,1,0,1,0,1,0,1,0,1,0,1,0,1,0,0,1
0,0,0,0,29,1,0,20.350000381469727,617.35,0,0,0,0,1,0,1,0,1,0,1,0,1,0,1,0,1,1,0,0,0,1
0,0,0,0,4,1,1,70.05000305175781,266.9,1,0,0,1,0,0,0,0,0,0,0,0,0,0,0,0,0,0,0,1,0,0
1,0,0,0,30,1,0,19.700000762939453,625.05,0,0,0,0,1,0,1,0,1,0,1,0,1,0,1,0,1,1,0,0,0,1
1,0,1,0,4,1,1,74.6500015258789,301.4,1,1,0,1,0,0,0,0,0,0,0,0,0,0,0,0,0,0,0,0,1,0
1,0,1,1,71,1,0,85.44999694824219,6029.9,0,0,0,0,0,1,0,1,0,1,0,1,0,1,0,1,0,0,1,0,0,0
1,0,1,0,46,0,0,40.400001525878906,1842.7,0,0,1,0,0,1,0,0,0,1,0,1,0,0,0,0,0,0,1,1,0,0
1,0,0,0,4,1,0,50.400001525878906,206.6,1,1,0,0,0,0,0,0,0,0,0,0,0,0,0,0,0,0,0,0,0,1
0,0,0,0,7,1,1,79.6500015258789,604.7,1,1,0,1,0,1,0,0,0,0,0,0,0,0,0,0,0,0,0,0,0,1
1,0,0,0,69,1,1,105.19999694824219,7386.05,0,1,0,1,0,0,0,1,0,0,0,1,0,1,0,1,0,1,0,0,0,0
0,0,1,0,72,1,0,100.6500015258789,7334.05,0,1,0,1,0,1,0,1,0,1,0,0,0,1,0,0,0,0,1,0,0,0
1,1,0,0,19,1,1,79.8499984741211,1471.75,1,1,0,1,0,0,0,0,0,1,0,0,0,0,0,0,0,0,0,0,1,0
1,0,0,0,28,1,0,91.0,2626.15,0,0,0,1,0,0,0,0,0,1,0,1,0,0,0,1,0,0,0,0,1,0
1,0,1,0,5,1,1,78.75,412.1,1,1,0,1,0,0,0,1,0,0,0,0,0,0,0,0,0,0,0,0,1,0
0,1,1,0,72,1,1,116.75,8277.05,0,1,0,1,0,1,0,1,0,1,0,1,0,1,0,1,0,0,1,1,0,0
1,1,1,1,8,1,1,80.44999694824219,583.45,1,0,0,1,0,0,0,0,0,0,0,0,0,1,0,0,0,0,0,1,0,0
0,0,0,0,7,1,1,59.099998474121094,369.25,0,0,0,0,0,1,0,0,0,0,0,0,0,0,0,1,0,1,0,0,1,0
0,0,0,0,22,1,1,49.79999923706055,1049.05,0,0,0,0,0,1,0,0,0,0,0,0,0,0,0,0,0,0,0,0,1,0
1,0,0,0,72,1,0,19.299999237060547,1414.8,0,0,0,0,1,0,1,0,1,0,1,0,1,0,1,0,1,0,1,0,0,0
1,0,1,1,8,1,0,19.649999618530273,169.75,0,0,0,0,1,0,1,0,1,0,1,0,1,0,1,0,1,0,0,1,0,0
1,0,1,0,52,1,1,81.4000015258789,4354.45,0,1,0,0,0,1,0,1,0,1,0,1,0,0,0,1,0,1,0,1,0,0
0,0,0,0,68,0,0,38.900001525878906,2719.2,0,0,1,0,0,1,0,0,0,1,0,1,0,0,0,0,0,0,1,0,0,1
0,0,1,0,71,1,0,87.94999694824219,6365.35,0,1,0,0,0,1,0,1,0,1,0,1,0,1,0,1,0,0,1,0,0,0
1,0,0,0,2,1,0,19.850000381469727,51.6,0,0,0,0,1,0,1,0,1,0,1,0,1,0,1,0,1,0,0,0,0,1
0,1,0,0,34,1,1,96.3499984741211,3190.25,0,1,0,1,0,0,0,1,0,0,0,1,0,1,0,0,0,0,0,0,1,0
0,0,0,0,35,0,0,24.149999618530273,812.5,0,0,1,0,0,0,0,0,0,0,0,0,0,0,0,0,0,0,0,0,1,0
0,0,1,1,61,1,0,19.100000381469727,1143.8,0,0,0,0,1,0,1,0,1,0,1,0,1,0,1,0,1,1,0,1,0,0
1,0,0,0,1,1,0,44.0,44.0,0,0,0,0,0,0,0,0,0,0,0,0,0,0,0,0,0,0,0,0,1,0
0,0,0,0,1,1,1,50.099998474121094,50.1,1,1,0,0,0,0,0,0,0,0,0,0,0,0,0,0,0,0,0,0,0,1
0,0,1,1,53,1,0,60.599998474121094,3297.0,0,0,0,0,0,0,0,0,0,1,0,0,0,0,0,1,0,1,0,1,0,0
0,0,1,0,72,1,0,25.649999618530273,1887.0,0,1,0,0,1,0,1,0,1,0,1,0,1,0,1,0,1,0,1,0,0,0
1,0,1,0,2,1,0,76.4000015258789,151.8,1,0,0,1,0,0,0,0,0,1,0,0,0,0,0,0,0,0,0,0,1,0
1,0,0,0,3,1,1,98.69999694824219,293.65,1,0,0,1,0,0,0,0,0,1,0,1,0,1,0,1,0,0,0,0,1,0
0,1,0,0,13,1,1,100.80000305175781,1308.1,1,1,0,1,0,1,0,0,0,0,0,0,0,1,0,1,0,0,0,0,1,0
1,1,1,0,41,0,1,53.95000076293945,2215.4,0,0,1,0,0,0,0,1,0,1,0,0,0,1,0,1,0,0,0,0,1,0
0,0,1,0,24,1,0,20.399999618530273,482.8,0,0,0,0,1,0,1,0,1,0,1,0,1,0,1,0,1,1,0,1,0,0
0,0,1,1,28,1,1,90.0999984741211,2598.95,1,0,0,1,0,0,0,0,0,0,0,0,0,1,0,1,0,1,0,0,0,0
1,0,0,0,8,0,0,29.350000381469727,216.45,0,0,1,0,0,1,0,0,0,0,0,0,0,0,0,0,0,0,0,0,0,1
1,0,0,0,1,1,1,20.450000762939453,20.45,0,0,0,0,1,0,1,0,1,0,1,0,1,0,1,0,1,0,0,0,0,1
0,0,0,0,54,1,1,95.0999984741211,5064.85,0,1,0,1,0,0,0,0,0,1,0,1,0,0,0,1,0,0,1,0,0,0
1,0,0,0,41,1,1,25.25,996.45,0,1,0,0,1,0,1,0,1,0,1,0,1,0,1,0,1,0,0,0,0,0
0,0,1,0,19,1,0,44.900001525878906,839.65,0,0,0,0,0,0,0,0,0,0,0,0,0,0,0,0,0,0,0,0,0,1
0,0,1,1,72,1,0,92.6500015258789,6733.0,0,1,0,0,0,1,0,1,0,1,0,1,0,1,0,1,0,0,1,0,0,0
1,0,0,0,62,0,1,43.70000076293945,2618.3,0,0,1,0,0,1,0,1,0,1,0,1,0,0,0,0,0,0,1,0,0,0
0,1,1,1,56,1,1,72.5999984741211,4084.35,0,0,0,0,0,1,0,0,0,0,0,1,0,1,0,1,0,0,1,1,0,0
1,0,0,0,15,1,0,51.54999923706055,765.5,1,1,0,0,0,0,0,0,0,0,0,0,0,0,0,0,0,0,0,0,1,0
1,1,0,0,10,1,1,79.25,793.55,1,0,0,1,0,0,0,0,0,0,0,0,0,0,0,1,0,0,0,0,1,0
1,0,1,1,32,1,0,18.950000762939453,613.95,0,0,0,0,1,0,1,0,1,0,1,0,1,0,1,0,1,0,1,0,0,1
1,0,0,0,21,1,0,20.5,402.85,0,0,0,0,1,0,1,0,1,0,1,0,1,0,1,0,1,0,0,1,0,0
1,0,1,1,62,1,0,19.950000762939453,1244.8,0,0,0,0,1,0,1,0,1,0,1,0,1,0,1,0,1,1,0,0,0,0
0,0,0,0,2,0,0,24.5,46.4,0,0,1,0,0,0,0,0,0,0,0,0,0,0,0,0,0,0,0,0,1,0
1,0,0,1,27,1,0,20.600000381469727,581.85,0,0,0,0,1,0,1,0,1,0,1,0,1,0,1,0,1,0,1,0,0,1
1,0,0,0,5,1,1,94.8499984741211,462.8,1,1,0,1,0,0,0,0,0,0,0,0,0,1,0,1,0,0,0,0,0,0
0,0,0,0,25,0,0,61.04999923706055,1540.2,0,0,1,0,0,1,0,1,0,1,0,0,0,1,0,1,0,1,0,0,1,0
0,0,0,0,2,1,1,85.69999694824219,169.8,1,1,0,1,0,0,0,0,0,0,0,0,0,0,0,1,0,0,0,0,1,0
1,0,0,0,49,1,1,106.6500015258789,5168.1,0,1,0,1,0,0,0,1,0,0,0,1,0,1,0,1,0,1,0,0,0,0
0,0,0,0,63,1,0,108.25,6780.1,0,1,0,1,0,1,0,1,0,1,0,0,0,1,0,1,0,0,0,1,0,0
0,0,0,1,4,1,0,20.399999618530273,94.5,0,0,0,0,1,0,1,0,1,0,1,0,1,0,1,0,1,0,0,1,0,0
0,0,1,0,1,1,1,55.29999923706055,55.3,0,0,0,0,0,0,0,0,0,0,0,0,0,1,0,0,0,0,0,0,0,1
1,0,0,0,11,1,0,20.25,208.0,0,0,0,0,1,0,1,0,1,0,1,0,1,0,1,0,1,0,0,0,0,1
1,1,0,0,52,1,1,72.94999694824219,3829.75,0,1,0,1,0,0,0,0,0,0,0,0,0,0,0,0,0,0,0,0,0,0
0,1,1,0,60,1,0,89.44999694824219,5294.6,0,1,0,1,0,0,0,1,0,0,0,0,0,0,0,1,0,0,0,0,1,0
1,0,0,0,64,1,1,104.6500015258789,6889.8,0,1,0,1,0,0,0,0,0,1,0,1,0,1,0,1,0,1,0,1,0,0
0,0,1,1,43,1,0,75.19999694824219,3254.35,0,0,0,0,0,1,0,0,0,1,0,0,0,1,0,1,0,0,1,0,0,0
0,0,1,0,61,1,0,101.1500015258789,6383.9,0,1,0,1,0,0,0,0,0,0,0,1,0,1,0,1,0,1,0,0,0,0
0,0,0,0,1,1,0,44.400001525878906,44.4,1,0,0,0,0,0,0,0,0,0,0,0,0,0,0,0,0,0,0,0,0,1
1,1,0,0,5,1,1,89.5,477.7,1,0,0,1,0,0,0,0,0,0,0,0,0,1,0,1,0,0,0,0,1,0
1,0,0,0,66,1,0,68.75,4447.55,0,1,0,0,0,1,0,1,0,1,0,1,0,0,0,0,0,0,1,0,0,0
1,0,1,0,67,1,1,111.05000305175781,7321.05,0,0,0,1,0,1,0,1,0,1,0,1,0,1,0,1,0,0,1,0,1,0
0,0,1,0,42,1,1,99.0,4135.0,0,0,0,1,0,0,0,0,0,1,0,1,0,1,0,1,0,0,1,1,0,0
1,1,1,0,1,1,1,86.05000305175781,86.05,1,1,0,1,0,0,0,0,0,0,0,0,0,1,0,0,0,0,0,0,1,0
0,0,1,1,31,1,0,21.0,697.7,0,0,0,0,1,0,1,0,1,0,1,0,1,0,1,0,1,0,1,0,0,1
1,0,0,0,7,1,1,19.399999618530273,168.65,0,0,0,0,1,0,1,0,1,0,1,0,1,0,1,0,1,0,0,0,0,1
1,0,0,0,4,0,1,44.54999923706055,174.3,1,0,1,0,0,0,0,0,0,0,0,0,0,1,0,1,0,0,0,0,1,0
1,0,1,1,34,1,0,77.19999694824219,2753.8,0,1,0,0,0,0,0,0,0,1,0,0,0,1,0,1,0,1,0,0,0,0
1,0,0,0,3,1,1,19.450000762939453,69.25,0,0,0,0,1,0,1,0,1,0,1,0,1,0,1,0,1,1,0,0,0,1
0,0,1,1,19,0,1,24.850000381469727,434.8,0,0,1,0,0,0,0,0,0,0,0,0,0,0,0,0,0,0,0,0,0,1
1,0,1,1,31,0,0,35.400001525878906,1077.5,1,0,1,0,0,1,0,0,0,0,0,1,0,0,0,0,0,0,0,0,0,0
0,0,0,0,1,1,0,95.6500015258789,95.65,1,1,0,1,0,0,0,0,0,0,0,0,0,1,0,1,0,0,0,0,0,1
1,0,0,0,3,0,0,41.349998474121094,107.25,0,0,1,0,0,1,0,0,0,1,0,1,0,0,0,0,0,0,0,0,0,1
1,0,1,0,46,1,0,19.600000381469727,851.2,0,0,0,0,1,0,1,0,1,0,1,0,1,0,1,0,1,0,0,0,1,0
0,0,0,0,1,1,0,20.950000762939453,20.95,1,0,0,0,1,0,1,0,1,0,1,0,1,0,1,0,1,0,0,0,0,1
0,0,1,1,69,1,0,84.44999694824219,5848.6,0,1,0,1,0,1,0,0,0,1,0,0,0,0,0,0,0,1,0,0,0,0
1,0,0,0,5,1,0,20.25,109.8,0,0,0,0,1,0,1,0,1,0,1,0,1,0,1,0,1,0,0,0,0,1
1,0,0,0,1,1,0,19.649999618530273,19.65,0,0,0,0,1,0,1,0,1,0,1,0,1,0,1,0,1,0,0,0,0,0
1,0,0,0,26,1,1,20.649999618530273,595.5,0,0,0,0,1,0,1,0,1,0,1,0,1,0,1,0,1,1,0,1,0,0
0,1,0,0,10,0,1,34.70000076293945,329.8,1,0,1,0,0,0,0,0,0,0,0,0,0,0,0,1,0,0,0,0,1,0
1,0,0,0,25,1,0,99.30000305175781,2513.5,0,0,0,1,0,0,0,0,0,1,0,1,0,1,0,1,0,0,1,0,0,0
1,0,1,1,64,1,0,81.05000305175781,5135.35,0,0,0,1,0,1,0,1,0,0,0,0,0,0,0,0,0,0,0,0,1,0
1,0,1,1,30,1,0,67.5999984741211,2000.2,0,1,0,0,0,1,0,1,0,1,0,1,0,0,0,0,0,0,0,0,1,0
1,0,0,0,13,1,1,70.1500015258789,931.75,0,0,0,1,0,0,0,0,0,0,0,0,0,0,0,0,0,0,0,0,1,0
0,0,1,0,64,1,1,115.0,7396.15,0,1,0,1,0,1,0,1,0,1,0,1,0,1,0,1,0,1,0,0,1,0
0,0,0,1,46,1,1,84.80000305175781,3958.85,0,1,0,1,0,0,0,0,0,1,0,1,0,0,0,0,0,0,0,0,0,0
0,0,0,0,12,1,0,19.700000762939453,260.9,0,0,0,0,1,0,1,0,1,0,1,0,1,0,1,0,1,1,0,0,0,1
0,0,0,0,15,1,0,19.75,297.3,1,0,0,0,1,0,1,0,1,0,1,0,1,0,1,0,1,0,0,0,0,0
1,0,1,1,17,1,1,92.55000305175781,1515.1,1,1,0,1,0,0,0,0,0,0,0,0,0,1,0,1,0,0,0,0,1,0
0,0,1,1,13,1,1,63.150001525878906,816.8,0,0,0,0,0,1,0,0,0,1,0,0,0,0,0,1,0,0,0,0,0,1
0,0,1,1,67,1,0,74.0,4868.4,0,1,0,0,0,1,0,1,0,0,0,1,0,1,0,0,0,0,1,1,0,0
1,0,1,0,24,0,0,29.100000381469727,688.0,0,0,1,0,0,0,0,0,0,1,0,0,0,0,0,0,0,0,0,0,1,0
1,0,0,0,6,1,0,50.04999923706055,288.35,0,0,0,0,0,0,0,0,0,0,0,1,0,0,0,0,0,0,0,0,0,1
1,1,1,0,53,1,1,60.04999923706055,3229.65,1,1,0,0,0,1,0,0,0,0,0,1,0,0,0,0,0,1,0,0,1,0
1,1,1,0,16,1,1,74.30000305175781,1178.25,1,0,0,1,0,0,0,1,0,0,0,0,0,0,0,0,0,0,0,1,0,0
1,0,0,0,10,1,0,20.0,185.4,0,0,0,0,1,0,1,0,1,0,1,0,1,0,1,0,1,0,0,0,1,0
0,0,0,0,13,1,1,74.6500015258789,966.25,0,0,0,1,0,0,0,1,0,0,0,0,0,0,0,0,0,1,0,0,0,1
1,0,0,0,9,1,1,85.3499984741211,758.6,1,1,0,1,0,0,0,0,0,0,0,0,0,1,0,0,0,0,0,0,1,0
0,0,0,0,25,1,0,74.30000305175781,1863.8,1,0,0,0,0,1,0,1,0,1,0,1,0,1,0,0,0,1,0,0,0,1
1,1,0,0,7,0,1,44.400001525878906,265.8,0,0,1,0,0,0,0,1,0,0,0,1,0,0,0,1,0,0,0,0,1,0
1,0,1,1,38,1,1,85.4000015258789,3297.0,0,1,0,0,0,1,0,0,0,1,0,1,0,1,0,1,0,0,1,0,0,0
0,0,1,0,43,1,1,94.0999984741211,4107.3,0,1,0,1,0,1,0,1,0,0,0,0,0,0,0,1,0,0,0,0,1,0
0,0,0,1,4,1,1,98.0999984741211,396.3,1,0,0,1,0,0,0,0,0,1,0,1,0,1,0,1,0,0,0,0,0,0
0,0,0,0,25,1,0,108.9000015258789,2809.05,0,1,0,1,0,0,0,1,0,1,0,1,0,1,0,1,0,0,1,0,1,0
1,0,0,1,27,1,0,56.20000076293945,1567.55,0,0,0,0,0,1,0,1,0,0,0,0,0,0,0,0,0,1,0,0,0,1
1,0,1,1,72,1,0,26.100000381469727,1851.45,0,1,0,0,1,0,1,0,1,0,1,0,1,0,1,0,1,0,1,0,0,1
1,0,0,1,71,1,1,85.44999694824219,6028.95,0,1,0,1,0,1,0,1,0,0,0,0,0,0,0,0,0,1,0,1,0,0
0,0,0,0,24,1,1,88.94999694824219,2072.75,0,1,0,1,0,0,0,0,0,1,0,0,0,1,0,0,0,0,0,1,0,0
0,0,0,0,50,1,1,109.6500015258789,5551.15,1,1,0,1,0,1,0,1,0,0,0,1,0,1,0,1,0,0,1,0,1,0
1,0,0,0,57,1,1,74.3499984741211,4317.35,0,0,0,0,0,1,0,0,0,1,0,0,0,1,0,1,0,0,1,0,0,0
0,0,0,0,15,1,0,48.849998474121094,736.8,0,0,0,0,0,0,0,1,0,0,0,0,0,0,0,0,0,0,0,0,1,0
1,0,0,0,4,1,1,80.0999984741211,336.15,0,1,0,1,0,1,0,0,0,0,0,0,0,0,0,0,0,0,0,0,1,0
0,0,0,0,28,1,0,56.04999923706055,1522.65,0,0,0,0,0,1,0,1,0,0,0,0,0,0,0,0,0,0,0,0,1,0
0,1,0,0,9,1,1,74.55000305175781,622.9,1,1,0,1,0,0,0,0,0,0,0,0,0,0,0,0,0,0,0,0,1,0
0,0,1,0,55,1,1,89.80000305175781,4959.6,0,1,0,1,0,1,0,0,0,0,0,0,0,1,0,0,0,0,0,0,0,0
1,0,0,0,3,1,1,100.94999694824219,329.95,1,1,0,1,0,0,0,0,0,1,0,0,0,1,0,1,0,0,0,0,1,0
1,0,0,0,10,1,1,94.9000015258789,1048.85,1,0,0,1,0,0,0,0,0,1,0,0,0,1,0,1,0,0,0,0,1,0
1,0,0,1,55,1,0,19.100000381469727,1001.5,0,0,0,0,1,0,1,0,1,0,1,0,1,0,1,0,1,1,0,0,0,0
0,0,1,1,20,1,0,20.350000381469727,442.6,0,0,0,0,1,0,1,0,1,0,1,0,1,0,1,0,1,0,0,0,0,1
0,0,1,1,62,1,1,106.05000305175781,6703.5,0,1,0,1,0,0,0,1,0,0,0,1,0,1,0,1,0,1,0,1,0,0
1,1,1,0,32,1,1,104.9000015258789,3351.55,1,1,0,1,0,0,0,0,0,1,0,1,0,1,0,1,0,0,0,0,1,0
0,0,0,0,43,1,1,19.649999618530273,779.25,0,0,0,0,1,0,1,0,1,0,1,0,1,0,1,0,1,0,1,0,0,0
1,0,1,0,9,0,0,24.100000381469727,259.8,1,0,1,0,0,0,0,0,0,0,0,0,0,0,0,0,0,1,0,0,0,0
0,0,1,0,60,1,0,59.849998474121094,3483.45,0,0,0,0,0,1,0,1,0,0,0,1,0,0,0,0,0,0,1,0,0,0
1,0,1,0,58,1,1,86.0999984741211,4890.5,0,1,0,0,0,1,0,1,0,1,0,0,0,1,0,1,0,0,1,0,1,0
1,0,0,1,7,1,0,19.450000762939453,136.75,0,0,0,0,1,0,1,0,1,0,1,0,1,0,1,0,1,1,0,0,0,1
1,0,1,1,2,1,0,97.0999984741211,184.15,0,0,0,1,0,1,0,0,0,0,0,0,0,1,0,1,0,0,0,0,1,0
1,1,0,0,37,0,0,36.650001525878906,1315.0,0,0,1,0,0,0,0,1,0,1,0,0,0,0,0,0,0,0,0,0,1,0
0,1,1,1,65,1,1,103.9000015258789,6767.1,0,1,0,1,0,0,0,0,0,1,0,1,0,1,0,1,0,1,0,0,0,0
0,0,1,1,39,1,0,19.75,757.95,0,0,0,0,1,0,1,0,1,0,1,0,1,0,1,0,1,0,1,0,0,1
1,0,1,0,66,1,1,104.05000305175781,6890.0,1,1,0,1,0,0,0,1,0,0,0,1,0,1,0,1,0,1,0,0,1,0
1,0,0,0,68,1,0,24.549999237060547,1657.4,0,1,0,0,1,0,1,0,1,0,1,0,1,0,1,0,1,0,1,0,0,1
0,0,1,1,62,0,0,48.70000076293945,3008.55,0,0,1,0,0,1,0,1,0,0,0,1,0,1,0,0,0,0,1,0,0,0
1,0,0,0,3,1,1,88.3499984741211,262.05,1,0,0,1,0,0,0,0,0,1,0,1,0,1,0,0,0,0,0,0,0,1
0,0,1,0,72,1,1,109.55000305175781,8165.1,0,1,0,1,0,1,0,1,0,1,0,0,0,1,0,1,0,0,1,0,1,0
0,0,1,0,41,1,0,20.649999618530273,875.55,0,0,0,0,1,0,1,0,1,0,1,0,1,0,1,0,1,0,1,1,0,0
1,0,1,1,29,1,0,94.6500015258789,2649.15,1,0,0,1,0,1,0,0,0,0,0,0,0,1,0,1,0,0,0,1,0,0
0,0,0,0,4,1,0,55.20000076293945,220.65,0,0,0,0,0,1,0,1,0,0,0,0,0,0,0,0,0,0,0,0,1,0
1,0,0,0,53,1,0,24.049999237060547,1301.9,0,1,0,0,1,0,1,0,1,0,1,0,1,0,1,0,1,1,0,0,0,0
1,1,1,0,1,1,1,74.4000015258789,74.4,1,1,0,1,0,0,0,0,0,0,0,0,0,0,0,0,0,0,0,0,1,0
0,0,1,1,41,1,0,79.9000015258789,3326.2,1,1,0,0,0,1,0,1,0,1,0,1,0,0,0,1,0,0,0,1,0,0
1,0,1,0,39,1,1,20.450000762939453,790.0,0,0,0,0,1,0,1,0,1,0,1,0,1,0,1,0,1,0,1,0,0,0
1,0,1,0,63,1,0,19.25,1237.65,0,0,0,0,1,0,1,0,1,0,1,0,1,0,1,0,1,0,1,0,0,1
1,0,0,0,15,1,1,26.350000381469727,378.6,0,1,0,0,1,0,1,0,1,0,1,0,1,0,1,0,1,0,0,0,1,0
0,0,1,0,13,1,0,43.79999923706055,592.65,0,0,0,0,0,0,0,0,0,0,0,0,0,0,0,0,0,1,0,0,1,0
1,0,0,0,1,1,1,50.150001525878906,50.15,0,0,0,0,0,0,0,1,0,0,0,0,0,0,0,0,0,0,0,0,0,1
1,0,0,0,1,1,0,20.450000762939453,20.45,0,0,0,0,1,0,1,0,1,0,1,0,1,0,1,0,1,0,1,0,0,1
1,1,0,0,8,1,1,69.69999694824219,560.85,1,0,0,1,0,0,0,0,0,0,0,0,0,0,0,0,0,0,0,0,1,0
1,0,0,0,60,1,0,61.400001525878906,3638.25,0,0,0,0,0,1,0,1,0,1,0,0,0,0,0,0,0,0,1,0,1,0
0,1,1,0,12,1,1,98.0999984741211,1060.2,1,1,0,1,0,0,0,1,0,1,0,0,0,1,0,0,0,0,0,0,1,0
1,0,1,0,40,1,0,70.75,2921.75,0,1,0,0,0,0,0,1,0,0,0,1,0,1,0,0,0,1,0,1,0,0
0,0,0,0,66,1,1,61.150001525878906,4017.45,0,0,0,0,0,1,0,1,0,1,0,0,0,0,0,0,0,0,1,0,0,0
1,0,1,1,42,1,0,20.25,854.9,0,0,0,0,1,0,1,0,1,0,1,0,1,0,1,0,1,1,0,0,0,1
0,1,0,0,66,1,1,63.849998474121094,4174.35,0,1,0,0,0,1,0,1,0,0,0,1,0,0,0,0,0,1,0,1,0,0
1,0,0,0,49,1,0,98.69999694824219,4920.55,0,1,0,1,0,0,0,1,0,0,0,0,0,1,0,1,0,0,0,0,1,0
0,0,0,0,1,1,0,20.5,20.5,1,0,0,0,1,0,1,0,1,0,1,0,1,0,1,0,1,0,0,0,0,1
0,0,0,0,41,1,0,20.0,810.3,0,0,0,0,1,0,1,0,1,0,1,0,1,0,1,0,1,0,1,0,0,1
0,0,1,1,41,1,0,19.299999237060547,772.4,0,0,0,0,1,0,1,0,1,0,1,0,1,0,1,0,1,0,1,0,0,0
0,0,1,1,23,1,0,84.4000015258789,1936.85,0,0,0,1,0,1,0,1,0,0,0,1,0,0,0,0,0,0,0,0,0,1
1,0,0,0,3,0,0,25.100000381469727,79.8,0,0,1,0,0,0,0,0,0,0,0,0,0,0,0,0,0,0,0,0,1,0
0,0,0,0,4,0,0,48.25,202.25,0,0,1,0,0,1,0,0,0,1,0,1,0,0,0,1,0,0,0,0,0,1
0,0,1,1,52,1,0,19.850000381469727,1070.5,0,0,0,0,1,0,1,0,1,0,1,0,1,0,1,0,1,0,1,0,0,1
0,1,1,0,4,1,1,99.5999984741211,347.65,1,1,0,1,0,1,0,0,0,0,0,0,0,1,0,1,0,0,0,0,1,0
0,0,0,0,11,1,1,94.19999694824219,999.9,0,0,0,1,0,0,0,1,0,1,0,1,0,0,0,1,0,0,0,0,1,0
0,0,1,0,2,1,1,62.150001525878906,113.1,0,0,0,0,0,1,0,0,0,0,0,0,0,0,0,1,0,0,0,0,0,1
0,0,1,0,26,1,0,79.30000305175781,2015.8,0,1,0,1,0,0,0,1,0,0,0,0,0,0,0,0,0,0,0,0,0,0
1,0,1,1,24,1,1,56.25,1454.25,0,0,0,0,0,1,0,0,0,1,0,0,0,0,0,0,0,1,0,1,0,0
0,0,0,0,12,1,0,20.299999237060547,246.7,0,0,0,0,1,0,1,0,1,0,1,0,1,0,1,0,1,0,0,0,0,1
1,1,1,0,60,1,1,99.0,6017.9,0,1,0,1,0,0,0,0,0,0,0,1,0,1,0,1,0,0,0,0,1,0
0,0,1,1,64,1,1,90.5999984741211,5817.45,0,1,0,0,0,1,0,1,0,1,0,1,0,1,0,1,0,0,1,0,0,1
1,0,1,0,66,1,1,85.9000015258789,5595.3,0,0,0,0,0,1,0,1,0,1,0,1,0,1,0,1,0,0,1,0,0,0
0,0,0,0,60,1,1,79.19999694824219,4765.0,0,1,0,1,0,0,0,0,0,1,0,0,0,0,0,0,0,1,0,0,0,0
1,0,1,1,17,1,1,70.3499984741211,1201.65,0,1,0,0,0,1,0,0,0,1,0,0,0,1,0,0,0,1,0,0,0,0
1,0,1,1,42,1,0,19.350000381469727,867.3,0,0,0,0,1,0,1,0,1,0,1,0,1,0,1,0,1,0,1,0,0,1
1,0,0,0,1,1,1,50.150001525878906,50.15,0,1,0,0,0,0,0,0,0,0,0,0,0,0,0,0,0,0,0,0,1,0
0,0,1,1,47,1,0,63.79999923706055,3007.25,0,0,0,0,0,0,0,1,0,0,0,1,0,0,0,1,0,0,1,0,0,0
0,0,1,0,10,1,1,20.549999237060547,252.75,0,0,0,0,1,0,1,0,1,0,1,0,1,0,1,0,1,0,0,0,0,1
1,1,1,0,70,1,1,88.55000305175781,6306.5,0,1,0,0,0,1,0,1,0,1,0,1,0,1,0,1,0,0,1,1,0,0
1,1,0,0,67,1,1,101.4000015258789,6841.05,0,1,0,1,0,0,0,0,0,1,0,0,0,1,0,1,0,0,0,1,0,0
0,0,0,0,1,1,1,81.94999694824219,81.95,1,0,0,1,0,0,0,0,0,0,0,0,0,0,0,1,0,0,0,0,1,0
1,0,1,0,7,1,1,69.3499984741211,451.1,1,0,0,1,0,0,0,0,0,0,0,0,0,0,0,0,0,0,0,0,1,0
1,0,0,0,1,1,0,44.599998474121094,44.6,0,0,0,0,0,0,0,0,0,0,0,0,0,0,0,0,0,0,0,0,0,1
1,0,0,0,4,1,1,63.75,226.2,0,0,0,0,0,0,0,1,0,0,0,1,0,1,0,0,0,0,0,0,0,0
0,0,1,1,66,1,0,109.25,7082.5,0,1,0,1,0,1,0,1,0,1,0,0,0,1,0,1,0,0,1,0,0,0
0,0,0,0,12,1,1,84.5999984741211,1017.35,0,0,0,1,0,0,0,1,0,0,0,0,0,0,0,1,0,0,0,0,1,0
0,0,0,0,24,1,0,20.450000762939453,527.35,0,0,0,0,1,0,1,0,1,0,1,0,1,0,1,0,1,1,0,1,0,0
1,0,0,0,26,1,1,85.75,2146.5,0,0,0,1,0,0,0,1,0,0,0,0,0,1,0,0,0,0,0,0,1,0
0,0,0,0,6,1,1,91.0999984741211,455.3,1,0,0,1,0,0,0,0,0,0,0,0,0,1,0,1,0,0,0,0,1,0
1,0,1,0,57,1,0,107.94999694824219,5969.85,0,1,0,1,0,0,0,0,0,1,0,1,0,1,0,1,0,0,1,0,1,0
1,0,1,0,14,1,1,86.0999984741211,1235.55,1,1,0,1,0,0,0,0,0,0,0,0,0,1,0,0,0,0,0,0,1,0
0,0,1,1,42,1,0,22.950000762939453,1014.25,0,1,0,0,1,0,1,0,1,0,1,0,1,0,1,0,1,0,1,0,1,0
1,0,0,0,25,1,1,94.69999694824219,2362.1,1,1,0,1,0,0,0,0,0,0,0,0,0,1,0,1,0,0,0,0,0,0
0,0,1,0,64,1,0,19.450000762939453,1225.65,0,0,0,0,1,0,1,0,1,0,1,0,1,0,1,0,1,0,1,1,0,0
1,0,1,0,22,1,1,85.0999984741211,1873.7,1,1,0,1,0,0,0,0,0,0,0,0,0,0,0,1,0,0,0,0,1,0
1,0,0,0,19,1,1,19.700000762939453,386.5,0,0,0,0,1,0,1,0,1,0,1,0,1,0,1,0,1,1,0,1,0,0
0,0,1,1,61,1,1,99.1500015258789,6010.05,1,1,0,1,0,0,0,1,0,0,0,0,0,1,0,1,0,0,0,0,1,0
1,0,1,0,22,1,1,87.0,1850.65,0,0,0,1,0,0,0,0,0,1,0,0,0,1,0,0,0,0,0,0,0,0
1,1,1,0,70,1,1,102.94999694824219,7101.5,1,1,0,1,0,0,0,1,0,1,0,0,0,1,0,1,0,0,0,0,1,0
1,0,0,0,12,1,1,79.94999694824219,1043.4,0,0,0,1,0,0,0,0,0,0,0,0,0,0,0,1,0,0,0,0,0,0
0,0,1,0,31,1,1,64.0,1910.75,0,0,0,0,0,1,0,0,0,0,0,1,0,0,0,1,0,1,0,0,1,0
0,0,0,0,11,1,1,64.9000015258789,716.1,0,0,0,0,0,0,0,0,0,0,0,0,0,1,0,1,0,0,0,0,1,0
1,0,1,1,68,1,0,25.75,1686.15,0,1,0,0,1,0,1,0,1,0,1,0,1,0,1,0,1,0,1,0,0,1
0,1,1,1,72,1,1,90.1500015258789,6716.45,0,1,0,0,0,1,0,1,0,1,0,1,0,1,0,1,0,0,1,0,0,0
1,1,0,0,67,1,1,116.0999984741211,7839.85,0,1,0,1,0,1,0,1,0,1,0,1,0,1,0,1,0,0,1,1,0,0
0,0,0,0,60,1,1,104.94999694824219,6236.75,0,0,0,1,0,1,0,0,0,1,0,1,0,1,0,1,0,0,0,0,0,0
1,0,0,0,1,1,1,45.04999923706055,45.05,1,0,0,0,0,0,0,0,0,0,0,0,0,0,0,0,0,0,0,0,0,1
0,1,0,1,1,1,1,71.0,71.0,1,0,0,1,0,0,0,0,0,0,0,0,0,0,0,0,0,0,0,0,1,0
1,0,1,1,58,0,0,50.0,2919.85,0,0,1,0,0,1,0,1,0,1,0,0,0,1,0,0,0,1,0,0,0,1
0,1,1,1,47,1,0,70.55000305175781,3309.25,1,0,0,1,0,0,0,0,0,0,0,0,0,0,0,0,0,0,0,0,0,0
0,0,0,0,1,1,1,79.69999694824219,79.7,1,0,0,1,0,0,0,0,0,0,0,0,0,0,0,1,0,0,0,0,1,0
1,0,0,0,1,1,0,20.450000762939453,20.45,0,0,0,0,1,0,1,0,1,0,1,0,1,0,1,0,1,0,0,0,0,1
1,0,0,0,22,1,0,59.0,1254.7,1,1,0,0,0,1,0,1,0,0,0,0,0,0,0,0,0,0,0,0,1,0
0,0,0,0,48,1,1,60.349998474121094,2896.4,1,0,0,0,0,1,0,0,0,1,0,1,0,0,0,0,0,1,0,1,0,0
0,0,1,0,37,1,1,19.850000381469727,717.5,0,0,0,0,1,0,1,0,1,0,1,0,1,0,1,0,1,1,0,0,0,0
1,0,0,0,13,1,1,19.950000762939453,253.8,0,0,0,0,1,0,1,0,1,0,1,0,1,0,1,0,1,1,0,0,1,0
1,0,0,0,43,1,0,26.450000762939453,1110.05,0,1,0,0,1,0,1,0,1,0,1,0,1,0,1,0,1,0,1,0,0,0
0,0,0,0,6,0,1,63.400001525878906,348.8,0,0,1,0,0,1,0,1,0,1,0,1,0,1,0,1,0,0,1,0,0,1
1,0,0,0,71,0,0,53.95000076293945,3888.65,0,0,1,0,0,1,0,1,0,1,0,1,0,1,0,0,0,0,1,0,0,0
0,1,1,1,1,1,1,69.25,69.25,1,0,0,1,0,0,0,0,0,0,0,0,0,0,0,0,0,0,0,0,1,0
0,0,1,1,72,1,1,95.0999984741211,6843.15,0,1,0,1,0,1,0,1,0,0,0,0,0,1,0,0,0,0,1,0,1,0
0,1,0,0,6,1,1,74.0999984741211,450.9,0,0,0,1,0,1,0,0,0,0,0,0,0,0,0,0,0,0,0,0,1,0
1,0,1,1,12,0,0,35.5,432.25,0,0,1,0,0,0,0,1,0,0,0,1,0,0,0,0,0,0,0,0,0,1
1,0,0,0,25,1,0,70.94999694824219,1767.35,1,0,0,1,0,0,0,0,0,0,0,0,0,0,0,0,0,0,0,0,0,1
0,0,1,0,21,1,0,79.19999694824219,1742.45,0,0,0,1,0,0,0,0,0,1,0,1,0,0,0,0,0,1,0,0,1,0
0,0,1,1,6,1,1,48.79999923706055,297.35,0,0,0,0,0,0,0,0,0,0,0,1,0,0,0,0,0,0,0,0,0,1
1,0,1,0,20,1,1,89.0,1820.45,1,0,0,1,0,0,0,0,0,0,0,0,0,1,0,1,0,0,0,0,0,1
1,0,1,0,18,1,1,99.4000015258789,1742.95,1,1,0,1,0,1,0,0,0,0,0,0,0,1,0,1,0,0,0,0,1,0
0,0,0,0,43,1,0,55.45000076293945,2444.25,0,0,0,0,0,0,0,1,0,0,0,1,0,0,0,0,0,1,0,0,1,0
0,0,1,1,35,1,1,25.399999618530273,949.8,0,1,0,0,1,0,1,0,1,0,1,0,1,0,1,0,1,0,1,1,0,0
0,0,0,0,1,1,0,73.5,73.5,1,0,0,1,0,0,0,0,0,1,0,0,0,0,0,0,0,0,0,0,0,0
1,1,1,0,32,1,1,93.5,2970.8,0,1,0,1,0,0,0,1,0,1,0,0,0,0,0,1,0,0,0,0,1,0
1,0,0,0,52,0,0,63.900001525878906,3334.95,0,0,1,0,0,1,0,1,0,1,0,1,0,1,0,1,0,0,1,1,0,0
1,0,0,0,32,1,1,64.8499984741211,2010.95,0,0,0,0,0,0,0,0,0,0,0,0,0,1,0,1,0,1,0,0,0,0
0,0,1,1,72,0,1,63.79999923706055,4684.3,0,0,1,0,0,1,0,1,0,1,0,1,0,1,0,1,0,0,1,0,0,0
1,0,0,0,51,0,1,44.45000076293945,2181.55,0,0,1,0,0,1,0,0,0,0,0,1,0,0,0,1,0,0,0,1,0,0
1,0,1,1,68,1,1,19.950000762939453,1303.25,0,0,0,0,1,0,1,0,1,0,1,0,1,0,1,0,1,0,1,0,0,0
1,1,1,0,8,0,1,43.349998474121094,371.4,0,0,1,0,0,0,0,1,0,1,0,0,0,0,0,1,0,0,0,0,0,1
1,0,1,0,49,0,0,49.650001525878906,2409.9,0,0,1,0,0,0,0,1,0,0,0,0,0,1,0,1,0,0,1,1,0,0
0,0,1,0,72,1,0,85.0999984741211,6155.4,0,0,0,0,0,1,0,1,0,1,0,1,0,1,0,1,0,0,1,0,0,1
1,0,0,0,9,1,1,95.5,829.1,1,1,0,1,0,0,0,0,0,0,0,0,0,1,0,1,0,0,0,0,1,0
0,0,1,0,28,1,1,92.3499984741211,2602.9,1,0,0,1,0,1,0,0,0,0,0,0,0,1,0,1,0,0,0,0,0,1
1,0,0,0,54,1,0,89.80000305175781,4667.0,0,0,0,1,0,1,0,0,0,1,0,0,0,1,0,0,0,0,0,0,0,1
1,0,0,0,11,1,1,74.55000305175781,824.75,1,0,0,1,0,0,0,1,0,0,0,0,0,0,0,0,0,0,0,0,1,0
0,0,1,1,50,1,0,103.05000305175781,5153.5,0,0,0,1,0,0,0,0,0,1,0,1,0,1,0,1,0,1,0,0,0,1
0,0,1,0,69,1,1,116.0,8182.85,0,1,0,1,0,1,0,1,0,1,0,1,0,1,0,1,0,0,1,0,1,0
1,0,0,0,1,1,1,69.9000015258789,69.9,0,0,0,1,0,0,0,0,0,0,0,0,0,0,0,0,0,0,0,0,1,0
1,0,1,1,68,1,0,95.0999984741211,6683.4,0,0,0,1,0,1,0,1,0,0,0,1,0,0,0,1,0,0,1,0,0,0
1,0,0,1,40,0,0,40.25,1564.05,0,0,1,0,0,1,0,1,0,0,0,1,0,0,0,0,0,1,0,0,0,1
1,0,1,1,31,1,0,25.75,755.6,0,1,0,0,1,0,1,0,1,0,1,0,1,0,1,0,1,0,1,0,0,1
0,1,0,1,33,1,1,105.3499984741211,3465.05,0,1,0,1,0,0,0,1,0,1,0,0,0,1,0,1,0,0,0,0,0,0
1,1,1,0,55,1,1,113.5999984741211,6292.7,0,1,0,1,0,0,0,1,0,1,0,1,0,1,0,1,0,0,1,0,1,0
1,0,1,1,68,1,1,24.0,1664.3,0,1,0,0,1,0,1,0,1,0,1,0,1,0,1,0,1,0,1,0,0,0
0,0,1,1,12,1,0,19.399999618530273,198.1,0,0,0,0,1,0,1,0,1,0,1,0,1,0,1,0,1,0,0,0,0,0
1,0,1,0,71,1,1,86.0999984741211,6045.9,0,0,0,0,0,1,0,1,0,1,0,1,0,1,0,1,0,0,1,0,0,0
1,0,0,0,40,1,1,102.6500015258789,4108.15,0,1,0,1,0,0,0,1,0,1,0,0,0,1,0,1,0,0,0,0,0,1
0,0,1,1,64,1,1,92.8499984741211,5980.75,0,1,0,1,0,0,0,1,0,1,0,0,0,0,0,1,0,1,0,0,1,0
1,0,1,0,53,1,0,97.75,5043.2,0,1,0,1,0,0,0,1,0,0,0,1,0,0,0,1,0,1,0,0,0,0
1,1,0,0,12,1,1,83.80000305175781,1029.75,1,0,0,1,0,0,0,1,0,1,0,1,0,0,0,0,0,0,0,0,0,1
1,1,0,0,53,0,1,54.45000076293945,2854.55,1,0,1,0,0,0,0,1,0,1,0,0,0,1,0,1,0,0,0,0,1,0
1,0,1,0,72,1,1,97.94999694824219,7114.25,0,1,0,1,0,1,0,1,0,1,0,0,0,1,0,0,0,0,1,1,0,0
1,0,0,0,46,1,0,19.950000762939453,907.05,0,0,0,0,1,0,1,0,1,0,1,0,1,0,1,0,1,0,1,0,1,0
1,0,0,0,40,1,1,24.600000381469727,973.95,0,1,0,0,1,0,1,0,1,0,1,0,1,0,1,0,1,0,1,0,0,1
1,0,0,0,12,0,1,50.95000076293945,605.75,0,0,1,0,0,1,0,1,0,0,0,1,0,1,0,0,0,0,0,0,0,0
1,0,0,0,9,1,0,75.5999984741211,661.55,0,0,0,1,0,1,0,0,0,0,0,0,0,0,0,0,0,0,0,0,1,0
0,0,1,1,51,1,1,80.75,4116.9,0,1,0,1,0,0,0,0,0,0,0,1,0,0,0,0,0,0,0,0,1,0
1,0,1,1,49,1,1,90.4000015258789,4494.65,0,0,0,1,0,0,0,1,0,1,0,0,0,1,0,0,0,0,0,1,0,0
1,1,1,0,41,1,1,99.80000305175781,4259.3,1,1,0,1,0,0,0,0,0,1,0,0,0,1,0,1,0,0,0,0,1,0
0,0,0,0,56,1,1,60.25,3282.75,0,0,0,0,0,1,0,0,0,1,0,1,0,0,0,0,0,1,0,1,0,0
1,0,0,0,4,1,1,20.200000762939453,55.7,0,0,0,0,1,0,1,0,1,0,1,0,1,0,1,0,1,0,0,0,1,0
1,0,1,0,20,1,1,64.1500015258789,1274.45,0,0,0,0,0,1,0,0,0,0,0,1,0,0,0,1,0,1,0,0,0,1
0,0,1,1,26,1,1,20.25,493.95,0,0,0,0,1,0,1,0,1,0,1,0,1,0,1,0,1,0,0,1,0,0
0,0,1,1,20,1,1,105.8499984741211,2239.65,1,1,0,1,0,0,0,1,0,1,0,0,0,1,0,1,0,0,0,0,0,0
0,0,0,0,7,1,0,75.44999694824219,480.75,1,1,0,1,0,0,0,0,0,0,0,0,0,0,0,0,0,0,0,0,0,1
1,0,0,0,7,1,1,93.8499984741211,635.6,1,1,0,1,0,0,0,0,0,0,0,0,0,1,0,1,0,0,0,0,1,0
1,0,0,0,51,1,1,99.0,5038.15,0,0,0,1,0,0,0,1,0,1,0,0,0,1,0,1,0,0,0,0,1,0
0,0,0,0,4,1,1,80.30000305175781,324.2,0,1,0,1,0,0,0,1,0,0,0,0,0,0,0,0,0,0,0,0,0,1
0,0,0,0,1,1,0,19.549999237060547,19.55,0,0,0,0,1,0,1,0,1,0,1,0,1,0,1,0,1,0,0,1,0,0
1,0,1,1,27,1,0,100.75,2793.55,0,1,0,1,0,1,0,1,0,0,0,1,0,1,0,0,0,0,0,0,1,0
1,0,0,0,22,1,1,100.75,2095.0,1,1,0,1,0,1,0,0,0,0,0,0,0,1,0,1,0,0,0,0,1,0
1,0,0,0,12,1,1,53.75,648.65,0,0,0,0,0,0,0,1,0,0,0,1,0,0,0,0,0,0,0,0,0,1
0,0,1,1,3,0,1,31.0,95.05,1,0,1,0,0,0,0,0,0,0,0,1,0,0,0,0,0,0,0,0,0,1
0,0,1,1,34,1,1,25.600000381469727,917.15,0,1,0,0,1,0,1,0,1,0,1,0,1,0,1,0,1,1,0,1,0,0
1,0,1,0,24,1,1,58.349998474121094,1346.9,0,1,0,0,0,1,0,0,0,0,0,1,0,0,0,0,0,1,0,0,1,0
1,0,0,0,51,1,0,80.0,4242.35,1,1,0,1,0,0,0,0,0,1,0,0,0,0,0,0,0,0,0,1,0,0
0,1,0,0,14,0,1,46.349998474121094,672.7,0,0,1,0,0,0,0,0,0,0,0,0,0,1,0,1,0,0,0,0,1,0
1,0,1,0,59,1,0,113.75,6561.25,0,1,0,1,0,1,0,1,0,1,0,1,0,1,0,1,0,0,1,0,1,0
1,0,0,0,3,1,0,90.4000015258789,268.45,0,0,0,1,0,0,0,1,0,1,0,0,0,0,0,1,0,0,0,0,1,0
0,0,1,1,65,1,0,109.30000305175781,7337.55,0,1,0,1,0,1,0,0,0,1,0,1,0,1,0,1,0,0,1,0,1,0
1,1,0,0,5,1,1,70.25,331.9,1,0,0,1,0,0,0,0,0,0,0,0,0,0,0,0,0,0,0,0,0,1
0,0,1,1,59,1,0,90.30000305175781,5194.05,0,1,0,0,0,1,0,1,0,1,0,1,0,1,0,1,0,0,1,1,0,0
1,0,1,1,72,0,1,65.25,4478.85,0,0,1,0,0,1,0,1,0,1,0,1,0,1,0,1,0,0,1,1,0,0
0,0,1,1,62,1,1,100.1500015258789,6283.3,1,0,0,1,0,0,0,1,0,1,0,0,0,1,0,1,0,0,0,0,1,0
1,0,0,0,28,1,1,94.5,2659.4,1,1,0,1,0,1,0,1,0,0,0,0,0,0,0,1,0,0,0,1,0,0
1,0,0,0,3,1,0,60.650001525878906,196.9,0,0,0,0,0,0,0,0,0,0,0,1,0,0,0,1,0,0,0,0,0,1
1,0,0,1,19,1,1,24.100000381469727,439.2,0,1,0,0,1,0,1,0,1,0,1,0,1,0,1,0,1,0,0,1,0,0
1,0,0,0,1,1,1,19.5,19.5,0,0,0,0,1,0,1,0,1,0,1,0,1,0,1,0,1,0,0,0,0,1
1,0,0,0,24,1,1,85.94999694824219,2107.15,0,0,0,1,0,0,0,1,0,1,0,1,0,0,0,0,0,0,0,0,1,0
1,1,0,0,57,1,1,53.5,3035.8,0,0,0,0,0,0,0,0,0,1,0,1,0,0,0,0,0,1,0,0,1,0
0,0,0,0,72,1,0,25.450000762939453,1866.45,0,1,0,0,1,0,1,0,1,0,1,0,1,0,1,0,1,0,1,1,0,0
1,0,0,0,67,1,0,20.5,1430.95,0,0,0,0,1,0,1,0,1,0,1,0,1,0,1,0,1,0,1,0,0,0
1,0,1,1,52,1,1,20.850000381469727,1071.6,0,0,0,0,1,0,1,0,1,0,1,0,1,0,1,0,1,1,0,1,0,0
1,0,1,1,71,1,0,89.9000015258789,6457.15,0,1,0,0,0,1,0,1,0,1,0,1,0,1,0,1,0,0,1,1,0,0
0,0,1,0,26,1,0,26.0,684.05,0,1,0,0,1,0,1,0,1,0,1,0,1,0,1,0,1,1,0,0,0,1
0,0,0,0,35,1,1,113.19999694824219,3914.05,0,1,0,1,0,1,0,1,0,1,0,1,0,1,0,1,0,0,1,0,0,1
0,0,1,1,55,1,1,69.05000305175781,3842.6,0,0,0,1,0,0,0,0,0,0,0,0,0,0,0,0,0,0,1,1,0,0
0,0,1,1,33,1,0,20.100000381469727,670.35,0,0,0,0,1,0,1,0,1,0,1,0,1,0,1,0,1,0,1,0,0,1
1,0,1,0,72,1,1,109.6500015258789,7880.25,0,1,0,1,0,1,0,1,0,1,0,0,0,1,0,1,0,0,1,0,1,0
1,0,0,1,1,1,1,19.200000762939453,19.2,0,0,0,0,1,0,1,0,1,0,1,0,1,0,1,0,1,0,0,0,0,1
1,0,0,0,10,0,1,33.900001525878906,298.45,1,0,1,0,0,0,0,0,0,0,0,0,0,0,0,1,0,0,0,0,0,1
0,1,1,0,37,1,0,90.0,3371.75,0,0,0,1,0,0,0,0,0,1,0,1,0,1,0,0,0,0,0,0,1,0
1,0,0,0,12,0,0,34.0,442.45,0,0,1,0,0,0,0,1,0,0,0,1,0,0,0,0,0,0,0,0,0,1
1,0,1,1,1,1,0,20.399999618530273,20.4,0,0,0,0,1,0,1,0,1,0,1,0,1,0,1,0,1,1,0,0,0,1
1,0,1,0,62,0,1,38.599998474121094,2345.55,0,0,1,0,0,1,0,1,0,0,0,1,0,0,0,0,0,0,1,1,0,0
0,0,0,0,1,0,0,25.25,25.25,0,0,1,0,0,0,0,0,0,0,0,0,0,0,0,0,0,0,0,0,0,0
0,0,0,0,18,1,1,60.599998474121094,1156.35,0,1,0,0,0,1,0,0,0,1,0,0,0,0,0,0,0,0,0,0,0,1
1,1,1,0,69,1,1,89.94999694824219,6143.15,1,1,0,1,0,0,0,1,0,0,0,0,0,1,0,0,0,0,0,0,1,0
1,0,0,0,2,1,1,74.75,144.8,0,0,0,1,0,0,0,1,0,0,0,0,0,0,0,0,0,0,0,0,1,0
1,0,1,1,19,1,0,20.600000381469727,414.95,0,0,0,0,1,0,1,0,1,0,1,0,1,0,1,0,1,0,0,0,0,1
1,0,0,0,12,1,1,84.44999694824219,1059.55,1,1,0,1,0,0,0,0,0,0,0,0,0,1,0,0,0,0,0,0,1,0
1,0,0,0,9,1,0,20.399999618530273,181.8,0,0,0,0,1,0,1,0,1,0,1,0,1,0,1,0,1,0,0,0,0,1
1,0,0,0,27,1,0,81.69999694824219,2212.55,0,0,0,0,0,1,0,0,0,1,0,1,0,1,0,1,0,1,0,0,1,0
1,0,0,1,27,1,1,79.5,2180.55,1,1,0,1,0,0,0,0,0,0,0,1,0,0,0,0,0,0,0,0,1,0
1,0,1,1,1,1,0,89.1500015258789,89.15,1,0,0,1,0,0,0,0,0,0,0,0,0,1,0,1,0,0,0,0,0,1
0,1,0,0,24,1,1,20.299999237060547,459.95,0,0,0,0,1,0,1,0,1,0,1,0,1,0,1,0,1,0,0,0,0,1
1,1,0,0,14,1,1,74.94999694824219,1036.75,1,1,0,1,0,0,0,0,0,0,0,0,0,0,0,0,0,0,0,0,1,0
0,1,0,0,32,1,1,74.4000015258789,2276.95,1,0,0,1,0,0,0,1,0,0,0,0,0,0,0,0,0,0,0,0,1,0
0,0,0,0,11,1,0,20.0,211.95,0,0,0,0,1,0,1,0,1,0,1,0,1,0,1,0,1,1,0,0,0,1
1,0,0,0,1,1,1,25.0,25.0,0,1,0,0,1,0,1,0,1,0,1,0,1,0,1,0,1,0,0,0,0,1
1,1,0,1,38,1,1,80.44999694824219,3162.65,0,1,0,1,0,1,0,0,0,0,0,0,0,0,0,0,0,0,0,0,0,1
0,0,1,1,9,1,0,19.75,210.65,0,0,0,0,1,0,1,0,1,0,1,0,1,0,1,0,1,0,1,0,0,1
1,0,1,1,54,1,1,65.6500015258789,3566.7,0,1,0,0,0,1,0,1,0,0,0,1,0,0,0,0,0,0,1,1,0,0
0,0,0,0,29,1,1,71.0,2080.1,0,1,0,0,0,0,0,0,0,0,0,0,0,1,0,1,0,1,0,1,0,0
1,1,1,0,44,1,1,89.19999694824219,4040.2,0,1,0,1,0,0,0,0,0,1,0,0,0,1,0,0,0,0,0,0,1,0
1,0,1,1,59,1,1,86.75,5186.0,0,0,0,0,0,1,0,1,0,1,0,1,0,1,0,1,0,0,1,0,1,0
0,0,0,0,3,1,1,55.29999923706055,196.15,1,0,0,0,0,0,0,0,0,0,0,0,0,0,0,1,0,0,0,0,1,0
0,0,1,1,18,1,1,61.5,1087.45,0,0,0,0,0,1,0,1,0,0,0,1,0,0,0,0,0,1,0,0,0,1
1,1,0,0,67,1,0,25.100000381469727,1672.15,0,1,0,0,1,0,1,0,1,0,1,0,1,0,1,0,1,0,1,1,0,0
0,0,1,1,22,1,0,55.150001525878906,1206.05,1,0,0,0,0,0,0,1,0,0,0,1,0,0,0,0,0,0,0,0,1,0
1,0,0,1,33,0,0,34.04999923706055,1113.95,0,0,1,0,0,1,0,0,0,0,0,1,0,0,0,0,0,1,0,1,0,0
1,0,0,0,5,1,0,19.950000762939453,107.05,0,0,0,0,1,0,1,0,1,0,1,0,1,0,1,0,1,0,0,0,0,1
0,0,0,0,2,1,0,19.950000762939453,38.15,0,0,0,0,1,0,1,0,1,0,1,0,1,0,1,0,1,0,0,0,0,1
1,0,1,1,72,1,0,89.69999694824219,6339.3,0,1,0,0,0,1,0,1,0,1,0,1,0,1,0,1,0,0,1,1,0,0
1,0,0,1,9,1,0,20.399999618530273,184.1,0,0,0,0,1,0,1,0,1,0,1,0,1,0,1,0,1,0,0,0,0,1
1,0,1,1,67,1,0,26.299999237060547,1688.9,0,1,0,0,1,0,1,0,1,0,1,0,1,0,1,0,1,0,1,0,0,1
0,0,1,0,16,1,1,84.94999694824219,1378.25,1,1,0,1,0,0,0,0,0,0,0,0,0,1,0,0,0,0,0,0,1,0
0,0,0,0,8,1,1,20.700000762939453,137.6,0,0,0,0,1,0,1,0,1,0,1,0,1,0,1,0,1,0,0,0,0,1
1,0,0,0,5,0,1,43.25,219.0,1,0,1,0,0,1,0,1,0,1,0,1,0,0,0,0,0,0,0,0,0,1
1,0,1,1,23,1,1,48.349998474121094,1067.15,1,1,0,0,0,0,0,0,0,0,0,0,0,0,0,0,0,1,0,1,0,0
1,0,0,0,1,1,1,79.55000305175781,79.55,1,0,0,1,0,0,0,0,0,0,0,0,0,1,0,0,0,0,0,0,1,0
0,1,1,0,50,1,1,71.05000305175781,3444.85,1,0,0,1,0,0,0,0,0,0,0,0,0,0,0,0,0,0,0,0,1,0
1,0,0,0,17,1,0,19.450000762939453,369.05,0,0,0,0,1,0,1,0,1,0,1,0,1,0,1,0,1,0,1,1,0,0
0,0,1,0,68,1,1,110.80000305175781,7553.6,0,1,0,1,0,1,0,1,0,1,0,0,0,1,0,1,0,0,1,0,0,0
1,0,0,0,1,1,0,84.5,84.5,1,1,0,1,0,0,0,0,0,0,0,0,0,1,0,0,0,0,0,0,1,0
0,1,1,0,25,1,1,69.30000305175781,1813.1,0,0,0,1,0,0,0,0,0,0,0,0,0,0,0,0,0,0,0,0,1,0
1,0,0,0,67,0,1,49.349998474121094,3321.35,0,0,1,0,0,1,0,0,0,1,0,1,0,1,0,0,0,1,0,0,0,0
1,0,0,0,32,1,0,20.350000381469727,707.5,0,0,0,0,1,0,1,0,1,0,1,0,1,0,1,0,1,1,0,1,0,0
0,1,1,0,67,1,1,105.5999984741211,7112.15,0,1,0,1,0,1,0,1,0,0,0,0,0,1,0,1,0,1,0,0,1,0
1,1,1,0,72,0,1,64.44999694824219,4641.1,0,0,1,0,0,1,0,1,0,1,0,1,0,1,0,1,0,0,1,1,0,0
1,0,1,0,71,1,1,108.5999984741211,7690.9,1,1,0,1,0,0,0,1,0,1,0,1,0,1,0,1,0,0,1,1,0,0
1,0,0,1,1,1,1,49.900001525878906,49.9,0,0,0,0,0,0,0,1,0,0,0,0,0,0,0,0,0,0,0,0,1,0
1,0,0,0,46,0,0,30.299999237060547,1380.1,1,0,1,0,0,0,0,1,0,0,0,0,0,0,0,0,0,0,0,0,0,0
0,1,0,0,2,0,1,30.399999618530273,78.65,1,0,1,0,0,0,0,0,0,1,0,0,0,0,0,0,0,0,0,0,1,0
0,0,0,0,1,1,1,45.400001525878906,45.4,1,0,0,0,0,0,0,0,0,0,0,0,0,0,0,0,0,0,0,0,0,1
0,0,1,0,48,1,1,65.6500015258789,3094.65,0,0,0,0,0,0,0,1,0,1,0,0,0,0,0,1,0,1,0,0,1,0
0,0,1,0,61,1,1,103.30000305175781,6518.35,0,1,0,1,0,0,0,0,0,1,0,1,0,1,0,1,0,1,0,0,0,0
0,0,1,0,32,1,0,84.1500015258789,2585.95,1,0,0,1,0,0,0,1,0,0,0,0,0,0,0,1,0,0,0,0,0,0
0,0,0,0,2,1,0,44.45000076293945,82.7,0,0,0,0,0,0,0,0,0,0,0,0,0,0,0,0,0,0,0,0,1,0
0,0,0,0,3,1,0,19.75,58.85,1,0,0,0,1,0,1,0,1,0,1,0,1,0,1,0,1,0,0,0,1,0
0,0,0,0,5,1,1,85.4000015258789,425.9,1,0,0,1,0,0,0,0,0,0,0,1,0,0,0,1,0,0,0,1,0,0
0,0,1,1,71,1,0,89.9000015258789,6342.7,0,1,0,0,0,1,0,1,0,1,0,1,0,1,0,1,0,0,1,0,0,0
1,0,1,0,37,1,1,55.04999923706055,2030.75,0,1,0,0,0,1,0,0,0,0,0,0,0,0,0,0,0,0,0,0,0,1
1,0,1,1,65,1,1,104.0999984741211,6700.05,0,1,0,1,0,0,0,0,0,1,0,1,0,1,0,1,0,0,1,0,0,0
0,0,0,1,67,1,1,106.5999984741211,7244.7,0,1,0,1,0,0,0,1,0,0,0,1,0,1,0,1,0,1,0,0,0,0
1,0,0,1,49,1,0,75.19999694824219,3678.3,1,1,0,1,0,0,0,0,0,0,0,0,0,0,0,0,0,0,0,1,0,0
1,0,1,1,50,1,1,70.5,3486.65,0,1,0,0,0,1,0,0,0,0,0,1,0,1,0,0,0,0,1,1,0,0
1,0,1,1,25,1,0,19.600000381469727,411.15,0,0,0,0,1,0,1,0,1,0,1,0,1,0,1,0,1,1,0,0,1,0
0,0,0,1,17,1,1,55.849998474121094,937.5,1,1,0,0,0,0,0,0,0,1,0,0,0,0,0,0,0,1,0,0,0,1
0,0,1,1,64,1,1,24.049999237060547,1559.15,0,1,0,0,1,0,1,0,1,0,1,0,1,0,1,0,1,0,1,0,0,1
1,0,1,0,25,0,1,38.099998474121094,970.4,0,0,1,0,0,0,0,0,0,1,0,0,0,1,0,0,0,1,0,1,0,0
1,1,0,0,23,1,1,106.4000015258789,2483.5,1,1,0,1,0,0,0,1,0,1,0,0,0,1,0,1,0,0,0,0,1,0
1,1,1,0,24,0,0,34.25,828.2,0,0,1,0,0,0,0,0,0,1,0,1,0,0,0,0,0,0,0,0,0,1
0,0,0,0,37,1,1,100.05000305175781,3810.55,0,1,0,1,0,0,0,0,0,1,0,0,0,1,0,1,0,0,0,0,1,0
0,0,0,0,21,1,1,68.6500015258789,1493.2,0,0,0,1,0,0,0,0,0,0,0,0,0,0,0,0,0,0,0,0,1,0
1,0,0,0,1,1,1,45.79999923706055,45.8,0,0,0,0,0,0,0,0,0,0,0,0,0,0,0,0,0,0,0,0,0,1
0,0,0,0,10,1,1,75.75,777.3,0,1,0,1,0,0,0,0,0,0,0,0,0,0,0,0,0,0,0,0,0,1
1,0,0,0,6,1,1,84.4000015258789,556.35,1,0,0,1,0,0,0,1,0,0,0,0,0,0,0,1,0,0,0,0,1,0
1,0,1,0,51,1,1,96.4000015258789,4911.05,0,1,0,1,0,1,0,1,0,0,0,0,0,0,0,1,0,1,0,1,0,0
0,0,0,0,10,1,1,20.549999237060547,187.35,0,0,0,0,1,0,1,0,1,0,1,0,1,0,1,0,1,0,0,0,0,1
0,0,0,0,6,0,0,50.95000076293945,307.6,0,0,1,0,0,1,0,1,0,0,0,1,0,0,0,1,0,0,0,1,0,0
1,0,1,1,47,1,1,90.5,4318.35,0,1,0,0,0,1,0,1,0,1,0,1,0,1,0,1,0,0,1,0,0,1
0,0,1,1,61,1,1,79.4000015258789,4820.55,0,1,0,0,0,1,0,1,0,1,0,1,0,0,0,1,0,1,0,0,1,0
0,0,0,0,52,0,1,58.75,3038.55,0,0,1,0,0,1,0,1,0,1,0,0,0,1,0,1,0,0,1,0,0,0
0,0,1,1,35,1,1,59.45000076293945,2136.9,0,1,0,0,0,1,0,1,0,0,0,0,0,0,0,0,0,0,0,1,0,0
1,0,1,0,71,1,1,105.69999694824219,7472.15,0,1,0,1,0,0,0,1,0,1,0,0,0,1,0,1,0,1,0,0,0,0
0,0,0,0,6,1,0,56.25,389.1,1,0,0,0,0,1,0,1,0,0,0,0,0,0,0,0,0,0,0,0,1,0
1,0,1,0,45,1,0,53.29999923706055,2296.25,0,0,0,0,0,1,0,0,0,1,0,0,0,0,0,0,0,0,1,1,0,0
0,1,0,0,2,1,1,85.55000305175781,187.45,1,1,0,1,0,0,0,0,0,0,0,0,0,1,0,0,0,0,0,0,1,0
0,0,0,0,4,1,1,68.6500015258789,261.25,1,0,0,0,0,0,0,1,0,0,0,0,0,1,0,1,0,0,0,0,0,0
1,0,0,0,2,0,0,24.299999237060547,38.45,0,0,1,0,0,0,0,0,0,0,0,0,0,0,0,0,0,0,0,0,0,1
1,0,0,0,4,1,0,77.8499984741211,299.2,1,0,0,1,0,0,0,0,0,0,0,0,0,1,0,0,0,0,0,0,1,0
1,0,0,0,51,1,0,59.900001525878906,3043.6,0,1,0,0,0,1,0,0,0,0,0,1,0,0,0,0,0,1,0,1,0,0
1,0,1,1,60,1,0,23.950000762939453,1506.4,0,1,0,0,1,0,1,0,1,0,1,0,1,0,1,0,1,1,0,1,0,0
1,0,0,0,9,1,1,20.149999618530273,163.7,0,0,0,0,1,0,1,0,1,0,1,0,1,0,1,0,1,1,0,0,0,1
1,0,0,0,3,1,1,105.3499984741211,323.25,1,1,0,1,0,0,0,1,0,1,0,0,0,1,0,1,0,0,0,0,0,0
1,0,0,0,17,1,1,95.6500015258789,1640.0,0,1,0,1,0,0,0,0,0,1,0,1,0,0,0,1,0,0,0,0,0,0
0,0,0,0,8,1,1,87.05000305175781,762.1,1,1,0,1,0,0,0,0,0,0,0,0,0,1,0,0,0,0,0,0,1,0
1,0,1,1,46,1,0,81.0,3846.35,0,0,0,0,0,1,0,0,0,1,0,1,0,1,0,1,0,0,1,0,0,1
0,0,0,0,68,1,1,82.44999694824219,5646.6,0,0,0,0,0,1,0,1,0,1,0,1,0,1,0,1,0,0,1,1,0,0
1,0,0,0,1,1,1,53.5,53.5,1,0,0,0,0,0,0,0,0,0,0,0,0,1,0,0,0,0,0,0,0,1
0,0,1,0,4,1,0,20.5,79.05,0,0,0,0,1,0,1,0,1,0,1,0,1,0,1,0,1,1,0,0,0,0
0,0,0,0,1,0,1,25.100000381469727,25.1,1,0,1,0,0,0,0,0,0,0,0,0,0,0,0,0,0,0,0,0,0,1
1,0,0,1,28,1,1,54.400001525878906,1516.6,0,0,0,0,0,0,0,1,0,0,0,1,0,0,0,0,0,1,0,1,0,0
0,0,0,0,39,1,1,58.599998474121094,2224.5,0,0,0,0,0,0,0,1,0,0,0,0,0,1,0,0,0,1,0,1,0,0
1,0,0,0,11,1,0,84.80000305175781,888.75,0,0,0,1,0,0,0,0,0,1,0,0,0,0,0,1,0,0,0,0,1,0
0,0,1,0,71,0,1,61.400001525878906,4310.35,0,0,1,0,0,0,0,1,0,1,0,1,0,1,0,1,0,0,1,1,0,0
1,0,0,1,2,1,0,20.399999618530273,42.9,0,0,0,0,1,0,1,0,1,0,1,0,1,0,1,0,1,0,0,0,0,1
1,1,1,0,30,1,1,79.6500015258789,2365.15,1,0,0,1,0,0,0,1,0,1,0,0,0,0,0,0,0,0,0,0,0,1
0,0,0,0,17,1,0,20.149999618530273,353.65,0,0,0,0,1,0,1,0,1,0,1,0,1,0,1,0,1,1,0,0,0,1
0,0,1,0,55,1,1,94.44999694824219,5073.1,0,1,0,1,0,0,0,1,0,1,0,0,0,1,0,0,0,0,0,1,0,0
0,0,0,0,58,1,1,79.80000305175781,4526.85,0,1,0,1,0,1,0,0,0,0,0,0,0,0,0,0,0,0,0,0,0,0
0,0,0,0,5,1,0,54.20000076293945,308.25,1,0,0,0,0,1,0,0,0,0,0,1,0,0,0,0,0,0,0,0,1,0
0,1,0,0,1,1,1,19.450000762939453,19.45,1,0,0,0,1,0,1,0,1,0,1,0,1,0,1,0,1,0,0,0,1,0
1,1,0,0,9,1,1,74.05000305175781,678.45,0,1,0,1,0,0,0,0,0,0,0,0,0,0,0,0,0,0,0,0,1,0
1,0,0,0,26,1,0,49.150001525878906,1237.3,0,0,0,0,0,0,0,0,0,0,0,1,0,0,0,0,0,0,0,0,0,0
0,0,0,0,50,1,0,19.399999618530273,1023.95,0,0,0,0,1,0,1,0,1,0,1,0,1,0,1,0,1,0,1,1,0,0
0,0,1,0,72,1,1,113.6500015258789,8182.75,0,1,0,1,0,1,0,1,0,1,0,1,0,1,0,1,0,0,1,0,0,0
0,0,0,1,43,1,1,106.0,4532.3,0,0,0,1,0,1,0,1,0,0,0,1,0,1,0,1,0,1,0,1,0,0
1,0,0,0,56,1,1,25.950000762939453,1444.05,0,1,0,0,1,0,1,0,1,0,1,0,1,0,1,0,1,0,1,0,0,0
0,0,0,0,1,1,0,19.100000381469727,19.1,0,0,0,0,1,0,1,0,1,0,1,0,1,0,1,0,1,0,0,0,0,1
1,0,1,1,72,1,1,103.4000015258789,7372.65,1,1,0,1,0,0,0,1,0,1,0,0,0,1,0,1,0,0,1,0,1,0
1,0,1,0,72,1,1,100.55000305175781,7325.1,0,1,0,1,0,1,0,1,0,0,0,1,0,0,0,1,0,0,1,0,0,0
1,0,1,0,36,1,1,95.4000015258789,3474.2,0,1,0,1,0,0,0,0,0,0,0,0,0,1,0,1,0,0,0,0,1,0
1,0,0,0,5,1,0,75.1500015258789,392.65,0,0,0,0,0,0,0,0,0,1,0,1,0,1,0,1,0,0,0,0,0,0
0,0,0,0,13,1,1,84.44999694824219,1058.6,1,1,0,1,0,0,0,1,0,1,0,0,0,0,0,0,0,0,0,0,1,0
0,1,0,0,44,1,0,89.1500015258789,3990.75,0,0,0,1,0,0,0,1,0,1,0,0,0,0,0,1,0,1,0,1,0,0
0,1,1,1,70,1,1,107.9000015258789,7475.85,0,1,0,1,0,0,0,1,0,1,0,1,0,1,0,1,0,1,0,0,1,0
1,0,0,0,44,1,0,19.5,835.5,0,0,0,0,1,0,1,0,1,0,1,0,1,0,1,0,1,1,0,1,0,0
0,1,1,0,32,1,1,85.94999694824219,2628.6,1,1,0,1,0,0,0,0,0,0,0,0,0,1,0,0,0,0,0,1,0,0
0,0,1,0,69,1,1,24.950000762939453,1718.35,0,1,0,0,1,0,1,0,1,0,1,0,1,0,1,0,1,0,1,1,0,0
0,1,0,0,16,1,0,59.400001525878906,1023.9,1,0,0,0,0,0,0,0,0,0,0,1,0,1,0,0,0,0,0,0,1,0
1,1,1,1,68,1,0,19.5,1193.55,0,0,0,0,1,0,1,0,1,0,1,0,1,0,1,0,1,1,0,0,0,0
1,0,0,0,16,1,1,69.94999694824219,1205.5,0,0,0,1,0,0,0,0,0,0,0,0,0,0,0,0,0,0,0,1,0,0
1,0,1,1,68,1,0,82.8499984741211,5776.45,0,0,0,0,0,1,0,1,0,0,0,1,0,1,0,1,0,0,1,0,0,0
1,0,0,0,4,1,0,19.0,78.9,0,0,0,0,1,0,1,0,1,0,1,0,1,0,1,0,1,0,0,0,0,1
0,0,1,1,26,0,0,38.849998474121094,1025.15,0,0,1,0,0,1,0,1,0,0,0,1,0,0,0,0,0,0,0,1,0,0
0,0,0,0,29,0,1,30.600000381469727,856.35,1,0,1,0,0,0,0,1,0,0,0,0,0,0,0,0,0,0,0,0,1,0
1,0,0,1,5,1,0,20.350000381469727,122.0,0,0,0,0,1,0,1,0,1,0,1,0,1,0,1,0,1,0,0,1,0,0
1,0,1,0,70,1,1,95.0,6602.9,0,1,0,1,0,0,0,1,0,1,0,0,0,1,0,0,0,1,0,0,0,0
1,0,1,0,24,1,0,74.4000015258789,1712.9,0,0,0,0,0,1,0,0,0,0,0,1,0,1,0,1,0,1,0,0,0,0
0,1,1,0,72,1,0,78.44999694824219,5682.25,0,1,0,0,0,1,0,1,0,1,0,1,0,0,0,1,0,0,1,0,0,0
1,0,0,0,1,1,1,74.30000305175781,74.3,0,0,0,1,0,0,0,0,0,0,0,1,0,0,0,0,0,0,0,0,0,1
1,0,1,0,70,0,1,51.04999923706055,3635.15,0,0,1,0,0,0,0,1,0,1,0,1,0,0,0,1,0,1,0,0,0,0
0,0,1,1,36,1,0,19.200000762939453,702.9,0,0,0,0,1,0,1,0,1,0,1,0,1,0,1,0,1,0,0,0,0,0
0,1,0,0,38,1,1,99.55000305175781,3734.25,1,1,0,1,0,0,0,0,0,0,0,1,0,1,0,1,0,0,0,0,1,0
0,0,0,0,17,1,1,70.0,1144.5,1,0,0,1,0,0,0,0,0,0,0,0,0,0,0,0,0,0,0,0,1,0
0,0,1,1,41,1,1,109.0999984741211,4454.25,0,1,0,1,0,0,0,1,0,1,0,1,0,1,0,1,0,1,0,0,0,0
0,0,0,0,1,1,1,45.29999923706055,45.3,1,0,0,0,0,0,0,0,0,0,0,0,0,0,0,0,0,0,0,0,1,0
1,0,0,0,2,0,0,29.850000381469727,75.6,1,0,1,0,0,0,0,0,0,0,0,1,0,0,0,0,0,0,0,0,0,0
1,0,0,0,14,1,0,76.44999694824219,1117.55,0,0,0,1,0,0,0,0,0,1,0,0,0,0,0,0,0,0,0,0,1,0
1,1,0,0,2,1,1,95.0999984741211,180.25,1,0,0,1,0,0,0,1,0,1,0,1,0,0,0,1,0,0,0,1,0,0
1,0,0,0,1,1,0,19.799999237060547,19.8,1,0,0,0,1,0,1,0,1,0,1,0,1,0,1,0,1,0,0,0,0,1
1,0,1,1,13,1,1,72.80000305175781,930.05,0,1,0,0,0,0,0,1,0,1,0,1,0,1,0,0,0,0,0,0,1,0
1,0,0,0,6,1,0,18.950000762939453,110.15,0,0,0,0,1,0,1,0,1,0,1,0,1,0,1,0,1,0,0,0,0,1
0,0,0,0,4,1,1,76.6500015258789,333.6,1,0,0,1,0,0,0,1,0,0,0,0,0,0,0,0,0,0,0,0,0,0
0,0,1,1,5,1,1,99.1500015258789,465.05,1,0,0,1,0,0,0,1,0,0,0,1,0,1,0,1,0,0,0,0,0,1
0,0,1,0,15,1,0,101.75,1669.4,0,0,0,1,0,1,0,0,0,1,0,0,0,1,0,1,0,0,0,0,1,0
0,0,0,0,47,1,0,75.44999694824219,3545.1,0,0,0,1,0,1,0,0,0,0,0,0,0,0,0,0,0,0,0,1,0,0
0,0,0,0,8,1,0,64.0999984741211,504.05,0,0,0,0,0,0,0,0,0,1,0,1,0,0,0,1,0,0,0,0,0,1
1,0,0,0,17,0,1,25.649999618530273,440.2,0,0,1,0,0,0,0,0,0,0,0,0,0,0,0,0,0,0,0,0,0,1
1,0,1,1,15,1,0,75.0999984741211,1151.55,0,0,0,1,0,1,0,0,0,0,0,0,0,0,0,0,0,0,0,0,0,1
0,0,0,0,26,1,1,95.8499984741211,2475.35,0,0,0,1,0,1,0,0,0,1,0,1,0,0,0,1,0,1,0,0,0,0
0,0,0,0,23,1,0,54.400001525878906,1249.25,0,1,0,0,0,1,0,0,0,0,0,0,0,0,0,0,0,0,0,0,1,0
0,1,0,0,4,1,0,72.75,317.75,0,0,0,1,0,0,0,1,0,0,0,0,0,0,0,0,0,0,0,0,1,0
1,0,0,1,29,1,0,19.850000381469727,535.05,0,0,0,0,1,0,1,0,1,0,1,0,1,0,1,0,1,1,0,0,0,1
0,0,0,0,25,1,0,19.049999237060547,461.3,0,0,0,0,1,0,1,0,1,0,1,0,1,0,1,0,1,0,0,0,0,1
1,0,0,0,9,1,0,44.95000076293945,431.0,1,0,0,0,0,0,0,0,0,0,0,0,0,0,0,0,0,0,0,0,0,1
1,0,1,0,18,1,1,49.54999923706055,878.35,1,0,0,0,0,0,0,0,0,1,0,0,0,0,0,0,0,0,0,0,0,1
1,1,0,0,3,1,1,94.8499984741211,335.75,0,1,0,1,0,0,0,0,0,0,0,0,0,1,0,1,0,0,0,0,1,0
0,0,1,1,69,0,0,46.25,3121.4,0,0,1,0,0,1,0,1,0,1,0,1,0,0,0,0,0,0,1,0,0,0
1,0,0,0,14,1,0,19.350000381469727,324.8,0,0,0,0,1,0,1,0,1,0,1,0,1,0,1,0,1,1,0,0,0,1
1,0,0,0,19,1,0,69.5999984741211,1394.55,0,1,0,0,0,0,0,0,0,0,0,0,0,1,0,1,0,0,0,0,0,1
1,1,0,0,39,1,0,90.69999694824219,3413.25,0,1,0,1,0,0,0,1,0,0,0,0,0,0,0,1,0,0,0,0,1,0
1,0,0,0,31,1,1,101.4000015258789,3143.65,0,0,0,1,0,0,0,1,0,1,0,0,0,1,0,1,0,0,0,0,1,0
1,0,1,1,24,1,0,20.25,439.75,0,0,0,0,1,0,1,0,1,0,1,0,1,0,1,0,1,1,0,0,0,1
1,0,1,0,14,1,0,48.79999923706055,664.4,0,0,0,0,0,0,0,0,0,0,0,1,0,0,0,0,0,0,0,0,0,0
0,0,1,0,64,1,1,74.3499984741211,4759.55,0,0,0,0,0,1,0,1,0,1,0,1,0,0,0,1,0,0,1,0,0,1
0,0,0,0,50,1,1,19.350000381469727,1033.0,0,0,0,0,1,0,1,0,1,0,1,0,1,0,1,0,1,1,0,0,0,1
1,0,1,1,52,1,1,68.75,3482.85,0,0,0,0,0,0,0,1,0,1,0,1,0,1,0,0,0,1,0,0,1,0
1,0,0,0,28,1,0,100.19999694824219,2688.45,0,1,0,1,0,0,0,1,0,0,0,0,0,1,0,1,0,1,0,0,1,0
0,0,0,0,21,1,1,20.850000381469727,435.25,0,0,0,0,1,0,1,0,1,0,1,0,1,0,1,0,1,0,1,1,0,0
1,0,0,1,25,1,1,95.9000015258789,2448.75,1,0,0,1,0,0,0,1,0,0,0,0,0,1,0,1,0,0,0,0,1,0
0,0,1,0,17,1,0,19.350000381469727,307.0,0,0,0,0,1,0,1,0,1,0,1,0,1,0,1,0,1,1,0,0,0,1
1,0,1,0,58,0,1,45.0,2689.35,0,0,1,0,0,0,0,0,0,0,0,0,0,1,0,1,0,1,0,1,0,0
1,1,1,0,17,1,0,81.5,1329.2,1,0,0,1,0,0,0,0,0,0,0,0,0,0,0,1,0,0,0,0,0,0
0,0,1,0,51,1,0,25.5,1281.25,0,1,0,0,1,0,1,0,1,0,1,0,1,0,1,0,1,0,1,0,0,1
1,0,1,1,72,0,0,48.900001525878906,3527.0,0,0,1,0,0,1,0,0,0,1,0,1,0,1,0,0,0,0,1,0,0,1
1,0,1,0,52,1,0,84.0999984741211,4348.65,1,0,0,1,0,1,0,0,0,0,0,0,0,1,0,0,0,0,0,0,1,0
0,0,0,0,27,1,1,19.600000381469727,561.15,0,0,0,0,1,0,1,0,1,0,1,0,1,0,1,0,1,0,1,0,0,1
0,0,0,0,3,1,0,20.0,63.6,0,0,0,0,1,0,1,0,1,0,1,0,1,0,1,0,1,0,0,0,0,1
0,0,1,0,64,1,1,81.30000305175781,5129.3,0,1,0,0,0,1,0,1,0,1,0,1,0,0,0,1,0,0,1,0,0,1
0,0,1,0,45,1,1,95.19999694824219,4285.8,0,0,0,1,0,0,0,0,0,0,0,1,0,1,0,1,0,0,1,1,0,0
1,1,1,0,3,0,1,36.45000076293945,93.7,1,0,1,0,0,0,0,0,0,0,0,0,0,1,0,0,0,0,0,0,0,1
0,0,1,0,71,1,1,83.30000305175781,5894.5,0,1,0,0,0,0,0,1,0,1,0,1,0,1,0,1,0,0,1,1,0,0
0,1,0,0,1,0,0,25.049999237060547,25.05,1,0,1,0,0,0,0,0,0,0,0,0,0,0,0,0,0,0,0,0,0,1
0,0,1,1,58,1,0,20.299999237060547,1160.75,0,0,0,0,1,0,1,0,1,0,1,0,1,0,1,0,1,0,1,1,0,0
1,0,1,1,34,1,1,89.8499984741211,3091.75,0,0,0,1,0,0,0,1,0,1,0,0,0,1,0,0,0,0,0,0,1,0
0,0,0,0,8,1,1,49.849998474121094,365.55,1,0,0,0,0,1,0,0,0,0,0,0,0,0,0,0,0,0,0,0,1,0
0,0,1,1,15,1,0,19.799999237060547,272.95,0,0,0,0,1,0,1,0,1,0,1,0,1,0,1,0,1,0,0,0,0,1
1,0,1,1,66,0,0,54.650001525878906,3632.0,0,0,1,0,0,0,0,0,0,1,0,1,0,1,0,1,0,0,1,0,0,0
1,1,0,0,12,0,1,29.350000381469727,381.2,0,0,1,0,0,0,0,1,0,0,0,0,0,0,0,0,0,0,0,1,0,0
1,0,0,0,58,1,1,19.149999618530273,1035.5,0,0,0,0,1,0,1,0,1,0,1,0,1,0,1,0,1,0,1,0,0,0
0,0,1,1,3,1,0,19.100000381469727,52.0,0,0,0,0,1,0,1,0,1,0,1,0,1,0,1,0,1,0,1,0,0,1
0,1,1,0,43,0,0,55.54999923706055,2342.2,1,0,1,0,0,0,0,1,0,1,0,0,0,1,0,1,0,0,0,1,0,0
0,0,0,0,9,1,0,80.55000305175781,653.9,0,0,0,1,0,0,0,1,0,1,0,0,0,0,0,0,0,0,0,0,1,0
0,0,0,0,3,1,0,20.25,71.2,0,0,0,0,1,0,1,0,1,0,1,0,1,0,1,0,1,1,0,0,0,1
0,0,1,1,22,1,1,69.5,1498.2,1,0,0,0,0,0,0,1,0,0,0,0,0,1,0,1,0,1,0,0,0,0
1,0,1,0,40,1,1,106.0,4178.65,0,1,0,1,0,0,0,1,0,1,0,0,0,1,0,1,0,1,0,0,0,0
0,0,0,0,68,1,0,25.5,1821.8,0,1,0,0,1,0,1,0,1,0,1,0,1,0,1,0,1,0,1,0,0,0
1,0,1,0,54,1,1,104.30000305175781,5278.15,1,1,0,1,0,0,0,1,0,1,0,0,0,1,0,1,0,0,0,0,1,0
0,0,0,0,50,1,1,79.5999984741211,4024.2,0,1,0,0,0,0,0,1,0,0,0,1,0,1,0,1,0,0,1,0,0,1
1,0,0,0,1,1,1,55.25,55.25,0,0,0,0,0,0,0,0,0,0,0,0,0,0,0,1,0,0,0,0,1,0
0,0,1,0,72,1,0,88.05000305175781,6520.8,0,1,0,0,0,1,0,1,0,1,0,1,0,1,0,1,0,0,1,0,0,0
1,0,0,1,40,1,1,20.399999618530273,854.9,0,0,0,0,1,0,1,0,1,0,1,0,1,0,1,0,1,1,0,0,0,0
0,0,1,1,72,1,1,117.5999984741211,8308.9,0,1,0,1,0,1,0,1,0,1,0,1,0,1,0,1,0,0,1,0,0,0
0,0,0,0,6,1,0,20.0,109.2,0,0,0,0,1,0,1,0,1,0,1,0,1,0,1,0,1,0,0,0,0,1
0,0,0,0,5,1,1,19.649999618530273,92.05,0,0,0,0,1,0,1,0,1,0,1,0,1,0,1,0,1,0,0,1,0,0
1,0,1,0,48,1,1,70.55000305175781,3420.5,0,1,0,0,0,0,0,1,0,1,0,0,0,0,0,1,0,1,0,1,0,0
0,0,0,0,1,1,1,93.8499984741211,93.85,1,1,0,1,0,0,0,0,0,0,0,0,0,1,0,1,0,0,0,0,1,0
0,0,1,1,64,1,0,65.80000305175781,4068.0,0,0,0,0,0,1,0,0,0,0,0,1,0,1,0,0,0,1,0,0,0,1
0,0,0,0,17,1,0,20.049999237060547,337.9,0,0,0,0,1,0,1,0,1,0,1,0,1,0,1,0,1,1,0,1,0,0
1,0,1,0,40,1,1,80.0,3168.75,0,0,0,1,0,0,0,1,0,1,0,0,0,0,0,0,0,0,0,0,1,0
0,0,1,1,41,0,0,35.400001525878906,1412.4,0,0,1,0,0,1,0,0,0,1,0,0,0,0,0,0,0,1,0,1,0,0
1,1,0,0,51,1,1,79.5999984741211,3974.7,0,1,0,1,0,0,0,1,0,0,0,0,0,0,0,0,0,1,0,0,0,0
1,0,1,0,41,1,1,80.25,3439.0,0,1,0,1,0,0,0,1,0,0,0,0,0,0,0,0,0,0,0,0,1,0
0,0,1,1,1,1,0,50.45000076293945,50.45,1,0,0,0,0,0,0,0,0,1,0,0,0,0,0,0,0,0,0,0,0,1
0,0,0,0,2,1,1,20.450000762939453,42.45,0,0,0,0,1,0,1,0,1,0,1,0,1,0,1,0,1,0,0,0,0,1
1,0,0,0,68,1,0,79.5999984741211,5461.45,0,0,0,1,0,0,0,1,0,1,0,0,0,0,0,0,0,1,0,1,0,0
0,0,1,1,24,1,0,24.700000762939453,571.75,0,1,0,0,1,0,1,0,1,0,1,0,1,0,1,0,1,0,1,0,0,1
1,0,1,0,70,1,0,77.30000305175781,5498.2,0,1,0,0,0,1,0,0,0,1,0,1,0,0,0,1,0,0,1,1,0,0
1,0,0,0,3,0,1,29.75,96.85,0,0,1,0,0,0,0,0,0,0,0,1,0,0,0,0,0,0,0,0,1,0
1,0,0,0,2,1,0,44.900001525878906,111.05,0,0,0,0,0,0,0,0,0,0,0,0,0,0,0,0,0,0,0,0,0,0
1,0,1,0,3,0,0,29.799999237060547,94.4,0,0,1,0,0,0,0,1,0,0,0,0,0,0,0,0,0,0,0,1,0,0
0,0,0,0,7,1,1,74.6500015258789,521.1,1,1,0,0,0,0,0,0,0,0,0,1,0,1,0,1,0,0,0,0,1,0
0,0,0,0,13,1,1,71.94999694824219,923.85,0,0,0,0,0,1,0,0,0,0,0,0,0,1,0,1,0,0,0,0,1,0
1,0,0,0,7,1,0,20.75,141.1,0,0,0,0,1,0,1,0,1,0,1,0,1,0,1,0,1,0,0,0,0,1
1,0,1,1,12,1,1,56.29999923706055,628.65,0,0,0,0,0,0,0,0,0,0,0,0,0,1,0,0,0,0,0,0,0,1
1,0,1,1,53,1,1,105.25,5576.3,0,1,0,1,0,0,0,1,0,1,0,0,0,1,0,1,0,1,0,0,1,0
0,0,0,0,12,1,1,94.19999694824219,1046.1,1,1,0,1,0,0,0,0,0,0,0,0,0,1,0,1,0,0,0,0,1,0
1,0,1,1,63,1,0,19.549999237060547,1245.6,0,0,0,0,1,0,1,0,1,0,1,0,1,0,1,0,1,0,1,0,0,1
0,0,0,0,15,1,0,84.44999694824219,1287.85,0,0,0,0,0,1,0,1,0,1,0,1,0,1,0,1,0,0,0,0,0,1
1,0,1,1,36,1,0,53.650001525878906,1939.35,0,0,0,0,0,1,0,1,0,0,0,0,0,0,0,0,0,1,0,0,0,1
1,1,1,0,4,0,1,29.899999618530273,118.25,0,0,1,0,0,0,0,0,0,1,0,0,0,0,0,0,0,0,0,0,1,0
0,0,1,1,24,1,0,19.700000762939453,452.55,0,0,0,0,1,0,1,0,1,0,1,0,1,0,1,0,1,0,1,0,0,1
0,0,0,0,61,0,0,43.70000076293945,2696.55,0,0,1,0,0,1,0,1,0,1,0,1,0,0,0,0,0,1,0,1,0,0
1,0,0,0,16,1,0,55.29999923706055,875.35,0,1,0,0,0,0,0,1,0,0,0,0,0,0,0,0,0,0,0,0,1,0
1,0,1,1,65,1,1,19.850000381469727,1267.05,0,0,0,0,1,0,1,0,1,0,1,0,1,0,1,0,1,0,1,1,0,0
0,0,1,1,26,1,0,19.649999618530273,494.9,0,0,0,0,1,0,1,0,1,0,1,0,1,0,1,0,1,0,1,1,0,0
1,0,0,0,16,1,1,49.45000076293945,799.0,0,0,0,0,0,0,0,0,0,0,0,1,0,0,0,0,0,0,0,0,0,1
0,0,1,0,54,1,0,106.55000305175781,5763.3,1,1,0,1,0,1,0,1,0,0,0,0,0,1,0,1,0,1,0,0,0,0
1,0,0,0,1,1,0,20.100000381469727,20.1,1,0,0,0,1,0,1,0,1,0,1,0,1,0,1,0,1,0,0,0,0,1
1,0,0,1,5,1,0,20.450000762939453,106.9,0,0,0,0,1,0,1,0,1,0,1,0,1,0,1,0,1,0,1,0,0,1
0,0,0,0,19,0,1,39.70000076293945,710.05,0,0,1,0,0,0,0,1,0,0,0,0,0,0,0,1,0,0,0,0,1,0
1,0,0,0,10,1,1,54.5,568.2,0,1,0,0,0,1,0,0,0,0,0,0,0,0,0,0,0,0,0,1,0,0
0,0,1,1,23,1,0,83.80000305175781,1900.25,1,0,0,1,0,0,0,1,0,1,0,1,0,0,0,0,0,0,0,0,1,0
1,0,0,0,3,1,0,55.150001525878906,159.15,1,0,0,0,0,0,0,0,0,0,0,0,0,1,0,0,0,0,0,0,0,1
0,0,0,0,72,1,1,111.5999984741211,8012.75,0,1,0,1,0,0,0,1,0,1,0,1,0,1,0,1,0,0,1,0,0,0
1,1,1,0,10,1,1,86.6500015258789,856.65,1,1,0,1,0,0,0,0,0,0,0,0,0,0,0,1,0,0,0,0,1,0
0,0,1,1,10,1,1,55.54999923706055,551.3,0,0,0,0,0,0,0,1,0,1,0,0,0,0,0,0,0,0,0,0,0,1
1,0,1,0,11,1,1,20.549999237060547,184.95,0,0,0,0,1,0,1,0,1,0,1,0,1,0,1,0,1,1,0,0,0,1
0,1,0,0,37,1,1,106.75,4056.75,1,1,0,1,0,1,0,1,0,0,0,0,0,1,0,1,0,0,0,0,0,0
1,0,1,1,17,1,1,62.099998474121094,1096.65,0,1,0,0,0,1,0,0,0,0,0,1,0,0,0,0,0,1,0,0,0,1
0,0,1,1,36,1,1,104.5,3684.95,0,1,0,1,0,1,0,0,0,1,0,0,0,1,0,1,0,0,0,1,0,0
1,1,0,0,17,1,1,101.80000305175781,1752.45,0,0,0,1,0,0,0,1,0,1,0,0,0,1,0,1,0,0,0,0,1,0
0,1,1,1,66,1,1,110.5999984741211,7210.85,0,1,0,1,0,1,0,1,0,0,0,1,0,1,0,1,0,1,0,1,0,0
1,0,1,1,61,1,0,84.9000015258789,5264.5,0,0,0,0,0,1,0,1,0,1,0,1,0,1,0,1,0,1,0,0,0,0
1,0,0,0,22,1,1,93.19999694824219,2157.3,0,0,0,1,0,0,0,1,0,0,0,0,0,1,0,1,0,0,0,0,0,1
1,0,0,0,1,0,1,24.399999618530273,24.4,0,0,1,0,0,0,0,0,0,0,0,0,0,0,0,0,0,0,0,0,1,0
0,0,0,0,6,1,0,70.55000305175781,433.95,0,0,0,1,0,0,0,0,0,0,0,0,0,0,0,0,0,0,0,1,0,0
1,0,0,0,31,1,1,78.44999694824219,2435.15,1,0,0,1,0,0,0,1,0,0,0,1,0,0,0,0,0,0,0,0,1,0
0,0,1,1,68,1,1,85.0,5607.75,0,0,0,0,0,1,0,1,0,1,0,1,0,1,0,1,0,0,1,1,0,0
0,0,1,1,34,1,0,87.44999694824219,2874.15,1,1,0,1,0,0,0,0,0,1,0,0,0,1,0,0,0,0,0,0,1,0
0,0,1,1,52,1,0,85.80000305175781,4433.3,0,0,0,1,0,0,0,1,0,1,0,1,0,0,0,0,0,0,0,0,0,0
0,0,0,1,10,1,1,91.0999984741211,964.35,0,0,0,1,0,0,0,0,0,1,0,1,0,1,0,0,0,0,0,0,1,0
1,0,1,1,29,1,1,70.75,1974.8,1,0,0,1,0,0,0,0,0,0,0,0,0,0,0,0,0,0,0,0,1,0
0,0,1,1,72,1,0,20.100000381469727,1460.85,0,0,0,0,1,0,1,0,1,0,1,0,1,0,1,0,1,0,1,0,0,0
1,0,1,1,47,1,0,20.049999237060547,951.55,0,0,0,0,1,0,1,0,1,0,1,0,1,0,1,0,1,1,0,0,0,1
1,0,1,1,24,1,0,74.80000305175781,1821.2,0,1,0,0,0,1,0,0,0,0,0,0,0,1,0,1,0,1,0,0,0,1
1,0,0,0,65,1,0,24.799999237060547,1600.95,0,1,0,0,1,0,1,0,1,0,1,0,1,0,1,0,1,1,0,1,0,0
0,0,0,0,4,1,1,100.8499984741211,399.25,0,1,0,1,0,0,0,0,0,0,0,1,0,1,0,1,0,0,0,0,0,1
1,1,1,0,12,1,1,101.3499984741211,1218.55,1,1,0,1,0,0,0,1,0,0,0,0,0,1,0,1,0,0,0,0,1,0
1,0,0,0,1,1,1,81.69999694824219,81.7,1,1,0,1,0,1,0,0,0,0,0,0,0,0,0,0,0,0,0,0,1,0
1,0,0,0,33,1,0,68.25,2171.15,1,0,0,1,0,0,0,0,0,0,0,0,0,0,0,0,0,0,0,0,1,0
0,0,0,0,34,1,1,105.0999984741211,3634.8,0,0,0,1,0,0,0,1,0,1,0,1,0,1,0,1,0,0,0,0,1,0
0,0,1,0,14,1,0,20.399999618530273,292.4,0,0,0,0,1,0,1,0,1,0,1,0,1,0,1,0,1,0,1,0,0,1
0,0,0,0,4,1,1,79.1500015258789,317.25,1,0,0,1,0,0,0,0,0,0,0,0,0,0,0,1,0,0,0,0,1,0
1,0,1,1,13,1,0,20.0,218.55,0,0,0,0,1,0,1,0,1,0,1,0,1,0,1,0,1,1,0,0,0,1
0,0,1,1,65,1,1,79.4000015258789,5071.9,0,1,0,0,0,0,0,1,0,0,0,1,0,1,0,1,0,0,1,0,0,0
1,0,1,1,23,1,0,57.20000076293945,1423.35,0,0,0,0,0,1,0,0,0,0,0,1,0,0,0,0,0,1,0,1,0,0
1,0,1,0,55,1,0,58.599998474121094,3068.6,0,0,0,0,0,1,0,1,0,1,0,0,0,0,0,0,0,0,1,0,1,0
1,0,1,0,49,1,1,94.80000305175781,4690.65,0,0,0,1,0,0,0,1,0,0,0,0,0,1,0,1,0,0,1,0,1,0
1,0,1,0,60,1,0,102.5,6157.6,0,1,0,1,0,0,0,1,0,1,0,0,0,1,0,1,0,1,0,0,0,0
0,0,1,1,69,1,1,20.350000381469727,1442.65,0,0,0,0,1,0,1,0,1,0,1,0,1,0,1,0,1,1,0,1,0,0
1,0,0,0,40,1,1,84.9000015258789,3369.05,0,1,0,1,0,0,0,0,0,0,0,0,0,1,0,0,0,0,0,0,1,0
1,0,1,0,67,1,1,69.19999694824219,4671.65,0,0,0,0,0,1,0,1,0,0,0,1,0,0,0,1,0,0,1,1,0,0
1,1,0,0,35,1,1,95.44999694824219,3474.05,1,1,0,1,0,0,0,0,0,0,0,0,0,1,0,1,0,0,0,0,1,0
1,0,1,1,19,1,1,100.94999694824219,1875.55,1,1,0,1,0,0,0,0,0,0,0,1,0,1,0,1,0,1,0,0,1,0
0,0,1,1,13,1,0,20.850000381469727,272.35,0,0,0,0,1,0,1,0,1,0,1,0,1,0,1,0,1,0,1,0,0,1
0,0,0,1,41,1,1,88.5,3645.05,0,1,0,1,0,0,0,1,0,0,0,0,0,1,0,0,0,0,0,0,0,0
0,0,0,0,4,0,0,35.0,135.75,0,0,1,0,0,1,0,0,0,1,0,0,0,0,0,0,0,0,0,0,0,1
0,0,1,1,24,1,0,55.150001525878906,1319.85,0,0,0,0,0,1,0,0,0,0,0,1,0,0,0,0,0,0,0,0,1,0
0,0,0,0,5,0,1,50.95000076293945,229.4,0,0,1,0,0,0,0,1,0,0,0,0,0,1,0,1,0,0,0,1,0,0
0,0,0,0,5,1,1,64.0,370.25,0,1,0,0,0,0,0,1,0,0,0,0,0,0,0,1,0,0,0,0,1,0
0,0,1,1,1,1,1,69.0999984741211,69.1,1,0,0,1,0,0,0,0,0,0,0,0,0,0,0,0,0,0,0,0,0,1
0,0,1,1,72,1,0,80.19999694824219,5714.2,0,1,0,0,0,1,0,1,0,1,0,1,0,1,0,0,0,0,1,0,0,0
0,0,0,0,24,1,1,49.29999923706055,1233.25,0,0,0,0,0,0,0,0,0,1,0,0,0,0,0,0,0,0,0,1,0,0
0,0,1,0,42,1,0,84.3499984741211,3571.6,0,1,0,0,0,1,0,0,0,1,0,1,0,1,0,1,0,0,1,1,0,0
0,0,0,0,4,1,0,20.049999237060547,83.3,0,0,0,0,1,0,1,0,1,0,1,0,1,0,1,0,1,0,0,0,0,1
1,0,0,0,68,1,1,117.19999694824219,8035.95,0,1,0,1,0,1,0,1,0,1,0,1,0,1,0,1,0,1,0,1,0,0
0,0,1,1,33,1,0,20.100000381469727,579.4,0,0,0,0,1,0,1,0,1,0,1,0,1,0,1,0,1,1,0,0,0,1
0,1,0,0,1,1,1,69.5999984741211,69.6,1,0,0,1,0,0,0,0,0,0,0,0,0,0,0,0,0,0,0,0,1,0
1,0,0,0,31,1,1,103.44999694824219,3066.45,1,1,0,1,0,0,0,1,0,1,0,0,0,1,0,1,0,1,0,0,1,0
0,0,0,0,4,1,0,77.94999694824219,305.55,1,1,0,1,0,0,0,1,0,0,0,0,0,0,0,0,0,0,0,0,0,0
1,1,1,0,69,1,1,109.94999694824219,7634.25,0,1,0,1,0,0,0,1,0,1,0,1,0,1,0,1,0,0,1,0,1,0
1,1,0,0,38,1,0,94.75,3653.0,0,1,0,1,0,0,0,0,0,0,0,0,0,1,0,1,0,0,0,0,1,0
0,0,1,1,3,1,1,80.0,241.3,0,0,0,1,0,0,0,1,0,0,0,1,0,0,0,0,0,0,0,0,1,0
0,0,1,1,48,1,0,79.6500015258789,3870.3,0,1,0,0,0,0,0,1,0,0,0,1,0,1,0,1,0,0,1,0,1,0
0,0,1,0,15,1,0,25.200000762939453,387.9,0,1,0,0,1,0,1,0,1,0,1,0,1,0,1,0,1,0,1,0,0,1
0,0,0,0,25,1,0,19.899999618530273,527.5,0,0,0,0,1,0,1,0,1,0,1,0,1,0,1,0,1,1,0,1,0,0
0,1,0,0,1,1,0,78.44999694824219,78.45,1,0,0,1,0,0,0,0,0,0,0,0,0,1,0,0,0,0,0,0,1,0
0,0,0,0,48,0,1,44.79999923706055,2104.55,0,0,1,0,0,1,0,1,0,0,0,0,0,1,0,0,0,0,0,0,1,0
1,0,0,0,1,1,0,20.299999237060547,20.3,0,0,0,0,1,0,1,0,1,0,1,0,1,0,1,0,1,0,0,0,0,1
1,0,0,0,1,1,0,19.200000762939453,19.2,0,0,0,0,1,0,1,0,1,0,1,0,1,0,1,0,1,0,0,0,1,0
0,0,0,0,37,1,0,80.05000305175781,3019.1,0,0,0,1,0,0,0,1,0,1,0,0,0,0,0,0,0,1,0,0,1,0
1,1,1,0,66,1,1,107.3499984741211,7051.95,0,1,0,1,0,0,0,1,0,1,0,1,0,1,0,1,0,1,0,0,0,0
0,0,1,0,26,0,0,47.849998474121094,1190.5,0,0,1,0,0,1,0,1,0,1,0,0,0,1,0,0,0,1,0,0,0,0
1,0,1,0,63,1,0,70.80000305175781,4448.8,0,0,0,0,0,1,0,1,0,0,0,1,0,1,0,0,0,1,0,1,0,0
1,0,0,0,10,0,0,29.5,255.25,1,0,1,0,0,0,0,0,0,1,0,0,0,0,0,0,0,0,0,0,0,1
0,0,0,0,2,1,1,70.75,146.9,1,0,0,0,0,1,0,0,0,0,0,0,0,1,0,1,0,0,0,0,1,0
1,1,1,0,18,1,1,59.099998474121094,1011.05,0,0,0,0,0,1,0,0,0,0,0,0,0,0,0,1,0,0,0,1,0,0
0,0,1,0,64,1,0,25.549999237060547,1714.95,0,1,0,0,1,0,1,0,1,0,1,0,1,0,1,0,1,0,1,0,0,1
0,1,0,0,9,1,1,84.44999694824219,762.5,1,1,0,1,0,0,0,0,0,0,0,0,0,0,0,1,0,0,0,0,1,0
0,0,0,1,28,1,0,20.25,535.35,0,0,0,0,1,0,1,0,1,0,1,0,1,0,1,0,1,0,0,0,0,1
0,0,0,0,1,1,0,75.55000305175781,75.55,0,0,0,1,0,0,0,0,0,1,0,0,0,0,0,0,0,0,0,0,1,0
1,0,0,0,4,1,1,85.6500015258789,338.9,1,1,0,1,0,0,0,0,0,0,0,0,0,0,0,1,0,0,0,0,1,0
1,1,0,0,38,1,1,70.1500015258789,2497.35,1,0,0,0,0,0,0,1,0,1,0,1,0,1,0,0,0,1,0,1,0,0
1,0,1,0,66,1,0,95.30000305175781,6273.4,0,1,0,1,0,0,0,1,0,1,0,0,0,0,0,1,0,1,0,0,1,0
0,0,0,0,1,1,1,70.25,70.25,0,0,0,1,0,0,0,0,0,0,0,0,0,0,0,0,0,0,0,0,1,0
0,0,1,0,18,1,1,50.29999923706055,908.75,0,0,0,0,0,0,0,0,0,0,0,1,0,0,0,0,0,0,0,0,0,1
1,1,0,0,51,1,1,97.80000305175781,4913.3,1,1,0,1,0,0,0,0,0,1,0,0,0,1,0,1,0,0,0,0,1,0
1,0,1,1,0,1,0,19.850000381469727,0.0,0,0,0,0,1,0,1,0,1,0,1,0,1,0,1,0,1,0,1,0,0,1
1,0,0,0,1,1,0,46.29999923706055,46.3,1,0,0,0,0,0,0,0,0,0,0,0,0,0,0,0,0,0,0,0,0,1
1,0,0,1,12,1,0,19.350000381469727,212.3,0,0,0,0,1,0,1,0,1,0,1,0,1,0,1,0,1,0,1,0,0,0
0,0,0,0,41,1,1,106.30000305175781,4443.45,1,1,0,1,0,0,0,1,0,1,0,0,0,1,0,1,0,0,0,0,1,0
1,0,0,0,12,1,0,25.0,316.2,0,1,0,0,1,0,1,0,1,0,1,0,1,0,1,0,1,0,0,0,1,0
0,0,1,1,55,1,0,20.299999237060547,1079.05,0,0,0,0,1,0,1,0,1,0,1,0,1,0,1,0,1,0,1,0,0,1
0,0,0,0,7,1,1,75.3499984741211,564.65,0,1,0,1,0,0,0,0,0,0,0,0,0,0,0,0,0,0,0,0,1,0
0,0,0,0,12,1,1,89.4000015258789,1095.65,1,0,0,1,0,0,0,0,0,1,0,1,0,0,0,1,0,0,0,0,1,0
0,0,1,1,68,1,0,88.0,6161.9,0,1,0,0,0,1,0,1,0,1,0,1,0,1,0,1,0,0,1,1,0,0
0,1,0,0,5,1,1,83.1500015258789,446.05,1,1,0,1,0,0,0,0,0,0,0,0,0,1,0,0,0,0,0,1,0,0
0,1,0,0,49,1,0,43.79999923706055,2106.05,0,0,0,0,0,0,0,0,0,0,0,0,0,0,0,0,0,0,0,0,0,1
1,0,0,0,40,0,0,62.04999923706055,2511.55,0,0,1,0,0,1,0,1,0,1,0,0,0,1,0,1,0,1,0,1,0,0
0,0,0,0,16,1,0,20.100000381469727,318.6,0,0,0,0,1,0,1,0,1,0,1,0,1,0,1,0,1,1,0,0,0,0
1,0,0,0,10,1,1,74.1500015258789,811.8,1,1,0,1,0,0,0,0,0,0,0,0,0,0,0,0,0,0,0,0,0,1
0,0,1,0,72,1,1,101.3499984741211,7323.15,0,1,0,1,0,0,0,1,0,1,0,0,0,1,0,1,0,1,0,0,1,0
0,1,0,0,2,1,1,84.05000305175781,186.05,0,1,0,1,0,0,0,0,0,0,0,0,0,0,0,1,0,0,0,0,1,0
1,0,1,1,23,1,0,20.899999618530273,454.0,0,0,0,0,1,0,1,0,1,0,1,0,1,0,1,0,1,0,1,0,0,1
0,1,0,0,71,1,1,105.9000015258789,7521.95,0,1,0,1,0,0,0,1,0,1,0,0,0,1,0,1,0,1,0,0,1,0
0,0,1,0,11,1,1,99.5,1056.95,1,1,0,1,0,0,0,0,0,1,0,0,0,1,0,1,0,0,0,0,1,0
1,0,0,0,1,1,1,44.150001525878906,44.15,1,0,0,0,0,0,0,0,0,0,0,0,0,0,0,0,0,0,0,0,0,1
0,0,0,0,16,1,1,53.900001525878906,834.15,1,0,0,0,0,0,0,1,0,0,0,1,0,0,0,0,0,0,0,0,0,1
0,0,0,0,1,1,1,85.44999694824219,85.45,1,1,0,1,0,0,0,0,0,0,0,0,0,0,0,1,0,0,0,0,0,1
1,0,1,0,12,1,1,85.05000305175781,999.8,0,0,0,1,0,0,0,1,0,0,0,0,0,0,0,1,0,0,0,1,0,0
0,0,0,0,54,0,0,44.099998474121094,2369.7,0,0,1,0,0,1,0,0,0,0,0,1,0,0,0,1,0,1,0,0,0,0
0,0,1,0,68,1,0,90.19999694824219,6297.65,0,1,0,1,0,0,0,1,0,1,0,1,0,0,0,0,0,0,1,1,0,0
0,0,1,1,4,1,0,50.849998474121094,239.55,1,1,0,0,0,0,0,0,0,0,0,0,0,0,0,0,0,0,0,0,0,1
0,0,0,1,1,1,0,59.20000076293945,59.2,1,0,0,0,0,0,0,0,0,1,0,0,0,0,0,1,0,0,0,0,1,0
1,0,0,0,27,1,0,53.45000076293945,1461.45,0,0,0,0,0,1,0,0,0,0,0,1,0,0,0,0,0,0,0,0,0,1
1,0,0,0,21,1,1,19.950000762939453,416.4,0,0,0,0,1,0,1,0,1,0,1,0,1,0,1,0,1,0,0,0,0,1
1,0,0,0,13,1,1,83.19999694824219,1060.6,1,0,0,1,0,0,0,0,0,1,0,0,0,1,0,0,0,0,0,0,1,0
0,1,0,0,64,1,0,74.6500015258789,4869.35,0,1,0,0,0,0,0,1,0,1,0,1,0,0,0,1,0,0,0,1,0,0
0,0,0,0,1,1,1,54.900001525878906,54.9,1,0,0,0,0,1,0,1,0,0,0,0,0,0,0,0,0,0,0,0,1,0
1,0,1,0,57,0,1,57.5,3265.95,0,0,1,0,0,0,0,1,0,1,0,1,0,1,0,1,0,0,1,0,0,0
0,0,1,0,21,1,1,103.9000015258789,2254.2,1,1,0,1,0,1,0,0,0,1,0,0,0,1,0,1,0,0,0,0,1,0
1,0,0,0,19,1,0,19.649999618530273,358.15,0,0,0,0,1,0,1,0,1,0,1,0,1,0,1,0,1,0,1,0,0,1
1,0,1,0,31,1,1,93.80000305175781,2939.8,0,0,0,1,0,0,0,0,0,1,0,0,0,1,0,1,0,1,0,0,1,0
1,0,0,0,52,1,1,89.25,4652.4,0,1,0,0,0,1,0,1,0,1,0,1,0,1,0,1,0,0,1,0,0,1
0,0,0,0,46,1,1,94.1500015258789,4408.45,0,1,0,1,0,0,0,1,0,1,0,0,0,0,0,1,0,1,0,0,1,0
0,1,0,0,11,1,1,55.599998474121094,580.8,0,1,0,0,0,1,0,0,0,0,0,0,0,0,0,0,0,0,0,0,1,0
0,0,1,1,53,0,1,48.70000076293945,2495.2,0,0,1,0,0,1,0,1,0,1,0,0,0,0,0,1,0,0,0,0,0,0
0,0,1,1,11,1,1,19.25,180.3,1,0,0,0,1,0,1,0,1,0,1,0,1,0,1,0,1,0,0,0,0,1
1,1,0,0,57,1,1,104.9000015258789,5913.95,0,1,0,1,0,0,0,1,0,0,0,1,0,1,0,1,0,0,0,0,0,0
0,1,0,0,2,1,1,75.44999694824219,158.4,1,1,0,1,0,0,0,0,0,0,0,0,0,0,0,0,0,0,0,0,0,1
0,1,0,0,2,1,0,54.849998474121094,104.2,1,0,0,0,0,1,0,1,0,0,0,0,0,0,0,0,0,0,0,0,0,1
0,0,1,1,71,1,0,19.899999618530273,1389.35,0,0,0,0,1,0,1,0,1,0,1,0,1,0,1,0,1,0,1,0,0,0
0,0,1,1,1,1,1,19.399999618530273,19.4,0,0,0,0,1,0,1,0,1,0,1,0,1,0,1,0,1,0,0,0,0,1
1,0,1,0,68,1,0,25.049999237060547,1629.2,0,1,0,0,1,0,1,0,1,0,1,0,1,0,1,0,1,0,1,1,0,0
1,0,1,0,72,1,0,84.44999694824219,6033.1,0,0,0,0,0,1,0,1,0,1,0,1,0,1,0,1,0,0,1,0,0,1
0,0,0,0,2,1,0,19.299999237060547,44.4,0,0,0,0,1,0,1,0,1,0,1,0,1,0,1,0,1,0,0,0,0,1
1,1,1,0,1,1,1,95.0999984741211,95.1,1,1,0,1,0,0,0,0,0,0,0,0,0,1,0,1,0,0,0,0,1,0
0,0,0,0,41,1,1,79.8499984741211,3320.75,0,0,0,0,0,1,0,0,0,1,0,1,0,1,0,1,0,1,0,0,0,0
1,0,1,1,72,1,0,25.549999237060547,1867.7,0,1,0,0,1,0,1,0,1,0,1,0,1,0,1,0,1,0,1,1,0,0
1,0,1,0,6,1,1,75.5,438.0,1,1,0,1,0,0,0,0,0,0,0,0,0,0,0,0,0,0,0,0,1,0
0,0,1,1,4,1,1,73.75,325.45,1,0,0,1,0,0,0,0,0,1,0,0,0,0,0,0,0,0,0,0,1,0
1,0,0,0,12,1,1,96.05000305175781,1148.1,1,1,0,1,0,0,0,0,0,0,0,0,0,1,0,1,0,0,0,0,1,0
0,0,1,0,58,1,1,68.4000015258789,3972.25,0,1,0,0,0,1,0,0,0,0,0,1,0,0,0,1,0,1,0,0,1,0
0,0,0,0,7,1,0,20.649999618530273,155.9,0,0,0,0,1,0,1,0,1,0,1,0,1,0,1,0,1,0,0,0,0,1
0,0,1,0,65,1,1,55.150001525878906,3673.15,0,0,0,0,0,1,0,0,0,1,0,0,0,0,0,0,0,0,0,0,0,1
1,0,0,0,1,1,1,70.5999984741211,70.6,0,0,0,1,0,0,0,0,0,0,0,0,0,0,0,0,0,0,0,0,0,1
1,0,1,0,56,1,0,19.950000762939453,1126.75,0,0,0,0,1,0,1,0,1,0,1,0,1,0,1,0,1,1,0,1,0,0
1,0,0,0,4,1,0,19.0,73.45,0,0,0,0,1,0,1,0,1,0,1,0,1,0,1,0,1,0,0,0,0,1
0,0,1,1,58,1,1,44.099998474121094,2413.05,0,0,0,0,0,0,0,0,0,0,0,0,0,0,0,0,0,1,0,0,0,1
1,0,1,0,62,1,1,107.5999984741211,6912.7,0,1,0,1,0,0,0,0,0,1,0,1,0,1,0,1,0,0,1,0,0,0
1,0,0,0,26,1,0,61.54999923706055,1581.95,0,1,0,0,0,1,0,1,0,0,0,0,0,0,0,0,0,1,0,0,1,0
1,0,0,0,62,1,0,90.69999694824219,5586.45,0,1,0,1,0,1,0,1,0,1,0,0,0,0,0,0,0,0,0,0,0,0
0,0,1,1,58,1,0,99.25,5846.65,0,0,0,1,0,1,0,1,0,0,0,0,0,1,0,1,0,1,0,1,0,0
0,0,1,0,68,1,1,91.69999694824219,6424.7,0,1,0,0,0,1,0,1,0,1,0,1,0,1,0,1,0,0,1,0,1,0
0,0,1,1,61,1,1,100.69999694824219,6018.65,0,1,0,1,0,1,0,1,0,1,0,0,0,0,0,1,0,1,0,1,0,0
0,0,0,0,42,1,1,78.44999694824219,3373.4,0,1,0,0,0,0,0,0,0,1,0,1,0,1,0,1,0,0,1,1,0,0
1,0,0,0,18,1,0,84.30000305175781,1537.9,0,1,0,1,0,0,0,0,0,0,0,0,0,1,0,0,0,0,0,0,0,0
0,0,0,0,56,1,1,19.549999237060547,1080.55,0,0,0,0,1,0,1,0,1,0,1,0,1,0,1,0,1,0,1,0,0,0
0,0,0,0,4,1,1,88.94999694824219,355.2,1,1,0,1,0,0,0,1,0,0,0,0,0,0,0,1,0,0,0,0,1,0
0,0,0,0,4,1,0,20.450000762939453,82.85,0,0,0,0,1,0,1,0,1,0,1,0,1,0,1,0,1,0,0,1,0,0
0,0,0,1,35,1,0,55.599998474121094,2016.45,0,0,0,0,0,1,0,1,0,0,0,0,0,0,0,0,0,1,0,1,0,0
0,0,1,1,64,1,1,86.80000305175781,5327.25,0,1,0,1,0,1,0,0,0,0,0,1,0,0,0,0,0,0,0,0,0,0
0,0,0,0,31,1,0,20.950000762939453,683.25,0,0,0,0,1,0,1,0,1,0,1,0,1,0,1,0,1,1,0,0,0,1
0,1,1,0,67,1,1,20.049999237060547,1263.05,0,0,0,0,1,0,1,0,1,0,1,0,1,0,1,0,1,0,1,0,0,0
0,0,0,0,4,1,0,50.70000076293945,151.3,1,0,0,0,0,0,0,1,0,0,0,0,0,0,0,0,0,0,0,1,0,0
0,1,1,0,70,1,1,113.6500015258789,7714.65,0,1,0,1,0,1,0,1,0,1,0,1,0,1,0,1,0,0,1,0,1,0
1,0,0,0,3,1,0,53.400001525878906,188.7,1,0,0,0,0,0,0,0,0,0,0,0,0,1,0,0,0,0,0,1,0,0
1,1,1,0,53,1,1,101.9000015258789,5549.4,1,1,0,1,0,0,0,1,0,0,0,0,0,1,0,1,0,0,0,0,1,0
1,0,1,1,2,1,0,59.5,130.5,0,0,0,0,0,1,0,1,0,0,0,1,0,0,0,0,0,0,1,0,0,1
0,0,1,1,29,1,1,87.80000305175781,2621.75,0,0,0,1,0,0,0,0,0,0,0,0,0,1,0,1,0,0,0,1,0,0
0,0,0,0,47,0,0,41.900001525878906,1875.25,0,0,1,0,0,1,0,0,0,1,0,1,0,0,0,0,0,0,1,0,0,1
0,0,1,1,68,1,1,83.0,5685.8,1,1,0,1,0,0,0,0,0,0,0,0,0,1,0,0,0,1,0,0,1,0
1,0,0,1,12,1,1,69.8499984741211,837.5,0,0,0,0,0,1,0,0,0,0,0,0,0,1,0,1,0,0,0,0,0,1
0,0,1,1,8,1,0,56.29999923706055,401.5,0,0,0,0,0,0,0,1,0,0,0,1,0,0,0,0,0,0,0,0,0,0
1,0,1,0,54,1,0,109.55000305175781,6118.95,0,1,0,1,0,1,0,1,0,1,0,0,0,1,0,1,0,0,0,0,1,0
1,0,1,1,69,1,1,92.1500015258789,6480.9,0,0,0,1,0,0,0,1,0,0,0,1,0,1,0,0,0,0,1,0,0,1
0,0,0,0,26,1,1,69.5,1800.05,0,1,0,0,0,1,0,1,0,0,0,0,0,1,0,0,0,0,0,0,0,0
0,0,1,0,72,1,1,97.0,7104.2,0,1,0,1,0,1,0,1,0,1,0,1,0,0,0,0,0,0,1,0,0,0
0,0,0,0,70,0,1,58.349998474121094,4214.25,0,0,1,0,0,1,0,0,0,1,0,1,0,1,0,1,0,0,1,0,0,0
1,0,0,1,1,1,0,50.599998474121094,50.6,1,0,0,0,0,1,0,0,0,0,0,0,0,0,0,0,0,0,0,0,0,1
1,0,0,0,10,1,1,89.5,863.1,1,0,0,1,0,0,0,0,0,0,0,0,0,1,0,1,0,0,0,0,1,0
0,0,1,1,28,1,1,70.4000015258789,1992.2,0,0,0,1,0,0,0,0,0,0,0,0,0,0,0,0,0,1,0,0,0,0
1,0,0,0,1,1,1,69.80000305175781,69.8,1,0,0,1,0,0,0,0,0,0,0,0,0,0,0,0,0,0,0,0,1,0
0,0,1,0,21,1,1,94.30000305175781,1948.35,0,1,0,1,0,0,0,0,0,0,0,0,0,1,0,1,0,0,0,0,1,0
1,1,1,0,51,1,1,93.80000305175781,4750.95,1,1,0,1,0,1,0,0,0,1,0,0,0,1,0,0,0,0,0,0,0,0
0,0,1,1,53,1,0,19.549999237060547,1007.9,0,0,0,0,1,0,1,0,1,0,1,0,1,0,1,0,1,1,0,0,0,0
1,0,0,1,53,1,0,95.94999694824219,5036.9,0,0,0,1,0,1,0,1,0,1,0,0,0,0,0,1,0,1,0,0,1,0
1,0,1,0,24,1,1,101.05000305175781,2391.8,1,1,0,1,0,0,0,0,0,1,0,0,0,1,0,1,0,0,0,0,1,0
0,0,1,0,70,1,1,94.80000305175781,6859.05,0,1,0,0,0,1,0,1,0,1,0,1,0,1,0,1,0,0,1,1,0,0
1,0,0,0,61,1,1,107.75,6521.9,0,1,0,1,0,1,0,1,0,1,0,0,0,1,0,1,0,1,0,0,1,0
0,0,0,0,11,1,1,54.599998474121094,617.85,0,0,0,0,0,1,0,0,0,0,0,1,0,0,0,0,0,1,0,0,0,1
1,0,0,0,2,1,1,71.30000305175781,157.75,0,0,0,1,0,0,0,0,0,0,0,0,0,0,0,0,0,0,0,1,0,0
1,0,0,0,25,1,1,19.5,516.3,0,0,0,0,1,0,1,0,1,0,1,0,1,0,1,0,1,1,0,0,0,0
0,0,0,0,41,1,1,56.29999923706055,2364.0,0,1,0,0,0,0,0,1,0,0,0,0,0,0,0,0,0,1,0,1,0,0
1,0,1,0,18,1,1,94.69999694824219,1687.95,1,1,0,1,0,0,0,0,0,0,0,0,0,1,0,1,0,0,0,0,1,0
1,1,1,0,72,1,1,104.1500015258789,7689.95,1,1,0,1,0,0,0,1,0,1,0,0,0,1,0,1,0,0,1,0,0,0
0,0,1,1,71,1,1,90.55000305175781,6239.05,0,1,0,0,0,1,0,1,0,1,0,1,0,1,0,1,0,0,1,1,0,0
0,0,1,1,34,1,1,60.79999923706055,2042.05,0,0,0,0,0,1,0,1,0,1,0,0,0,0,0,0,0,1,0,0,0,1
1,0,0,0,29,1,1,98.80000305175781,2807.1,0,0,0,1,0,0,0,0,0,1,0,1,0,1,0,1,0,0,0,1,0,0
1,1,1,0,40,1,1,98.1500015258789,4116.8,0,0,0,1,0,1,0,1,0,1,0,1,0,1,0,0,0,1,0,1,0,0
1,0,1,0,36,0,0,35.349998474121094,1317.95,0,0,1,0,0,1,0,0,0,1,0,0,0,0,0,0,0,1,0,0,0,1
0,0,1,0,46,1,1,103.1500015258789,4594.65,0,1,0,1,0,0,0,1,0,0,0,1,0,1,0,1,0,1,0,0,1,0
0,0,0,0,58,1,1,107.75,6332.75,0,1,0,1,0,1,0,1,0,1,0,0,0,1,0,1,0,1,0,0,1,0
1,0,0,0,39,1,0,81.4000015258789,3213.75,0,1,0,1,0,0,0,1,0,0,0,0,0,0,0,0,0,1,0,1,0,0
1,0,1,1,4,1,0,61.45000076293945,229.55,1,0,0,0,0,0,0,0,0,0,0,1,0,0,0,1,0,0,0,1,0,0
0,0,1,1,52,1,1,95.69999694824219,4976.15,0,1,0,1,0,0,0,1,0,1,0,0,0,1,0,0,0,1,0,1,0,0
1,1,1,0,70,1,1,104.80000305175781,7308.95,0,1,0,1,0,0,0,1,0,1,0,0,0,1,0,1,0,1,0,0,1,0
1,1,1,0,65,1,1,70.94999694824219,4555.2,0,0,0,1,0,0,0,0,0,0,0,0,0,0,0,0,0,1,0,0,0,0
1,0,0,0,1,1,1,44.95000076293945,44.95,0,0,0,0,0,0,0,0,0,0,0,0,0,0,0,0,0,0,0,0,0,1
0,0,1,0,70,1,1,97.6500015258789,6982.5,0,1,0,1,0,0,0,0,0,1,0,0,0,1,0,1,0,1,0,0,1,0
0,1,1,1,29,0,1,35.650001525878906,1025.15,0,0,1,0,0,0,0,1,0,1,0,0,0,0,0,0,0,0,0,0,0,1
1,0,0,0,1,1,1,90.55000305175781,90.55,1,0,0,1,0,0,0,0,0,0,0,0,0,1,0,1,0,0,0,0,1,0
0,0,0,0,67,1,1,85.25,5714.2,0,1,0,0,0,1,0,0,0,1,0,1,0,1,0,1,0,0,1,0,0,1
0,0,0,0,1,1,1,19.5,19.5,0,0,0,0,1,0,1,0,1,0,1,0,1,0,1,0,1,0,0,0,0,1
0,0,0,0,26,1,1,88.80000305175781,2274.35,1,0,0,1,0,0,0,0,0,0,0,0,0,1,0,1,0,0,0,0,0,0
0,0,1,1,30,1,1,25.100000381469727,789.55,0,1,0,0,1,0,1,0,1,0,1,0,1,0,1,0,1,0,1,0,0,1
0,0,1,0,48,1,1,100.05000305175781,4834.0,0,0,0,1,0,0,0,0,0,1,0,1,0,1,0,1,0,0,0,1,0,0
0,0,1,1,55,1,0,55.70000076293945,3131.8,0,0,0,0,0,1,0,1,0,0,0,0,0,0,0,0,0,0,0,0,1,0
1,0,0,0,7,1,1,85.19999694824219,602.55,1,1,0,1,0,0,0,0,0,0,0,0,0,0,0,1,0,0,0,0,0,1
1,0,0,0,37,1,1,91.1500015258789,3369.25,0,1,0,1,0,1,0,0,0,0,0,0,0,1,0,0,0,0,0,0,1,0
0,0,1,0,31,1,1,83.8499984741211,2674.15,0,0,0,1,0,0,0,1,0,0,0,0,0,0,0,1,0,0,0,0,0,0
1,0,0,0,4,1,1,45.900001525878906,199.75,0,0,0,0,0,0,0,0,0,0,0,0,0,0,0,0,0,0,0,0,1,0
1,0,1,1,72,1,1,25.100000381469727,1790.8,0,1,0,0,1,0,1,0,1,0,1,0,1,0,1,0,1,0,1,1,0,0
1,1,0,0,5,1,1,91.4000015258789,449.75,1,0,0,1,0,0,0,0,0,0,0,0,0,1,0,1,0,0,0,0,1,0
1,0,1,1,1,1,0,19.700000762939453,19.7,0,0,0,0,1,0,1,0,1,0,1,0,1,0,1,0,1,0,0,0,0,1
0,1,0,0,15,1,1,91.5,1400.3,0,0,0,1,0,0,0,0,0,0,0,0,0,1,0,1,0,0,0,0,1,0
1,0,1,1,8,1,1,51.29999923706055,411.6,0,0,0,0,0,1,0,0,0,0,0,0,0,0,0,0,0,0,0,1,0,0
0,0,0,0,35,1,0,21.100000381469727,741.0,0,0,0,0,1,0,1,0,1,0,1,0,1,0,1,0,1,1,0,0,0,1
0,1,0,0,56,1,0,104.75,5841.35,0,1,0,1,0,0,0,1,0,1,0,0,0,1,0,1,0,0,0,0,1,0
1,0,1,0,42,1,1,106.1500015258789,4512.7,1,1,0,1,0,0,0,0,0,1,0,1,0,1,0,1,0,0,0,0,0,0
1,1,1,1,65,1,1,85.75,5688.45,0,1,0,1,0,1,0,1,0,0,0,0,0,0,0,0,0,0,0,0,1,0
0,0,1,1,2,1,0,20.299999237060547,31.9,0,0,0,0,1,0,1,0,1,0,1,0,1,0,1,0,1,1,0,0,0,1
1,1,1,0,65,1,1,100.75,6674.65,0,1,0,1,0,1,0,0,0,0,0,0,0,1,0,1,0,1,0,0,1,0
0,0,0,0,18,1,1,74.1500015258789,1345.75,0,1,0,1,0,0,0,0,0,0,0,0,0,0,0,0,0,0,0,0,1,0
0,0,0,0,23,1,1,78.55000305175781,1843.05,0,1,0,0,0,1,0,0,0,1,0,0,0,1,0,1,0,1,0,0,1,0
0,0,0,0,4,1,1,45.29999923706055,196.95,1,0,0,0,0,0,0,0,0,0,0,0,0,0,0,0,0,0,0,0,0,1
1,0,1,0,70,1,0,19.850000381469727,1433.8,0,0,0,0,1,0,1,0,1,0,1,0,1,0,1,0,1,0,1,1,0,0
0,0,0,0,4,1,0,50.70000076293945,214.55,0,1,0,0,0,0,0,0,0,0,0,0,0,0,0,0,0,0,0,0,1,0
1,0,0,0,19,1,1,45.0,865.85,0,0,0,0,0,0,0,0,0,0,0,0,0,0,0,0,0,0,0,0,0,0
0,0,0,0,18,1,0,77.80000305175781,1358.6,0,0,0,1,0,0,0,1,0,1,0,0,0,0,0,0,0,0,0,0,1,0
0,1,1,0,38,1,1,83.44999694824219,3147.15,0,0,0,1,0,1,0,0,0,0,0,0,0,0,0,1,0,0,0,0,1,0
1,0,0,0,2,1,1,73.25,131.05,1,1,0,1,0,0,0,0,0,0,0,0,0,0,0,0,0,0,0,1,0,0
1,0,0,0,47,1,0,94.80000305175781,4535.85,0,1,0,1,0,1,0,1,0,0,0,0,0,1,0,0,0,1,0,0,0,0
0,0,1,1,52,1,0,20.100000381469727,1078.75,0,0,0,0,1,0,1,0,1,0,1,0,1,0,1,0,1,0,1,0,0,0
1,0,0,0,9,1,0,59.900001525878906,542.4,0,1,0,0,0,0,0,0,0,0,0,0,0,0,0,1,0,0,0,0,0,1
0,0,1,0,26,1,1,90.0999984741211,2312.55,0,1,0,0,0,1,0,1,0,1,0,1,0,1,0,1,0,1,0,1,0,0
1,0,1,1,8,1,1,51.04999923706055,415.05,1,0,0,0,0,0,0,0,0,1,0,0,0,0,0,0,0,0,0,0,1,0
1,0,1,0,44,1,1,70.94999694824219,3250.45,0,0,0,0,0,0,0,1,0,1,0,1,0,1,0,0,0,1,0,0,1,0
0,0,0,0,3,0,0,29.200000762939453,98.5,0,0,1,0,0,0,0,1,0,0,0,0,0,0,0,0,0,0,0,0,0,1
1,0,0,0,2,1,1,46.599998474121094,87.9,0,0,0,0,0,0,0,0,0,0,0,0,0,0,0,0,0,0,0,0,0,0
0,0,1,1,9,1,1,85.3499984741211,754.65,1,1,0,1,0,0,0,0,0,0,0,0,0,1,0,0,0,0,0,0,0,0
1,1,0,0,1,1,1,75.3499984741211,75.35,1,1,0,1,0,0,0,0,0,0,0,0,0,0,0,0,0,0,0,0,1,0
1,0,0,0,25,1,0,74.30000305175781,1952.25,0,0,0,1,0,1,0,0,0,0,0,0,0,0,0,0,0,0,0,0,0,0
0,1,1,0,2,1,1,69.30000305175781,153.8,0,0,0,1,0,0,0,0,0,0,0,0,0,0,0,0,0,0,0,0,1,0
1,0,0,0,43,1,1,75.19999694824219,3198.6,1,0,0,1,0,1,0,0,0,0,0,0,0,0,0,0,0,0,0,0,1,0
0,0,0,0,1,1,0,20.899999618530273,20.9,1,0,0,0,1,0,1,0,1,0,1,0,1,0,1,0,1,0,0,0,0,1
0,0,1,0,58,1,1,94.30000305175781,5610.15,0,1,0,1,0,0,0,1,0,1,0,0,0,0,0,1,0,1,0,0,1,0
0,0,1,1,59,1,1,76.44999694824219,4519.5,0,1,0,0,0,1,0,0,0,1,0,1,0,1,0,0,0,0,1,0,0,1
1,0,0,0,44,0,1,54.0,2440.25,0,0,1,0,0,1,0,0,0,1,0,0,0,1,0,1,0,1,0,0,1,0
1,0,0,0,66,1,1,104.25,6860.6,0,1,0,1,0,0,0,1,0,0,0,1,0,1,0,1,0,1,0,0,1,0
1,0,1,1,68,1,0,19.950000762939453,1377.7,0,0,0,0,1,0,1,0,1,0,1,0,1,0,1,0,1,0,1,0,0,0
1,0,0,0,9,0,1,24.950000762939453,190.25,0,0,1,0,0,0,0,0,0,0,0,0,0,0,0,0,0,0,0,0,1,0
1,0,0,0,19,1,1,84.75,1651.95,0,1,0,1,0,1,0,0,0,1,0,0,0,0,0,0,0,0,0,0,1,0
1,0,0,0,4,1,0,19.75,78.3,0,0,0,0,1,0,1,0,1,0,1,0,1,0,1,0,1,0,0,0,0,1
0,0,0,0,70,1,1,113.6500015258789,7939.25,0,1,0,1,0,1,0,1,0,1,0,1,0,1,0,1,0,0,1,0,0,0
1,0,0,0,1,1,1,44.900001525878906,44.9,0,0,0,0,0,0,0,0,0,0,0,0,0,0,0,0,0,0,0,0,0,1
0,0,0,0,8,1,1,75.25,576.7,0,1,0,1,0,0,0,0,0,0,0,0,0,0,0,0,0,0,0,0,1,0
1,0,0,0,53,1,0,24.600000381469727,1279.0,0,1,0,0,1,0,1,0,1,0,1,0,1,0,1,0,1,0,1,0,0,1
1,1,0,0,51,1,0,25.0,1260.7,0,1,0,0,1,0,1,0,1,0,1,0,1,0,1,0,1,1,0,0,0,0
1,0,1,1,11,1,0,20.950000762939453,267.35,0,0,0,0,1,0,1,0,1,0,1,0,1,0,1,0,1,0,0,0,0,0
1,0,1,1,60,1,1,110.5999984741211,6586.85,0,1,0,1,0,1,0,0,0,1,0,1,0,1,0,1,0,0,1,0,1,0
1,0,0,0,17,1,1,55.5,934.15,0,0,0,0,0,1,0,1,0,0,0,0,0,0,0,0,0,0,0,1,0,0
1,0,0,0,3,1,1,43.29999923706055,123.65,1,0,0,0,0,0,0,0,0,0,0,0,0,0,0,0,0,0,0,0,1,0
1,0,1,0,70,1,1,109.5,7534.65,1,0,0,1,0,1,0,1,0,1,0,1,0,1,0,1,0,1,0,0,0,0
1,0,0,0,1,1,0,19.450000762939453,19.45,0,0,0,0,1,0,1,0,1,0,1,0,1,0,1,0,1,0,0,0,0,1
1,1,0,0,43,1,1,84.8499984741211,3645.6,0,1,0,1,0,0,0,0,0,0,0,0,0,1,0,0,0,0,0,0,1,0
0,0,1,0,16,1,0,19.600000381469727,314.45,0,0,0,0,1,0,1,0,1,0,1,0,1,0,1,0,1,0,0,0,0,1
0,0,1,1,57,1,0,53.45000076293945,3053.0,0,0,0,0,0,1,0,1,0,0,0,0,0,0,0,0,0,1,0,0,1,0
1,0,1,1,37,1,0,19.799999237060547,677.05,0,0,0,0,1,0,1,0,1,0,1,0,1,0,1,0,1,1,0,1,0,0
0,0,1,0,72,1,0,112.0999984741211,7965.95,0,1,0,1,0,1,0,1,0,1,0,1,0,1,0,1,0,0,1,1,0,0
0,1,0,0,11,1,1,84.80000305175781,906.85,1,1,0,1,0,0,0,0,0,0,0,0,0,0,0,1,0,0,0,1,0,0
0,1,1,0,50,1,1,95.05000305175781,4888.7,1,1,0,1,0,0,0,1,0,1,0,0,0,1,0,0,0,0,0,0,1,0
1,1,0,0,5,1,0,50.349998474121094,237.25,1,0,0,0,0,0,0,0,0,1,0,0,0,0,0,0,0,0,0,0,1,0
1,0,1,0,1,1,1,74.5999984741211,74.6,1,1,0,1,0,0,0,0,0,0,0,0,0,0,0,0,0,0,0,0,0,0
1,0,0,0,16,1,1,19.700000762939453,342.4,1,0,0,0,1,0,1,0,1,0,1,0,1,0,1,0,1,0,0,0,0,1
1,1,1,0,2,1,1,74.19999694824219,140.1,0,0,0,1,0,0,0,0,0,1,0,0,0,0,0,0,0,0,0,0,1,0
0,0,0,0,17,1,1,69.0,1108.0,0,1,0,0,0,0,0,0,0,1,0,1,0,1,0,0,0,0,0,0,0,1
0,0,0,0,16,1,0,19.350000381469727,295.55,0,0,0,0,1,0,1,0,1,0,1,0,1,0,1,0,1,1,0,1,0,0
0,0,0,0,15,1,1,59.45000076293945,892.65,1,0,0,0,0,0,0,0,0,1,0,0,0,0,0,1,0,0,0,0,1,0
0,0,0,0,10,1,1,19.799999237060547,198.25,0,0,0,0,1,0,1,0,1,0,1,0,1,0,1,0,1,1,0,0,0,1
0,0,0,1,46,1,1,105.19999694824219,4822.85,1,0,0,1,0,1,0,1,0,0,0,1,0,1,0,1,0,1,0,0,0,0
1,0,1,1,64,1,1,109.19999694824219,6741.15,0,1,0,1,0,0,0,1,0,1,0,1,0,1,0,1,0,0,1,1,0,0
0,0,0,0,1,1,1,79.1500015258789,79.15,0,1,0,1,0,0,0,1,0,0,0,0,0,0,0,0,0,0,0,0,0,1
1,0,1,1,25,1,0,53.650001525878906,1355.45,0,0,0,0,0,0,0,1,0,1,0,0,0,0,0,0,0,1,0,0,0,1
1,0,1,1,71,1,0,100.19999694824219,7209.0,0,0,0,1,0,1,0,1,0,1,0,1,0,1,0,0,0,0,1,1,0,0
1,0,0,0,8,1,1,45.150001525878906,438.4,1,0,0,0,0,0,0,0,0,0,0,0,0,0,0,0,0,0,0,0,0,1
0,0,1,1,72,1,1,108.6500015258789,7726.35,0,0,0,1,0,1,0,1,0,1,0,1,0,1,0,1,0,0,1,0,0,0
0,0,1,0,49,0,0,40.650001525878906,2070.75,0,0,1,0,0,1,0,0,0,0,0,0,0,1,0,0,0,0,0,0,0,0
1,0,1,1,29,0,1,55.349998474121094,1636.95,0,0,1,0,0,1,0,1,0,1,0,1,0,0,0,1,0,1,0,1,0,0
1,0,1,0,72,1,0,105.5999984741211,7581.5,0,1,0,1,0,1,0,1,0,1,0,1,0,0,0,1,0,0,1,0,0,0
1,0,1,0,31,1,0,93.80000305175781,3019.5,1,1,0,1,0,0,0,1,0,1,0,0,0,1,0,0,0,0,0,0,1,0
0,0,0,0,50,1,1,95.69999694824219,4729.75,0,1,0,1,0,0,0,0,0,0,0,0,0,1,0,1,0,0,0,0,1,0
1,0,1,0,71,1,0,83.19999694824219,6126.1,0,1,0,0,0,1,0,0,0,1,0,1,0,1,0,1,0,0,1,0,1,0
1,1,1,0,70,1,0,90.05000305175781,6333.4,0,1,0,0,0,1,0,1,0,1,0,1,0,1,0,1,0,0,1,1,0,0
1,0,0,0,71,1,0,97.6500015258789,6687.85,0,1,0,1,0,1,0,0,0,0,0,1,0,0,0,1,0,1,0,1,0,0
1,0,1,1,61,1,1,68.05000305175781,4158.25,0,0,0,0,0,1,0,1,0,1,0,1,0,0,0,0,0,0,1,0,0,0
1,0,0,0,32,1,1,96.19999694824219,3183.4,1,0,0,1,0,0,0,0,0,0,0,1,0,1,0,1,0,0,0,0,1,0
0,0,0,1,1,1,1,79.5999984741211,79.6,1,0,0,1,0,0,0,0,0,0,0,0,0,0,0,1,0,0,0,0,1,0
1,0,0,0,68,1,1,102.0999984741211,7149.35,0,1,0,1,0,1,0,1,0,1,0,0,0,0,0,1,0,0,1,0,0,0
1,0,0,0,62,1,0,23.399999618530273,1429.65,0,1,0,0,1,0,1,0,1,0,1,0,1,0,1,0,1,0,1,0,0,0
0,0,0,1,7,1,1,71.05000305175781,472.65,0,0,0,1,0,0,0,0,0,0,0,0,0,0,0,0,0,0,0,0,1,0
1,0,0,0,20,1,1,85.25,1734.5,1,1,0,1,0,0,0,0,0,0,0,0,0,1,0,0,0,0,0,0,1,0
1,0,1,1,6,1,0,19.450000762939453,113.5,0,0,0,0,1,0,1,0,1,0,1,0,1,0,1,0,1,1,0,0,0,1
0,1,0,0,33,0,1,59.45000076293945,1884.65,0,0,1,0,0,1,0,1,0,1,0,0,0,1,0,1,0,0,0,0,0,0
1,0,1,1,28,1,0,92.19999694824219,2568.15,0,1,0,1,0,0,0,0,0,0,0,0,0,1,0,1,0,1,0,0,0,0
1,0,0,0,27,1,0,19.850000381469727,470.0,0,0,0,0,1,0,1,0,1,0,1,0,1,0,1,0,1,0,1,1,0,0
1,0,0,0,7,1,0,43.900001525878906,278.4,0,0,0,0,0,0,0,0,0,0,0,0,0,0,0,0,0,0,0,0,0,1
1,0,0,0,26,1,1,80.5,2088.8,1,1,0,1,0,0,0,0,0,0,0,1,0,0,0,0,0,0,0,0,1,0
1,1,0,0,5,1,1,89.80000305175781,502.6,1,1,0,1,0,0,0,1,0,0,0,0,0,0,0,1,0,0,0,0,1,0
1,1,0,0,30,1,1,90.5,2595.85,0,1,0,1,0,1,0,0,0,0,0,0,0,0,0,1,0,0,0,1,0,0
1,0,0,0,63,1,0,90.44999694824219,5825.5,0,1,0,1,0,0,0,1,0,0,0,0,0,0,0,1,0,1,0,1,0,0
1,0,0,0,1,1,1,50.75,50.75,1,0,0,0,0,0,0,1,0,0,0,0,0,0,0,0,0,0,0,0,1,0
0,0,0,1,53,1,1,84.5999984741211,4449.75,0,1,0,0,0,0,0,1,0,1,0,1,0,1,0,1,0,1,0,0,1,0
0,0,1,1,14,1,1,89.6500015258789,1208.35,1,0,0,1,0,0,0,1,0,0,0,1,0,0,0,1,0,0,0,1,0,0
0,0,0,0,21,1,1,99.1500015258789,1956.4,0,0,0,1,0,0,0,1,0,0,0,1,0,1,0,1,0,0,0,0,0,0
1,0,0,0,17,1,0,19.950000762939453,310.6,0,0,0,0,1,0,1,0,1,0,1,0,1,0,1,0,1,1,0,0,0,1
1,0,1,1,16,1,0,20.5,290.55,0,0,0,0,1,0,1,0,1,0,1,0,1,0,1,0,1,0,1,0,0,1
0,0,0,0,35,1,1,62.099998474121094,2096.1,0,0,0,0,0,0,0,0,0,1,0,0,0,0,0,1,0,0,0,0,1,0
0,1,0,0,32,1,1,79.5,2665.0,0,0,0,1,0,0,0,0,0,0,0,0,0,0,0,1,0,0,0,0,1,0
0,0,1,1,28,1,1,19.549999237060547,543.8,0,0,0,0,1,0,1,0,1,0,1,0,1,0,1,0,1,0,0,0,0,0
0,0,0,0,1,1,1,20.350000381469727,20.35,0,0,0,0,1,0,1,0,1,0,1,0,1,0,1,0,1,0,0,0,0,1
1,0,0,0,59,0,1,51.70000076293945,3005.8,0,0,1,0,0,0,0,0,0,0,0,1,0,1,0,1,0,0,0,0,1,0
0,0,1,1,72,1,1,23.299999237060547,1623.15,0,1,0,0,1,0,1,0,1,0,1,0,1,0,1,0,1,1,0,0,0,0
1,0,0,0,36,1,1,65.4000015258789,2498.4,1,0,0,0,0,0,0,1,0,0,0,1,0,0,0,1,0,1,0,0,0,1
0,0,0,0,40,1,0,65.0999984741211,2586.0,0,0,0,0,0,1,0,1,0,0,0,0,0,1,0,0,0,0,0,0,0,1
1,0,1,1,40,1,1,81.19999694824219,3292.3,0,1,0,1,0,0,0,0,0,1,0,0,0,0,0,0,0,0,0,0,1,0
0,0,0,1,9,1,1,72.9000015258789,651.4,1,0,0,0,0,0,0,0,0,1,0,1,0,1,0,1,0,0,0,0,0,1
1,0,1,1,63,1,0,74.5,4674.55,0,0,0,0,0,1,0,1,0,1,0,1,0,1,0,0,0,0,1,1,0,0
0,0,0,0,3,1,1,80.5,232.35,0,0,0,1,0,0,0,0,0,0,0,0,0,1,0,0,0,0,0,0,1,0
1,0,1,1,40,0,0,60.29999923706055,2448.5,0,0,1,0,0,0,0,1,0,1,0,1,0,1,0,1,0,1,0,0,0,1
1,0,1,0,8,1,1,75.0,658.1,0,0,0,1,0,1,0,0,0,0,0,0,0,0,0,0,0,0,0,0,0,1
1,1,1,0,34,1,0,90.1500015258789,3128.8,0,0,0,1,0,1,0,0,0,0,0,1,0,1,0,0,0,1,0,0,0,1
1,0,0,0,5,0,0,40.0,223.45,1,0,1,0,0,1,0,0,0,1,0,1,0,0,0,0,0,0,0,0,0,1
1,1,0,0,9,1,1,99.44999694824219,919.4,1,1,0,1,0,0,0,1,0,0,0,0,0,1,0,1,0,0,0,1,0,0
1,0,1,0,9,1,1,69.05000305175781,653.95,0,1,0,0,0,0,0,1,0,1,0,0,0,0,0,1,0,0,0,1,0,0
1,0,1,1,31,1,0,59.70000076293945,1825.5,0,1,0,0,0,0,0,0,0,0,0,0,0,0,0,1,0,0,0,0,0,0
0,0,1,0,50,1,1,19.850000381469727,943.1,0,0,0,0,1,0,1,0,1,0,1,0,1,0,1,0,1,1,0,0,0,0
0,0,0,0,2,1,1,86.25,181.65,1,0,0,1,0,1,0,1,0,0,0,1,0,0,0,0,0,0,0,0,1,0
0,0,0,0,1,1,1,45.650001525878906,45.65,1,0,0,0,0,0,0,0,0,0,0,0,0,0,0,0,0,0,0,0,1,0
1,0,0,0,8,1,1,70.0999984741211,551.35,1,0,0,1,0,0,0,0,0,0,0,0,0,0,0,0,0,0,0,0,0,1
0,0,0,0,9,0,0,40.75,359.4,0,0,1,0,0,0,0,1,0,0,0,0,0,0,0,1,0,0,0,0,1,0
0,1,0,0,2,1,1,70.19999694824219,115.95,1,0,0,1,0,0,0,0,0,0,0,0,0,0,0,0,0,0,0,0,0,0
0,0,0,0,3,1,0,55.349998474121094,165.2,1,0,0,0,0,1,0,1,0,0,0,0,0,0,0,0,0,0,0,0,1,0
1,0,1,0,25,1,1,95.69999694824219,2338.35,0,0,0,1,0,0,0,0,0,0,0,1,0,1,0,1,0,0,0,1,0,0
1,1,0,0,1,1,0,46.29999923706055,46.3,0,0,0,0,0,0,0,0,0,0,0,0,0,0,0,0,0,0,0,0,1,0
0,0,1,1,45,1,0,81.30000305175781,3541.1,0,1,0,0,0,1,0,1,0,1,0,1,0,1,0,0,0,0,0,0,0,1
1,1,1,1,51,1,1,84.19999694824219,4146.05,1,1,0,1,0,0,0,1,0,1,0,0,0,0,0,0,0,0,0,0,1,0
0,0,1,1,55,1,0,20.0,1087.25,0,0,0,0,1,0,1,0,1,0,1,0,1,0,1,0,1,0,0,1,0,0
0,0,0,0,38,1,1,66.1500015258789,2522.4,0,1,0,0,0,1,0,1,0,1,0,0,0,0,0,0,0,0,0,0,0,0
1,0,0,0,2,1,0,45.849998474121094,81.0,1,0,0,0,0,0,0,0,0,0,0,0,0,0,0,0,0,0,0,0,0,1
1,0,1,1,38,1,0,19.600000381469727,717.3,0,0,0,0,1,0,1,0,1,0,1,0,1,0,1,0,1,0,0,0,1,0
1,0,0,0,34,1,1,49.79999923706055,1734.2,0,0,0,0,0,0,0,1,0,0,0,0,0,0,0,0,0,0,0,0,1,0
0,0,1,0,70,1,1,101.75,7069.3,0,1,0,1,0,0,0,0,0,1,0,0,0,1,0,1,0,1,0,0,1,0
0,0,0,0,13,1,0,55.150001525878906,742.9,0,0,0,0,0,1,0,0,0,0,0,1,0,0,0,0,0,1,0,0,0,1
1,0,0,0,39,1,0,75.25,3017.65,1,1,0,1,0,0,0,0,0,0,0,0,0,0,0,0,0,0,0,0,1,0
0,0,0,0,61,1,1,103.94999694824219,6423.0,0,1,0,1,0,0,0,1,0,1,0,0,0,1,0,1,0,1,0,0,1,0
0,0,0,0,12,1,1,100.1500015258789,1164.3,1,1,0,1,0,0,0,0,0,1,0,0,0,1,0,1,0,0,0,0,0,0
1,0,0,0,41,1,1,99.6500015258789,4220.35,0,0,0,1,0,0,0,1,0,0,0,1,0,1,0,1,0,0,1,1,0,0
1,0,0,0,21,1,1,73.69999694824219,1558.7,0,1,0,1,0,0,0,0,0,0,0,0,0,0,0,0,0,0,0,0,1,0
1,1,0,0,55,0,1,50.04999923706055,2743.45,0,0,1,0,0,0,0,0,0,1,0,0,0,1,0,1,0,1,0,0,0,0
1,0,1,0,69,0,0,60.25,4055.5,0,0,1,0,0,1,0,0,0,1,0,1,0,1,0,1,0,0,1,0,0,0
1,1,1,1,26,1,0,105.75,2710.25,1,1,0,1,0,0,0,1,0,1,0,0,0,1,0,1,0,0,0,0,1,0
0,1,1,0,69,1,0,87.30000305175781,6055.55,0,0,0,1,0,1,0,1,0,0,0,0,0,0,0,1,0,1,0,1,0,0
0,1,1,0,18,0,1,48.349998474121094,810.7,1,0,1,0,0,0,0,0,0,1,0,0,0,1,0,1,0,0,0,0,1,0
1,0,1,1,47,1,0,54.25,2538.2,0,1,0,0,0,0,0,1,0,0,0,0,0,0,0,0,0,0,0,0,1,0
0,0,1,1,72,1,0,85.30000305175781,6129.2,0,0,0,0,0,1,0,1,0,1,0,1,0,1,0,1,0,0,1,0,0,0
1,1,1,0,33,0,1,50.0,1750.85,0,0,1,0,0,0,0,1,0,1,0,1,0,1,0,0,0,0,0,0,1,0
0,0,1,1,2,0,1,24.399999618530273,36.55,1,0,1,0,0,0,0,0,0,0,0,0,0,0,0,0,0,0,0,0,0,1
0,0,1,1,72,1,0,90.94999694824219,6652.45,0,1,0,0,0,1,0,1,0,1,0,1,0,1,0,1,0,0,1,1,0,0
1,1,1,0,37,1,1,72.25,2575.45,0,0,0,1,0,0,0,0,0,0,0,0,0,0,0,0,0,0,0,0,0,0
0,1,1,1,62,1,1,96.0999984741211,6019.35,0,1,0,1,0,0,0,1,0,1,0,0,0,0,0,1,0,0,0,1,0,0
0,0,1,0,71,1,0,19.850000381469727,1379.6,0,0,0,0,1,0,1,0,1,0,1,0,1,0,1,0,1,0,1,1,0,0
1,0,0,1,23,1,1,55.29999923706055,1284.2,0,0,0,0,0,0,0,1,0,0,0,1,0,0,0,0,0,0,0,0,0,0
0,0,0,0,16,1,0,20.100000381469727,296.15,0,0,0,0,1,0,1,0,1,0,1,0,1,0,1,0,1,1,0,0,0,1
1,0,0,0,9,1,1,69.5,653.25,0,0,0,0,0,1,0,0,0,1,0,1,0,1,0,0,0,0,0,0,0,1
1,0,1,1,17,1,1,25.149999618530273,412.6,0,1,0,0,1,0,1,0,1,0,1,0,1,0,1,0,1,0,1,0,0,1
0,0,0,0,4,1,0,20.950000762939453,85.5,1,0,0,0,1,0,1,0,1,0,1,0,1,0,1,0,1,0,0,0,0,0
0,1,1,0,1,1,1,49.54999923706055,49.55,1,0,0,0,0,1,0,0,0,0,0,0,0,0,0,0,0,0,0,0,1,0
0,0,1,0,24,1,1,79.6500015258789,1928.7,0,1,0,1,0,0,0,0,0,1,0,0,0,0,0,0,0,0,0,0,0,1
0,1,0,0,1,1,1,71.25,71.25,0,0,0,1,0,0,0,0,0,0,0,0,0,0,0,0,0,0,0,0,1,0
1,1,0,0,72,1,0,113.80000305175781,7845.8,0,1,0,1,0,1,0,1,0,1,0,1,0,1,0,1,0,0,1,0,0,0
0,0,1,0,72,1,0,24.549999237060547,1750.7,0,1,0,0,1,0,1,0,1,0,1,0,1,0,1,0,1,0,1,0,1,0
0,0,0,1,11,1,0,19.700000762939453,216.2,0,0,0,0,1,0,1,0,1,0,1,0,1,0,1,0,1,0,0,1,0,0
1,0,0,0,9,1,0,20.25,178.5,1,0,0,0,1,0,1,0,1,0,1,0,1,0,1,0,1,0,0,0,0,1
0,1,1,0,2,1,0,50.150001525878906,115.1,1,0,0,0,0,0,0,1,0,0,0,0,0,0,0,0,0,0,0,1,0,0
0,1,1,0,60,1,1,100.5,6029.0,0,1,0,1,0,0,0,0,0,1,0,0,0,1,0,1,0,1,0,1,0,0
1,1,1,0,29,1,1,95.9000015258789,2745.2,1,1,0,1,0,0,0,1,0,1,0,0,0,0,0,1,0,0,0,0,1,0
0,0,0,0,49,1,1,74.44999694824219,3721.9,0,0,0,0,0,0,0,0,0,1,0,1,0,1,0,1,0,0,1,0,0,0
0,1,0,0,30,1,1,104.0999984741211,3121.1,0,1,0,1,0,0,0,1,0,1,0,0,0,1,0,1,0,0,0,0,1,0
0,0,1,0,53,1,0,19.049999237060547,990.45,0,0,0,0,1,0,1,0,1,0,1,0,1,0,1,0,1,1,0,1,0,0
1,0,0,1,39,1,0,25.0,1004.35,0,1,0,0,1,0,1,0,1,0,1,0,1,0,1,0,1,0,1,0,0,1
0,0,0,0,9,1,0,19.049999237060547,157.65,0,0,0,0,1,0,1,0,1,0,1,0,1,0,1,0,1,0,0,0,0,1
1,0,0,0,39,1,0,81.9000015258789,3219.75,0,0,0,1,0,0,0,0,0,1,0,1,0,0,0,0,0,1,0,0,1,0
1,1,0,0,8,1,1,69.69999694824219,572.85,0,0,0,1,0,0,0,0,0,0,0,0,0,0,0,0,0,0,0,0,1,0
0,0,1,1,51,1,1,90.1500015258789,4554.85,0,1,0,1,0,0,0,0,0,1,0,0,0,0,0,1,0,1,0,0,1,0
1,0,1,1,71,1,0,25.350000381469727,1847.55,0,1,0,0,1,0,1,0,1,0,1,0,1,0,1,0,1,0,1,1,0,0
1,1,0,0,71,1,1,24.649999618530273,1766.75,0,1,0,0,1,0,1,0,1,0,1,0,1,0,1,0,1,0,1,0,0,1
0,1,1,0,70,1,1,19.549999237060547,1462.05,0,0,0,0,1,0,1,0,1,0,1,0,1,0,1,0,1,0,1,1,0,0
0,1,0,0,1,0,0,25.25,25.25,1,0,1,0,0,0,0,0,0,0,0,0,0,0,0,0,0,0,0,0,1,0
1,0,1,0,38,0,1,60.0,2193.2,0,0,1,0,0,1,0,1,0,0,0,1,0,1,0,1,0,0,1,0,0,0
0,0,1,0,28,1,0,89.9000015258789,2433.5,0,0,0,1,0,0,0,1,0,1,0,0,0,0,0,1,0,0,0,1,0,0
0,0,1,0,32,1,0,19.399999618530273,641.15,0,0,0,0,1,0,1,0,1,0,1,0,1,0,1,0,1,0,0,0,0,0
1,1,1,0,49,1,0,49.79999923706055,2398.4,0,0,0,0,0,0,0,1,0,0,0,0,0,0,0,0,0,0,1,0,0,1
0,0,1,1,37,1,1,24.100000381469727,861.85,0,1,0,0,1,0,1,0,1,0,1,0,1,0,1,0,1,0,1,0,0,0
0,0,0,0,10,1,0,54.25,583.0,0,0,0,0,0,0,0,0,0,1,0,1,0,0,0,0,0,0,0,0,1,0
1,0,1,0,67,1,0,109.9000015258789,7332.4,0,1,0,1,0,1,0,1,0,1,0,0,0,1,0,1,0,1,0,1,0,0
1,0,0,0,7,0,1,35.5,249.55,0,0,1,0,0,0,0,0,0,1,0,1,0,0,0,0,0,1,0,1,0,0
0,0,0,0,51,1,0,87.55000305175781,4475.9,0,0,0,1,0,0,0,0,0,0,0,0,0,1,0,1,0,1,0,1,0,0
0,0,0,0,9,1,0,45.150001525878906,416.45,1,0,0,0,0,0,0,0,0,0,0,0,0,0,0,0,0,0,0,0,1,0
0,0,0,0,9,1,1,88.4000015258789,788.6,0,0,0,1,0,0,0,0,0,0,0,0,0,1,0,1,0,0,0,0,0,1
1,0,0,0,4,1,1,50.79999923706055,202.3,0,0,0,0,0,0,0,0,0,0,0,1,0,0,0,0,0,0,0,0,0,1
1,0,1,0,71,1,1,99.0,6994.6,0,1,0,1,0,1,0,1,0,1,0,0,0,1,0,0,0,0,1,0,1,0
0,0,1,1,50,1,1,84.4000015258789,4116.15,1,1,0,1,0,0,0,0,0,0,0,0,0,1,0,0,0,0,0,0,0,0
0,1,1,1,24,1,1,96.55000305175781,2263.45,0,0,0,1,0,0,0,0,0,1,0,0,0,1,0,1,0,0,1,0,1,0
1,0,1,0,22,1,1,59.75,1374.35,0,0,0,0,0,1,0,0,0,0,0,0,0,1,0,0,0,1,0,0,0,0
1,0,0,0,44,1,1,111.5,4915.15,0,1,0,1,0,1,0,1,0,1,0,0,0,1,0,1,0,0,0,0,1,0
0,0,1,1,33,1,0,24.25,838.5,0,1,0,0,1,0,1,0,1,0,1,0,1,0,1,0,1,0,0,0,0,0
0,0,0,0,1,1,1,75.0999984741211,75.1,1,1,0,1,0,0,0,0,0,0,0,0,0,0,0,0,0,0,0,0,1,0
0,0,1,0,54,1,1,70.1500015258789,3715.65,1,1,0,0,0,0,0,0,0,0,0,0,0,1,0,1,0,1,0,1,0,0
1,0,0,0,42,1,1,101.75,4273.45,1,1,0,1,0,0,0,1,0,0,0,0,0,1,0,1,0,0,0,0,1,0
0,0,0,0,1,1,0,45.79999923706055,45.8,1,0,0,0,0,0,0,0,0,0,0,0,0,0,0,0,0,0,0,0,1,0
0,0,0,0,1,1,0,20.5,20.5,0,0,0,0,1,0,1,0,1,0,1,0,1,0,1,0,1,0,0,0,0,1
1,0,0,0,30,1,0,70.4000015258789,2044.75,0,0,0,0,0,1,0,1,0,0,0,1,0,1,0,0,0,1,0,0,1,0
0,0,0,0,1,0,0,30.549999237060547,30.55,0,0,1,0,0,0,0,0,0,0,0,1,0,0,0,0,0,0,0,0,0,1
1,0,1,1,16,1,0,84.9000015258789,1398.25,0,1,0,0,0,1,0,1,0,0,0,1,0,1,0,1,0,0,0,0,1,0
1,0,0,0,1,1,1,20.100000381469727,20.1,1,0,0,0,1,0,1,0,1,0,1,0,1,0,1,0,1,0,0,0,0,1
1,0,1,0,9,0,0,40.650001525878906,328.95,1,0,1,0,0,0,0,0,0,0,0,1,0,1,0,0,0,0,0,0,0,1
1,1,1,0,46,1,1,101.0,4680.05,1,1,0,1,0,0,0,0,0,1,0,0,0,1,0,1,0,0,0,0,1,0
1,0,0,0,1,1,1,69.0999984741211,69.1,1,0,0,1,0,0,0,0,0,0,0,0,0,0,0,0,0,0,0,0,1,0
1,0,1,0,71,1,0,54.5,3778.2,0,0,0,0,0,1,0,0,0,0,0,1,0,0,0,0,0,0,1,0,0,0
1,0,0,0,43,1,1,75.3499984741211,3161.4,0,1,0,1,0,0,0,0,0,0,0,0,0,0,0,0,0,0,0,1,0,0
1,0,1,0,50,0,1,44.45000076293945,2188.45,0,0,1,0,0,1,0,0,0,0,0,1,0,1,0,0,0,1,0,0,0,0
0,0,0,0,13,1,1,75.0,999.45,1,1,0,1,0,0,0,0,0,0,0,0,0,0,0,0,0,0,0,0,0,1
1,0,1,1,19,1,0,100.0,1888.65,1,0,0,1,0,0,0,1,0,0,0,1,0,1,0,1,0,1,0,0,0,0
0,0,0,0,41,1,0,98.05000305175781,3990.6,0,1,0,1,0,0,0,0,0,1,0,0,0,1,0,1,0,0,0,0,0,0
0,1,0,0,1,1,1,71.1500015258789,71.15,1,0,0,1,0,0,0,0,0,0,0,0,0,0,0,0,0,0,0,0,1,0
0,0,0,0,24,0,1,54.150001525878906,1240.25,1,0,1,0,0,0,0,1,0,1,0,0,0,1,0,1,0,0,0,1,0,0
0,0,1,0,40,1,0,63.900001525878906,2635.0,0,1,0,0,0,0,0,1,0,0,0,0,0,1,0,0,0,1,0,0,0,0
0,0,1,1,3,1,1,69.1500015258789,235.0,0,1,0,0,0,0,0,1,0,1,0,0,0,1,0,0,0,0,0,0,0,0
0,0,0,0,37,1,0,64.6500015258789,2347.85,0,1,0,0,0,1,0,0,0,0,0,0,0,1,0,0,0,1,0,0,0,0
0,0,1,1,67,1,1,108.75,7156.2,1,1,0,1,0,1,0,0,0,1,0,1,0,1,0,1,0,0,1,1,0,0
0,0,1,1,32,1,1,98.8499984741211,3089.6,0,1,0,1,0,0,0,1,0,0,0,0,0,1,0,1,0,0,0,0,1,0
0,0,1,0,6,1,1,49.150001525878906,270.8,1,0,0,0,0,0,0,0,0,0,0,1,0,0,0,0,0,0,0,0,1,0
0,0,1,1,32,1,0,89.5999984741211,2901.8,0,1,0,1,0,1,0,0,0,0,0,0,0,1,0,0,0,0,0,0,1,0
0,0,0,0,59,1,1,83.25,4949.1,0,1,0,1,0,0,0,1,0,1,0,0,0,0,0,0,0,0,0,0,1,0
0,0,1,0,30,1,0,70.25,2198.9,0,0,0,0,0,0,0,1,0,1,0,1,0,0,0,1,0,1,0,0,0,0
1,0,0,1,20,1,1,19.399999618530273,374.5,1,0,0,0,1,0,1,0,1,0,1,0,1,0,1,0,1,0,0,0,1,0
0,0,1,1,27,1,0,24.5,761.95,0,1,0,0,1,0,1,0,1,0,1,0,1,0,1,0,1,0,1,0,1,0
0,1,0,0,20,1,1,79.1500015258789,1520.9,1,1,0,1,0,1,0,0,0,0,0,0,0,0,0,0,0,0,0,0,1,0
1,0,0,1,9,1,0,20.100000381469727,190.25,0,0,0,0,1,0,1,0,1,0,1,0,1,0,1,0,1,1,0,0,0,1
0,0,1,1,68,1,1,73.0,5163.0,0,1,0,0,0,1,0,1,0,1,0,0,0,1,0,0,0,1,0,1,0,0
0,0,1,1,69,1,0,61.400001525878906,4059.85,0,1,0,0,0,1,0,0,0,0,0,1,0,0,0,0,0,0,1,1,0,0
1,0,0,0,26,1,1,84.30000305175781,2281.6,0,1,0,1,0,0,0,0,0,1,0,1,0,0,0,0,0,0,0,0,0,1
1,0,1,1,69,1,0,19.899999618530273,1356.7,0,0,0,0,1,0,1,0,1,0,1,0,1,0,1,0,1,0,1,0,0,0
1,0,0,0,11,1,0,20.399999618530273,231.45,0,0,0,0,1,0,1,0,1,0,1,0,1,0,1,0,1,0,1,0,0,1
1,0,0,0,1,1,0,50.75,50.75,0,1,0,0,0,0,0,0,0,0,0,0,0,0,0,0,0,0,0,0,0,1
1,0,1,1,10,1,0,20.450000762939453,242.4,0,0,0,0,1,0,1,0,1,0,1,0,1,0,1,0,1,1,0,0,0,1
0,0,1,1,55,1,1,75.75,4264.25,0,1,0,0,0,1,0,1,0,0,0,1,0,0,0,1,0,1,0,0,0,0
1,0,0,0,44,1,0,65.4000015258789,2774.55,0,0,0,0,0,1,0,0,0,0,0,1,0,1,0,0,0,1,0,0,1,0
1,1,1,0,46,1,1,80.4000015258789,3605.2,1,0,0,1,0,0,0,0,0,0,0,0,0,0,0,1,0,0,0,0,1,0
1,0,1,1,69,1,1,59.75,4069.9,0,0,0,0,0,1,0,1,0,1,0,0,0,0,0,0,0,0,1,0,0,0
1,1,0,0,11,1,1,78.5,874.2,0,0,0,1,0,0,0,0,0,0,0,0,0,0,0,1,0,0,0,0,1,0
0,0,1,0,11,1,1,102.0,1145.35,1,1,0,1,0,0,0,1,0,0,0,0,0,1,0,1,0,0,0,0,1,0
1,0,0,0,29,1,0,48.95000076293945,1323.7,0,0,0,0,0,0,0,0,0,1,0,0,0,0,0,0,0,0,0,0,0,0
0,0,1,0,57,1,1,99.6500015258789,5497.05,0,1,0,1,0,1,0,0,0,0,0,0,0,1,0,1,0,0,0,0,1,0
1,0,0,0,28,1,0,18.25,534.7,0,0,0,0,1,0,1,0,1,0,1,0,1,0,1,0,1,1,0,1,0,0
0,0,0,0,42,1,0,54.54999923706055,2455.05,0,0,0,0,0,1,0,0,0,1,0,0,0,0,0,0,0,0,0,1,0,0
0,0,0,0,2,1,0,20.649999618530273,38.7,1,0,0,0,1,0,1,0,1,0,1,0,1,0,1,0,1,0,0,0,0,1
1,0,0,1,23,0,0,40.650001525878906,947.4,0,0,1,0,0,1,0,1,0,0,0,1,0,0,0,0,0,1,0,0,0,0
0,0,1,1,18,1,0,20.450000762939453,357.0,0,0,0,0,1,0,1,0,1,0,1,0,1,0,1,0,1,0,0,0,0,1
1,0,1,1,62,1,0,24.799999237060547,1476.25,0,1,0,0,1,0,1,0,1,0,1,0,1,0,1,0,1,1,0,0,0,0
0,0,0,0,1,1,1,70.80000305175781,70.8,1,0,0,1,0,0,0,0,0,0,0,0,0,0,0,0,0,0,0,0,0,1
1,0,0,0,16,1,1,89.05000305175781,1448.6,1,1,0,1,0,0,0,0,0,0,0,1,0,0,0,1,0,0,0,1,0,0
0,0,0,0,3,1,1,96.5999984741211,291.9,1,1,0,1,0,0,0,0,0,0,0,0,0,1,0,1,0,0,0,0,1,0
1,0,0,0,67,1,1,88.80000305175781,5903.15,0,1,0,0,0,1,0,1,0,1,0,1,0,1,0,1,0,1,0,0,0,0
1,0,0,0,62,1,1,20.049999237060547,1201.65,0,0,0,0,1,0,1,0,1,0,1,0,1,0,1,0,1,0,1,1,0,0
0,0,1,0,57,1,1,104.5,5921.35,1,1,0,1,0,0,0,1,0,1,0,0,0,1,0,1,0,0,0,1,0,0
1,0,0,0,2,1,1,69.80000305175781,146.65,0,0,0,1,0,0,0,0,0,0,0,0,0,0,0,0,0,0,0,0,1,0
0,0,1,1,23,1,1,77.1500015258789,1759.4,0,1,0,0,0,1,0,0,0,1,0,1,0,1,0,0,0,0,1,0,0,0
0,0,0,1,25,0,0,35.04999923706055,844.45,0,0,1,0,0,1,0,0,0,0,0,1,0,0,0,0,0,0,1,0,0,0
0,1,0,0,72,1,1,108.0999984741211,7774.05,0,1,0,1,0,0,0,1,0,1,0,1,0,1,0,1,0,0,1,0,0,0
0,0,1,0,2,1,1,84.05000305175781,134.05,0,1,0,1,0,0,0,0,0,0,0,0,0,1,0,0,0,0,0,0,1,0
0,0,0,0,8,1,1,20.200000762939453,140.95,0,0,0,0,1,0,1,0,1,0,1,0,1,0,1,0,1,1,0,0,0,0
0,0,0,0,5,1,1,50.599998474121094,249.95,1,1,0,0,0,0,0,0,0,0,0,0,0,0,0,0,0,0,0,0,0,1
1,0,0,0,35,0,0,49.20000076293945,1701.65,0,0,1,0,0,0,0,0,0,1,0,0,0,1,0,1,0,0,0,0,1,0
1,0,0,0,24,1,0,24.600000381469727,592.65,0,1,0,0,1,0,1,0,1,0,1,0,1,0,1,0,1,1,0,0,1,0
0,0,1,1,2,1,1,71.6500015258789,135.75,0,0,0,1,0,0,0,0,0,0,0,0,0,0,0,0,0,0,0,0,1,0
1,0,1,1,72,1,1,104.9000015258789,7732.65,0,1,0,1,0,1,0,1,0,1,0,1,0,0,0,1,0,0,1,1,0,0
0,0,0,0,41,1,1,106.5,4282.4,0,1,0,1,0,1,0,1,0,1,0,1,0,1,0,0,0,0,0,0,1,0
1,0,0,1,4,1,0,49.349998474121094,219.65,1,0,0,0,0,1,0,0,0,0,0,0,0,0,0,0,0,0,0,0,1,0
1,0,0,0,26,1,0,75.5,2018.1,0,0,0,1,0,0,0,1,0,0,0,0,0,0,0,0,0,1,0,0,0,0
1,0,0,0,7,1,1,94.25,669.0,1,0,0,1,0,0,0,1,0,0,0,0,0,1,0,1,0,0,0,0,1,0
0,0,1,0,1,1,1,68.94999694824219,68.95,1,0,0,1,0,0,0,0,0,0,0,0,0,0,0,0,0,0,0,0,1,0
0,0,1,1,4,1,1,58.5,224.85,0,1,0,0,0,0,0,1,0,0,0,1,0,0,0,0,0,0,0,0,0,1
1,0,0,0,48,1,0,78.9000015258789,3771.5,0,0,0,0,0,0,0,1,0,1,0,1,0,1,0,1,0,0,1,1,0,0
1,1,0,0,2,1,1,93.8499984741211,196.75,1,1,0,1,0,0,0,0,0,0,0,0,0,1,0,1,0,0,0,0,1,0
0,1,1,0,12,1,1,79.19999694824219,943.85,0,0,0,0,0,1,0,0,0,1,0,1,0,1,0,1,0,1,0,0,1,0
1,0,1,0,60,1,1,109.44999694824219,6572.85,0,1,0,1,0,1,0,0,0,1,0,1,0,1,0,1,0,0,0,0,0,0
1,0,0,0,55,1,1,59.20000076293945,3175.85,0,0,0,0,0,1,0,0,0,1,0,1,0,0,0,0,0,0,1,0,1,0
1,0,0,0,1,0,0,29.149999618530273,29.15,0,0,1,0,0,0,0,0,0,0,0,1,0,0,0,0,0,0,0,0,0,1
1,0,0,0,1,1,0,20.049999237060547,20.05,0,0,0,0,1,0,1,0,1,0,1,0,1,0,1,0,1,0,0,0,0,1
1,0,0,0,4,1,1,76.05000305175781,318.9,1,1,0,1,0,0,0,0,0,0,0,0,0,0,0,0,0,0,0,0,1,0
1,0,0,0,1,0,1,24.450000762939453,24.45,1,0,1,0,0,0,0,0,0,0,0,0,0,0,0,0,0,0,0,0,0,1
0,0,0,0,42,1,0,66.5,2762.75,0,0,0,0,0,0,0,0,0,1,0,1,0,0,0,1,0,0,1,1,0,0
0,0,0,0,1,1,0,49.54999923706055,49.55,0,0,0,0,0,1,0,0,0,0,0,0,0,0,0,0,0,0,0,0,0,0
1,0,0,0,7,1,1,89.3499984741211,631.85,1,1,0,1,0,0,0,0,0,1,0,0,0,1,0,0,0,0,0,1,0,0
1,0,0,0,3,1,1,73.5999984741211,232.5,0,0,0,1,0,0,0,0,0,1,0,0,0,0,0,0,0,0,0,1,0,0
0,0,1,0,72,1,1,82.6500015258789,5919.35,0,1,0,0,0,1,0,1,0,1,0,0,0,1,0,1,0,0,1,1,0,0
1,0,0,0,15,1,1,49.0,749.25,0,1,0,0,0,0,0,0,0,0,0,0,0,0,0,0,0,0,0,0,1,0
1,0,1,0,4,1,1,80.3499984741211,307.4,1,0,0,1,0,0,0,0,0,0,0,0,0,1,0,0,0,0,0,0,1,0
0,0,0,0,11,1,0,25.200000762939453,245.15,0,1,0,0,1,0,1,0,1,0,1,0,1,0,1,0,1,1,0,0,1,0
0,0,0,0,5,1,0,25.450000762939453,134.75,0,1,0,0,1,0,1,0,1,0,1,0,1,0,1,0,1,0,0,0,0,1
0,1,0,0,1,1,1,55.79999923706055,55.8,1,0,0,0,0,1,0,0,0,1,0,0,0,0,0,0,0,0,0,0,1,0
1,0,1,0,72,1,1,110.9000015258789,8240.85,0,1,0,1,0,1,0,0,0,1,0,1,0,1,0,1,0,0,1,1,0,0
0,0,1,0,55,1,1,77.75,4266.4,0,1,0,1,0,0,0,1,0,0,0,0,0,0,0,0,0,0,0,1,0,0
0,0,1,1,40,1,1,26.200000762939453,1077.5,0,1,0,0,1,0,1,0,1,0,1,0,1,0,1,0,1,0,0,0,1,0
0,0,1,0,57,1,0,19.899999618530273,1115.6,0,0,0,0,1,0,1,0,1,0,1,0,1,0,1,0,1,0,1,0,0,0
1,0,0,0,1,1,1,79.05000305175781,79.05,1,0,0,1,0,0,0,0,0,0,0,0,0,1,0,0,0,0,0,0,1,0
1,0,1,0,1,1,1,95.0,95.0,1,0,0,1,0,1,0,0,0,0,0,0,0,1,0,1,0,0,0,0,1,0
0,0,0,0,1,0,0,25.200000762939453,25.2,1,0,1,0,0,0,0,0,0,0,0,0,0,0,0,0,0,0,0,0,0,1
1,1,1,1,52,1,1,80.8499984741211,4079.55,0,1,0,0,0,0,0,1,0,1,0,0,0,1,0,1,0,1,0,0,1,0
1,1,0,0,41,1,1,98.4000015258789,4187.75,1,1,0,1,0,0,0,0,0,1,0,0,0,1,0,1,0,0,0,0,1,0
1,0,1,0,43,1,1,56.349998474121094,2391.15,0,0,0,0,0,0,0,0,0,0,0,0,0,1,0,0,0,1,0,0,0,1
0,0,1,1,47,1,0,19.299999237060547,890.5,0,0,0,0,1,0,1,0,1,0,1,0,1,0,1,0,1,0,1,0,0,0
1,0,0,0,3,1,0,50.400001525878906,137.25,0,1,0,0,0,0,0,0,0,0,0,0,0,0,0,0,0,0,0,0,0,0
1,1,1,1,66,1,0,79.4000015258789,5154.6,1,1,0,0,0,1,0,1,0,1,0,1,0,1,0,0,0,0,1,1,0,0
1,0,1,1,55,1,1,55.25,3119.9,0,0,0,0,0,0,0,0,0,1,0,1,0,0,0,0,0,0,1,1,0,0
1,0,0,0,29,1,0,19.100000381469727,529.5,0,0,0,0,1,0,1,0,1,0,1,0,1,0,1,0,1,1,0,0,0,1
0,0,0,1,12,1,1,84.05000305175781,966.55,0,1,0,1,0,0,0,0,0,0,0,0,0,1,0,0,0,0,0,0,1,0
0,0,1,0,66,1,1,105.19999694824219,6936.85,0,1,0,1,0,0,0,1,0,1,0,0,0,1,0,1,0,0,0,0,1,0
1,1,0,0,35,1,1,101.4000015258789,3496.3,1,1,0,1,0,0,0,0,0,1,0,0,0,1,0,1,0,0,0,0,1,0
1,1,1,0,10,1,1,89.80000305175781,914.3,1,1,0,1,0,0,0,0,0,1,0,0,0,0,0,1,0,0,0,0,1,0
1,0,1,1,27,1,1,75.75,1929.0,0,1,0,1,0,0,0,0,0,0,0,0,0,0,0,0,0,0,0,0,0,0
0,0,0,0,58,1,1,95.30000305175781,5817.7,0,0,0,1,0,0,0,0,0,0,0,1,0,1,0,1,0,0,0,0,1,0
1,0,1,0,54,1,0,109.75,6110.2,1,0,0,1,0,1,0,1,0,1,0,1,0,1,0,1,0,0,1,0,0,0
1,0,0,0,9,1,0,19.850000381469727,178.8,0,0,0,0,1,0,1,0,1,0,1,0,1,0,1,0,1,0,0,0,0,1
1,0,0,0,2,1,0,19.299999237060547,28.3,1,0,0,0,1,0,1,0,1,0,1,0,1,0,1,0,1,1,0,1,0,0
1,0,0,0,6,1,1,69.0999984741211,435.0,0,0,0,1,0,0,0,0,0,0,0,0,0,0,0,0,0,0,0,0,1,0
0,1,0,0,26,1,1,91.25,2351.8,1,0,0,1,0,0,0,0,0,0,0,0,0,1,0,1,0,0,0,0,1,0
0,0,0,0,9,1,0,20.25,186.15,0,0,0,0,1,0,1,0,1,0,1,0,1,0,1,0,1,0,0,0,0,1
1,0,1,0,8,1,1,54.75,445.85,0,0,0,0,0,0,0,1,0,1,0,0,0,0,0,0,0,0,0,0,0,1
1,0,0,0,12,1,1,81.44999694824219,912.0,0,0,0,1,0,0,0,0,0,0,0,0,0,1,0,0,0,0,0,0,1,0
0,0,0,0,15,1,1,49.099998474121094,679.55,1,1,0,0,0,0,0,0,0,0,0,0,0,0,0,0,0,0,0,0,1,0
1,0,1,0,43,1,1,80.19999694824219,3581.6,0,1,0,0,0,1,0,0,0,1,0,0,0,1,0,1,0,1,0,0,1,0
1,0,0,0,42,1,1,100.30000305175781,4222.95,0,1,0,1,0,0,0,0,0,0,0,1,0,1,0,1,0,0,0,0,1,0
0,0,0,0,31,1,0,65.25,1994.3,1,1,0,0,0,1,0,0,0,1,0,1,0,0,0,0,0,0,0,1,0,0
0,0,0,1,66,1,1,90.94999694824219,5930.05,0,1,0,1,0,1,0,0,0,1,0,1,0,0,0,0,0,0,1,1,0,0
0,1,0,0,18,1,1,85.44999694824219,1505.85,1,1,0,1,0,0,0,1,0,0,0,1,0,0,0,0,0,0,0,0,1,0
1,0,0,0,1,1,0,20.0,20.0,0,0,0,0,1,0,1,0,1,0,1,0,1,0,1,0,1,0,0,0,0,1
1,0,1,0,61,1,1,94.0999984741211,5638.3,1,1,0,1,0,0,0,1,0,0,0,1,0,1,0,0,0,0,1,0,1,0
1,0,0,0,10,1,0,79.8499984741211,797.25,0,1,0,1,0,0,0,1,0,0,0,0,0,0,0,0,0,0,0,0,1,0
1,1,0,0,1,1,1,71.6500015258789,71.65,1,0,0,1,0,0,0,0,0,0,0,0,0,0,0,0,0,0,0,0,1,0
0,1,0,0,18,1,1,73.55000305175781,1359.45,0,0,0,1,0,0,0,1,0,0,0,0,0,0,0,0,0,0,0,0,1,0
1,0,1,0,24,1,1,104.6500015258789,2542.45,1,1,0,1,0,0,0,1,0,1,0,0,0,1,0,1,0,0,0,0,1,0
0,0,1,1,3,1,0,19.299999237060547,54.7,0,0,0,0,1,0,1,0,1,0,1,0,1,0,1,0,1,0,0,0,0,1
1,0,0,0,50,1,0,20.149999618530273,989.05,0,0,0,0,1,0,1,0,1,0,1,0,1,0,1,0,1,1,0,1,0,0
1,0,1,1,1,1,0,44.54999923706055,44.55,0,0,0,0,0,0,0,0,0,0,0,0,0,0,0,0,0,0,0,0,1,0
1,0,0,0,2,1,1,54.45000076293945,87.3,0,0,0,0,0,1,0,0,0,0,0,1,0,0,0,0,0,0,0,0,0,1
1,0,0,0,17,1,1,19.649999618530273,351.55,0,0,0,0,1,0,1,0,1,0,1,0,1,0,1,0,1,1,0,0,0,0
1,0,1,1,69,1,1,105.0,7297.75,0,1,0,1,0,0,0,1,0,1,0,0,0,1,0,1,0,0,1,0,1,0
1,0,1,0,72,1,1,88.69999694824219,6301.7,0,1,0,0,0,1,0,1,0,1,0,1,0,1,0,1,0,0,1,1,0,0
0,0,0,0,3,1,1,74.25,210.3,1,1,0,1,0,0,0,0,0,0,0,0,0,0,0,0,0,0,0,0,1,0
1,1,1,1,50,1,1,75.1500015258789,3822.45,0,1,0,0,0,1,0,1,0,1,0,0,0,0,0,1,0,0,1,0,0,0
0,0,0,0,53,1,0,20.25,1048.45,0,0,0,0,1,0,1,0,1,0,1,0,1,0,1,0,1,0,1,0,0,1
0,0,1,0,58,1,1,109.0999984741211,6393.65,0,1,0,1,0,1,0,1,0,0,0,1,0,1,0,1,0,0,1,1,0,0
1,0,0,0,46,0,1,30.75,1489.3,0,0,1,0,0,1,0,0,0,0,0,0,0,0,0,0,0,1,0,0,0,0
1,1,1,0,72,1,1,112.9000015258789,8061.5,0,1,0,1,0,1,0,1,0,1,0,1,0,1,0,1,0,0,0,1,0,0
0,1,0,0,1,1,1,74.19999694824219,74.2,1,1,0,1,0,0,0,0,0,0,0,0,0,0,0,0,0,0,0,0,1,0
0,0,1,1,6,1,1,94.05000305175781,518.75,0,1,0,1,0,0,0,1,0,1,0,0,0,1,0,0,0,0,0,0,0,1
1,0,1,0,72,1,0,78.8499984741211,5763.15,0,1,0,0,0,1,0,1,0,1,0,1,0,0,0,1,0,0,1,0,0,0
1,0,0,0,4,1,1,55.29999923706055,238.5,0,0,0,0,0,0,0,0,0,0,0,0,0,0,0,1,0,0,0,0,0,1
0,0,1,1,52,1,0,19.350000381469727,1031.7,0,0,0,0,1,0,1,0,1,0,1,0,1,0,1,0,1,0,1,0,0,1
1,0,1,1,0,1,0,25.350000381469727,0.0,0,1,0,0,1,0,1,0,1,0,1,0,1,0,1,0,1,0,1,0,0,1
0,0,0,0,2,1,0,20.450000762939453,34.8,0,0,0,0,1,0,1,0,1,0,1,0,1,0,1,0,1,1,0,0,0,1
0,0,1,0,65,1,0,19.350000381469727,1319.95,0,0,0,0,1,0,1,0,1,0,1,0,1,0,1,0,1,0,1,0,0,0
1,1,1,0,43,1,1,101.0,4388.4,1,1,0,1,0,0,0,1,0,0,0,0,0,1,0,1,0,0,0,0,1,0
1,0,1,0,4,1,1,100.19999694824219,420.2,1,1,0,1,0,0,0,1,0,0,0,0,0,1,0,1,0,0,0,0,1,0
1,1,1,0,25,1,1,89.05000305175781,2177.45,1,1,0,1,0,1,0,0,0,0,0,0,0,0,0,1,0,1,0,0,1,0
0,0,1,0,51,1,1,78.6500015258789,3950.85,0,1,0,0,0,0,0,1,0,0,0,1,0,1,0,1,0,1,0,1,0,0
1,0,0,0,12,1,0,74.75,827.05,0,1,0,0,0,0,0,0,0,1,0,0,0,1,0,1,0,0,0,0,0,0
0,0,1,1,57,1,1,70.0999984741211,3913.3,1,0,0,0,0,1,0,0,0,0,0,0,0,1,0,1,0,1,0,0,0,0
0,0,1,1,24,1,0,19.899999618530273,533.5,0,0,0,0,1,0,1,0,1,0,1,0,1,0,1,0,1,1,0,0,0,1
0,0,1,0,64,1,0,58.349998474121094,3756.45,0,1,0,0,0,0,0,0,0,1,0,1,0,0,0,0,0,1,0,0,0,0
0,0,0,0,4,1,1,105.6500015258789,443.9,1,0,0,1,0,0,0,1,0,1,0,1,0,1,0,1,0,1,0,0,1,0
0,0,0,0,26,1,1,100.5,2599.95,0,1,0,1,0,0,0,0,0,1,0,0,0,1,0,1,0,0,0,0,0,0
0,0,1,1,15,1,0,20.049999237060547,284.3,0,0,0,0,1,0,1,0,1,0,1,0,1,0,1,0,1,0,0,0,0,1
1,1,1,0,64,1,0,25.649999618530273,1740.8,0,1,0,0,1,0,1,0,1,0,1,0,1,0,1,0,1,0,1,1,0,0
1,1,1,0,36,1,1,96.5,3436.1,1,1,0,1,0,0,0,1,0,0,0,0,0,1,0,1,0,0,0,0,1,0
0,0,1,0,27,1,0,95.0,2462.55,0,1,0,1,0,0,0,0,0,0,0,0,0,1,0,1,0,0,0,1,0,0
1,1,1,0,1,1,0,70.8499984741211,70.85,1,0,0,1,0,0,0,0,0,0,0,0,0,0,0,0,0,0,0,0,0,1
0,0,0,0,35,1,1,85.94999694824219,3110.1,1,1,0,0,0,1,0,0,0,1,0,1,0,1,0,1,0,1,0,1,0,0
1,0,0,0,4,1,1,73.9000015258789,280.85,1,0,0,1,0,0,0,0,0,1,0,0,0,0,0,0,0,0,0,0,1,0
0,0,1,1,8,1,1,45.45000076293945,411.75,0,0,0,0,0,0,0,0,0,0,0,0,0,0,0,0,0,0,0,0,1,0
1,0,0,0,10,1,1,20.0,198.6,0,0,0,0,1,0,1,0,1,0,1,0,1,0,1,0,1,0,0,1,0,0
0,0,0,0,2,1,0,49.20000076293945,103.7,0,0,0,0,0,0,0,1,0,0,0,0,0,0,0,0,0,0,0,0,0,1
0,0,1,0,58,1,1,109.44999694824219,6144.55,1,1,0,1,0,1,0,1,0,1,0,0,0,1,0,1,0,0,1,0,0,0
1,0,1,0,51,1,1,83.25,4089.45,0,0,0,0,0,1,0,1,0,1,0,1,0,1,0,1,0,0,1,1,0,0
0,0,1,1,46,1,1,19.25,864.2,0,0,0,0,1,0,1,0,1,0,1,0,1,0,1,0,1,0,1,0,0,1
1,0,0,0,1,1,1,19.649999618530273,19.65,0,0,0,0,1,0,1,0,1,0,1,0,1,0,1,0,1,0,0,0,0,0
1,0,0,0,46,1,0,72.80000305175781,3249.4,0,1,0,1,0,0,0,0,0,0,0,0,0,0,0,0,0,0,0,0,0,0
0,0,1,0,50,1,1,109.6500015258789,5405.8,0,1,0,1,0,1,0,1,0,0,0,1,0,1,0,1,0,0,0,0,0,0
1,0,1,1,53,1,0,65.0,3363.8,0,0,0,0,0,0,0,1,0,0,0,1,0,1,0,0,0,0,0,1,0,0
1,0,1,0,61,1,1,114.0999984741211,7132.15,0,1,0,1,0,0,0,1,0,1,0,1,0,1,0,1,0,0,0,0,1,0
1,0,0,0,5,1,0,20.649999618530273,93.55,0,0,0,0,1,0,1,0,1,0,1,0,1,0,1,0,1,0,0,0,0,0
1,0,0,0,47,1,1,86.94999694824219,4138.9,0,0,0,0,0,1,0,1,0,1,0,1,0,1,0,1,0,1,0,0,0,0
0,0,0,0,54,1,1,94.75,5121.75,0,1,0,1,0,0,0,1,0,1,0,0,0,1,0,0,0,1,0,0,0,0
1,0,0,1,19,0,1,25.350000381469727,566.1,0,0,1,0,0,0,0,0,0,0,0,0,0,0,0,0,0,0,0,1,0,0
0,0,0,1,26,1,1,105.44999694824219,2715.3,0,0,0,1,0,0,0,1,0,1,0,1,0,1,0,1,0,0,1,0,1,0
1,0,1,1,70,1,0,25.399999618530273,1782.05,0,1,0,0,1,0,1,0,1,0,1,0,1,0,1,0,1,0,1,0,0,1
1,0,1,0,17,1,1,102.55000305175781,1742.5,0,1,0,1,0,0,0,1,0,1,0,0,0,1,0,1,0,0,0,0,1,0
0,0,0,0,30,1,1,100.19999694824219,2983.8,1,1,0,1,0,0,0,1,0,0,0,0,0,1,0,1,0,0,0,0,1,0
0,0,0,1,1,1,0,24.0,24.0,0,1,0,0,1,0,1,0,1,0,1,0,1,0,1,0,1,0,0,0,0,1
0,0,1,1,19,1,0,25.600000381469727,485.9,0,1,0,0,1,0,1,0,1,0,1,0,1,0,1,0,1,0,1,0,0,1
0,0,1,0,26,1,1,73.5,1905.7,0,0,0,0,0,0,0,1,0,1,0,0,0,1,0,1,0,0,1,1,0,0
0,0,1,1,21,1,1,74.05000305175781,1565.7,1,0,0,1,0,0,0,1,0,0,0,0,0,0,0,0,0,0,0,0,0,0
1,0,1,0,50,1,1,98.25,4858.7,0,1,0,1,0,0,0,1,0,0,0,0,0,1,0,1,0,1,0,0,1,0
0,0,1,0,68,0,1,54.400001525878906,3723.65,0,0,1,0,0,1,0,0,0,1,0,0,0,1,0,1,0,1,0,0,1,0
1,0,0,0,3,1,1,101.55000305175781,298.35,1,1,0,1,0,0,0,0,0,1,0,0,0,1,0,1,0,0,0,0,0,0
1,0,1,1,9,1,0,103.0999984741211,970.45,0,0,0,1,0,0,0,0,0,1,0,1,0,1,0,1,0,0,0,0,1,0
0,0,1,1,51,0,0,34.20000076293945,1782.0,0,0,1,0,0,1,0,0,0,0,0,1,0,0,0,0,0,0,1,0,0,0
0,0,0,0,9,1,1,43.75,405.7,0,0,0,0,0,0,0,0,0,0,0,0,0,0,0,0,0,0,0,0,1,0
1,1,1,1,41,1,1,111.94999694824219,4534.9,1,1,0,1,0,0,0,1,0,1,0,1,0,1,0,1,0,1,0,0,1,0
1,0,0,0,22,1,1,100.6500015258789,2415.95,0,1,0,1,0,0,0,1,0,0,0,0,0,1,0,1,0,0,0,0,1,0
0,0,1,1,21,0,1,55.95000076293945,1157.05,1,0,1,0,0,1,0,0,0,1,0,0,0,1,0,1,0,1,0,0,1,0
1,0,1,1,71,1,1,116.05000305175781,8297.5,0,1,0,1,0,1,0,1,0,1,0,1,0,1,0,1,0,0,1,0,0,0
1,0,0,0,1,1,0,45.75,45.75,1,0,0,0,0,0,0,0,0,0,0,0,0,0,0,0,0,0,0,0,1,0
1,0,1,1,26,1,1,82.0,2083.1,0,1,0,0,0,0,0,0,0,1,0,1,0,1,0,1,0,1,0,1,0,0
1,0,1,0,71,1,0,65.1500015258789,4681.75,0,1,0,0,0,1,0,1,0,0,0,1,0,0,0,0,0,0,1,0,0,0
1,0,0,0,4,1,1,44.79999923706055,176.2,0,0,0,0,0,0,0,0,0,0,0,0,0,0,0,0,0,0,0,1,0,0
0,0,0,0,12,1,1,79.80000305175781,1001.2,0,1,0,1,0,1,0,0,0,0,0,0,0,0,0,0,0,0,0,0,1,0
0,0,1,0,18,1,1,88.8499984741211,1594.75,0,1,0,1,0,0,0,0,0,0,0,1,0,1,0,0,0,0,0,0,1,0
0,0,0,0,3,1,1,74.94999694824219,212.4,0,1,0,1,0,0,0,0,0,0,0,0,0,0,0,0,0,0,0,0,1,0
0,1,1,0,72,1,1,106.8499984741211,7677.4,0,1,0,1,0,1,0,1,0,0,0,0,0,1,0,1,0,1,0,0,0,0
1,0,0,0,11,1,0,74.94999694824219,815.5,1,0,0,1,0,0,0,1,0,0,0,0,0,0,0,0,0,0,0,0,1,0
0,0,0,0,1,1,0,80.1500015258789,80.15,1,0,0,1,0,0,0,0,0,0,0,0,0,0,0,1,0,0,0,1,0,0
1,0,0,0,13,1,0,19.299999237060547,259.65,0,0,0,0,1,0,1,0,1,0,1,0,1,0,1,0,1,1,0,1,0,0
0,0,1,0,72,1,1,109.25,8109.8,1,1,0,1,0,0,0,1,0,1,0,1,0,1,0,1,0,1,0,0,1,0
1,0,1,0,42,1,0,56.099998474121094,2386.85,0,1,0,0,0,1,0,0,0,0,0,0,0,0,0,0,0,1,0,1,0,0
0,0,0,0,17,1,0,19.700000762939453,340.35,0,0,0,0,1,0,1,0,1,0,1,0,1,0,1,0,1,0,0,1,0,0
0,1,0,0,7,1,1,51.29999923706055,419.35,0,0,0,0,0,0,0,1,0,0,0,0,0,0,0,0,0,0,0,0,0,1
0,0,1,0,68,1,0,118.5999984741211,7990.05,0,1,0,1,0,1,0,1,0,1,0,1,0,1,0,1,0,0,1,0,0,1
1,0,1,1,56,1,0,24.149999618530273,1402.25,0,1,0,0,1,0,1,0,1,0,1,0,1,0,1,0,1,0,1,0,0,0
0,0,1,1,38,1,0,20.299999237060547,749.35,0,0,0,0,1,0,1,0,1,0,1,0,1,0,1,0,1,1,0,0,0,1
0,0,1,1,72,1,1,115.5,8425.15,0,1,0,1,0,1,0,1,0,1,0,1,0,1,0,1,0,0,1,0,1,0
0,0,0,0,48,1,0,25.049999237060547,1171.5,0,1,0,0,1,0,1,0,1,0,1,0,1,0,1,0,1,1,0,1,0,0
0,1,1,0,52,1,1,109.0999984741211,5647.95,0,1,0,1,0,1,0,1,0,1,0,0,0,1,0,1,0,0,0,0,1,0
0,0,1,1,35,1,0,19.649999618530273,708.8,0,0,0,0,1,0,1,0,1,0,1,0,1,0,1,0,1,1,0,0,0,1
1,0,1,0,67,1,1,111.30000305175781,7567.2,0,1,0,1,0,0,0,1,0,1,0,1,0,1,0,1,0,0,1,0,0,0
0,0,0,0,1,0,0,29.899999618530273,29.9,0,0,1,0,0,1,0,0,0,0,0,0,0,0,0,0,0,0,0,0,0,1
1,0,0,0,53,1,1,80.5999984741211,4348.1,0,0,0,1,0,0,0,1,0,0,0,1,0,0,0,0,0,0,0,0,0,1
1,0,1,1,34,1,0,20.799999237060547,635.9,0,0,0,0,1,0,1,0,1,0,1,0,1,0,1,0,1,0,0,0,0,1
0,0,0,0,3,0,0,35.20000076293945,108.95,1,0,1,0,0,0,0,0,0,0,0,0,0,1,0,0,0,0,0,1,0,0
0,0,1,0,1,1,0,78.80000305175781,78.8,1,0,0,1,0,0,0,0,0,0,0,0,0,1,0,0,0,0,0,0,1,0
1,0,0,0,19,1,0,89.94999694824219,1682.4,0,0,0,1,0,0,0,0,0,1,0,1,0,1,0,0,0,0,0,0,0,1
0,1,1,0,60,1,1,116.05000305175781,6925.9,0,1,0,1,0,1,0,1,0,1,0,1,0,1,0,1,0,0,1,0,0,0
1,0,0,0,11,1,0,19.549999237060547,223.15,0,0,0,0,1,0,1,0,1,0,1,0,1,0,1,0,1,0,1,1,0,0
0,0,0,0,47,1,1,106.4000015258789,5127.95,1,1,0,1,0,0,0,1,0,1,0,0,0,1,0,1,0,0,0,0,1,0
1,0,0,0,18,1,0,49.400001525878906,874.8,1,0,0,0,0,1,0,0,0,0,0,0,0,0,0,0,0,0,0,0,1,0
0,0,1,1,60,1,0,115.25,6758.45,0,1,0,1,0,1,0,1,0,1,0,1,0,1,0,1,0,0,1,1,0,0
1,0,1,0,72,1,0,24.799999237060547,1874.3,0,1,0,0,1,0,1,0,1,0,1,0,1,0,1,0,1,0,1,1,0,0
1,0,0,0,39,1,0,19.899999618530273,791.15,0,0,0,0,1,0,1,0,1,0,1,0,1,0,1,0,1,1,0,0,0,1
0,0,1,0,59,1,1,81.25,4639.45,0,0,0,1,0,1,0,0,0,1,0,0,0,0,0,0,0,1,0,1,0,0
1,0,1,1,2,1,0,69.94999694824219,143.9,0,0,0,1,0,0,0,0,0,0,0,0,0,0,0,0,0,0,0,0,0,1
1,1,0,0,1,1,0,69.0999984741211,69.1,1,0,0,1,0,0,0,0,0,0,0,0,0,0,0,0,0,0,0,0,1,0
1,0,1,1,20,1,1,90.19999694824219,1776.55,1,0,0,1,0,0,0,0,0,0,0,0,0,1,0,1,0,0,0,0,1,0
0,0,0,0,6,1,1,93.55000305175781,536.4,1,1,0,1,0,0,0,0,0,0,0,0,0,1,0,1,0,0,0,0,0,0
1,0,0,0,71,1,1,86.4000015258789,6172.0,0,1,0,1,0,0,0,0,0,1,0,1,0,0,0,0,0,0,1,1,0,0
0,0,1,0,24,1,0,66.30000305175781,1559.45,0,1,0,0,0,1,0,1,0,1,0,0,0,0,0,0,0,0,0,0,0,1
1,1,1,0,67,1,1,94.6500015258789,6079.0,0,1,0,1,0,0,0,0,0,0,0,0,0,1,0,1,0,0,0,1,0,0
1,0,0,0,1,1,1,80.8499984741211,80.85,1,0,0,1,0,0,0,0,0,0,0,0,0,0,0,1,0,0,0,0,0,1
0,0,1,1,48,1,1,82.05000305175781,4029.95,1,1,0,1,0,0,0,0,0,0,0,0,0,0,0,1,0,1,0,0,0,1
0,0,1,0,37,1,0,72.0999984741211,2658.4,0,1,0,0,0,0,0,1,0,0,0,1,0,0,0,1,0,1,0,0,0,1
1,0,0,0,11,0,0,34.70000076293945,383.55,0,0,1,0,0,0,0,1,0,1,0,0,0,0,0,0,0,0,0,0,0,1
1,0,1,0,3,1,1,20.549999237060547,51.15,1,0,0,0,1,0,1,0,1,0,1,0,1,0,1,0,1,0,0,1,0,0
0,0,1,0,18,1,1,95.94999694824219,1745.5,0,0,0,1,0,0,0,0,0,1,0,0,0,1,0,1,0,0,0,1,0,0
1,0,1,1,50,1,1,44.79999923706055,2230.85,0,0,0,0,0,0,0,0,0,0,0,0,0,0,0,0,0,1,0,0,0,0
0,0,1,1,67,1,1,109.4000015258789,7281.6,0,1,0,1,0,1,0,0,0,1,0,1,0,1,0,1,0,1,0,0,1,0
0,0,1,0,25,1,1,71.05000305175781,1837.7,0,0,0,0,0,1,0,1,0,0,0,1,0,0,0,1,0,0,0,0,0,1
0,1,0,0,2,1,1,78.55000305175781,149.55,1,1,0,1,0,0,0,0,0,1,0,0,0,0,0,0,0,0,0,0,1,0
1,0,0,0,9,1,0,19.700000762939453,180.7,0,0,0,0,1,0,1,0,1,0,1,0,1,0,1,0,1,0,0,1,0,0
0,0,0,1,10,0,0,40.25,411.45,0,0,1,0,0,1,0,1,0,0,0,1,0,0,0,0,0,1,0,0,0,1
0,0,1,0,70,1,0,19.850000381469727,1328.35,0,0,0,0,1,0,1,0,1,0,1,0,1,0,1,0,1,0,1,1,0,0
1,0,0,0,9,1,1,68.25,576.95,0,0,0,0,0,1,0,0,0,1,0,1,0,0,0,1,0,0,0,0,0,0
0,0,0,0,4,1,1,20.149999618530273,68.45,0,0,0,0,1,0,1,0,1,0,1,0,1,0,1,0,1,0,0,1,0,0
0,0,0,0,2,1,0,50.95000076293945,123.05,0,0,0,0,0,1,0,0,0,0,0,0,0,0,0,0,0,0,0,0,0,1
0,0,0,1,1,1,0,78.6500015258789,78.65,1,0,0,1,0,0,0,0,0,0,0,0,0,0,0,1,0,0,0,0,1,0
1,0,0,0,19,0,1,25.149999618530273,468.35,0,0,1,0,0,0,0,0,0,0,0,0,0,0,0,0,0,0,0,0,0,0
1,0,1,1,7,1,1,20.25,174.7,0,0,0,0,1,0,1,0,1,0,1,0,1,0,1,0,1,0,0,0,0,0
1,0,0,0,1,1,1,42.900001525878906,42.9,1,0,0,0,0,0,0,0,0,0,0,0,0,0,0,0,0,0,0,0,1,0
1,1,0,0,1,1,0,44.0,44.0,0,0,0,0,0,0,0,0,0,0,0,0,0,0,0,0,0,0,0,0,1,0
0,0,1,1,9,1,0,20.25,172.35,0,0,0,0,1,0,1,0,1,0,1,0,1,0,1,0,1,1,0,0,0,1
0,0,0,0,3,0,0,34.25,139.35,1,0,1,0,0,1,0,0,0,0,0,1,0,0,0,0,0,0,0,0,0,1
0,0,0,0,9,0,0,58.5,539.85,1,0,1,0,0,1,0,0,0,1,0,1,0,1,0,1,0,0,0,0,0,1
0,0,0,0,5,1,0,55.79999923706055,300.4,0,0,0,0,0,1,0,0,0,1,0,0,0,0,0,0,0,0,0,1,0,0
0,0,1,1,56,1,0,88.9000015258789,4968.0,0,0,0,1,0,0,0,0,0,0,0,0,0,1,0,1,0,1,0,0,0,0
0,0,0,1,18,1,0,57.650001525878906,992.7,0,1,0,0,0,1,0,0,0,0,0,0,0,0,0,0,0,0,0,0,0,1
1,1,0,0,49,1,1,96.19999694824219,4718.25,1,1,0,1,0,0,0,0,0,0,0,0,0,1,0,1,0,0,0,0,1,0
1,0,1,0,70,1,0,79.1500015258789,5536.5,0,1,0,0,0,1,0,1,0,1,0,1,0,1,0,0,0,0,1,0,0,1
0,0,0,0,72,1,1,108.05000305175781,7806.6,0,1,0,1,0,0,0,1,0,1,0,1,0,1,0,1,0,0,1,1,0,0
0,1,0,0,6,1,0,74.4000015258789,434.1,1,0,0,1,0,0,0,0,0,1,0,0,0,0,0,0,0,0,0,0,1,0
1,1,1,0,17,1,1,94.80000305175781,1563.9,0,1,0,1,0,0,0,0,0,0,0,0,0,1,0,1,0,0,0,0,1,0
1,0,1,0,29,0,1,45.900001525878906,1332.4,0,0,1,0,0,0,0,0,0,0,0,0,0,1,0,1,0,0,0,0,1,0
0,0,1,0,6,1,1,105.30000305175781,545.2,1,1,0,1,0,0,0,1,0,1,0,0,0,1,0,1,0,0,0,0,1,0
1,0,1,0,63,1,0,102.5999984741211,6296.75,0,1,0,1,0,0,0,0,0,1,0,0,0,1,0,1,0,0,1,0,1,0
1,0,1,0,16,1,1,73.8499984741211,1284.2,1,1,0,1,0,0,0,0,0,0,0,0,0,0,0,0,0,0,0,0,0,0
1,0,0,0,59,1,1,61.349998474121094,3645.5,0,0,0,0,0,0,0,0,0,1,0,0,0,0,0,1,0,1,0,0,0,0
0,0,0,0,3,1,0,57.54999923706055,161.45,0,0,0,0,0,0,0,0,0,1,0,0,0,1,0,0,0,0,0,0,1,0
0,0,0,0,8,0,1,29.25,226.95,0,0,1,0,0,0,0,1,0,0,0,0,0,0,0,0,0,0,0,0,0,1
0,1,1,0,7,1,1,84.55000305175781,646.85,1,1,0,1,0,0,0,0,0,0,0,0,0,0,0,1,0,0,0,0,1,0
0,0,0,0,68,1,0,19.600000381469727,1441.65,0,0,0,0,1,0,1,0,1,0,1,0,1,0,1,0,1,0,1,1,0,0
0,0,1,1,68,1,0,111.75,7511.3,0,1,0,1,0,1,0,0,0,1,0,1,0,1,0,1,0,0,1,1,0,0
0,1,1,0,52,1,1,106.5,5621.85,0,1,0,1,0,0,0,1,0,1,0,0,0,1,0,1,0,1,0,0,1,0
1,0,1,1,72,1,1,107.69999694824219,7919.8,0,1,0,1,0,1,0,1,0,0,0,1,0,1,0,1,0,0,1,1,0,0
0,0,1,0,32,1,0,19.299999237060547,593.2,0,0,0,0,1,0,1,0,1,0,1,0,1,0,1,0,1,1,0,0,0,1
0,0,1,0,72,1,0,20.049999237060547,1423.65,0,0,0,0,1,0,1,0,1,0,1,0,1,0,1,0,1,0,1,0,0,0
1,0,1,1,1,1,1,69.94999694824219,69.95,0,0,0,1,0,0,0,0,0,0,0,0,0,0,0,0,0,0,0,1,0,0
1,0,1,1,42,1,0,63.70000076293945,2763.35,0,0,0,0,0,1,0,0,0,0,0,1,0,0,0,1,0,1,0,1,0,0
0,0,0,0,25,1,0,24.75,692.1,1,1,0,0,1,0,1,0,1,0,1,0,1,0,1,0,1,0,1,1,0,0
1,0,0,0,45,1,1,50.900001525878906,2298.55,0,0,0,0,0,1,0,0,0,0,0,0,0,0,0,0,0,0,0,0,0,0
0,0,1,1,43,0,1,60.400001525878906,2640.55,0,0,1,0,0,1,0,0,0,1,0,1,0,1,0,1,0,1,0,1,0,0
1,0,1,0,37,1,0,79.25,2911.8,0,1,0,0,0,1,0,0,0,1,0,0,0,1,0,1,0,1,0,0,0,1
0,1,0,0,20,1,1,85.80000305175781,1727.5,1,1,0,1,0,0,0,0,0,0,0,0,0,0,0,1,0,0,0,1,0,0
0,0,0,0,4,0,1,24.450000762939453,86.6,1,0,1,0,0,0,0,0,0,0,0,0,0,0,0,0,0,0,0,0,1,0
1,0,1,0,63,1,1,110.0999984741211,6705.7,0,0,0,1,0,1,0,1,0,1,0,1,0,1,0,1,0,0,1,1,0,0
1,0,0,0,3,1,0,90.69999694824219,237.65,0,0,0,1,0,0,0,0,0,0,0,0,0,1,0,1,0,0,0,0,0,1
1,0,1,1,66,1,1,25.299999237060547,1672.35,0,1,0,0,1,0,1,0,1,0,1,0,1,0,1,0,1,0,1,1,0,0
1,0,0,0,28,1,1,105.69999694824219,2979.5,1,1,0,1,0,0,0,1,0,1,0,0,0,1,0,1,0,0,0,0,1,0
0,1,0,0,8,1,0,85.19999694824219,695.75,0,1,0,1,0,0,0,0,0,0,0,0,0,0,0,1,0,0,0,0,1,0
1,0,0,1,71,1,0,24.350000381469727,1654.6,0,1,0,0,1,0,1,0,1,0,1,0,1,0,1,0,1,0,1,0,0,1
1,0,0,0,1,0,1,24.25,24.25,1,0,1,0,0,0,0,0,0,0,0,0,0,0,0,0,0,0,0,0,1,0
0,0,1,1,72,1,0,25.100000381469727,1857.85,0,1,0,0,1,0,1,0,1,0,1,0,1,0,1,0,1,0,1,0,0,0
1,1,1,0,16,1,1,54.54999923706055,825.1,0,0,0,0,0,1,0,1,0,0,0,0,0,0,0,0,0,0,0,0,0,0
1,0,1,0,66,1,0,96.5999984741211,6424.25,0,1,0,1,0,1,0,1,0,1,0,1,0,0,0,0,0,0,1,0,0,1
0,0,0,0,11,1,1,76.5,837.95,1,1,0,1,0,0,0,0,0,0,0,0,0,0,0,0,0,0,0,0,1,0
1,0,0,0,51,1,1,81.1500015258789,4126.2,0,1,0,0,0,1,0,1,0,1,0,1,0,1,0,0,0,1,0,1,0,0
0,0,0,1,8,0,1,38.5,330.8,0,0,1,0,0,1,0,0,0,0,0,0,0,0,0,1,0,0,0,0,1,0
1,0,0,0,14,1,1,92.9000015258789,1337.45,0,0,0,1,0,0,0,0,0,0,0,0,0,1,0,1,0,0,0,0,1,0
0,0,0,0,4,1,1,93.5,362.2,1,1,0,1,0,0,0,1,0,0,0,1,0,0,0,1,0,0,0,0,1,0
0,0,0,0,70,1,0,84.69999694824219,5991.05,0,1,0,0,0,1,0,1,0,1,0,0,0,1,0,1,0,0,1,0,0,1
0,0,0,1,70,1,0,66.0,4891.5,0,1,0,0,0,1,0,1,0,0,0,1,0,0,0,0,0,0,1,0,1,0
0,1,1,0,54,1,1,101.5,5373.1,1,1,0,1,0,0,0,1,0,0,0,0,0,1,0,1,0,1,0,1,0,0
1,0,0,1,28,1,1,74.9000015258789,2068.55,1,0,0,1,0,1,0,0,0,0,0,0,0,0,0,0,0,0,0,0,0,0
1,0,0,0,24,1,0,20.75,487.05,0,0,0,0,1,0,1,0,1,0,1,0,1,0,1,0,1,0,1,0,0,1
0,0,1,0,69,1,1,61.45000076293945,4131.2,0,0,0,0,0,0,0,1,0,0,0,0,0,0,0,1,0,0,1,1,0,0
1,0,1,1,42,1,0,54.5,2301.15,0,0,0,0,0,1,0,1,0,0,0,0,0,0,0,0,0,0,0,0,0,1
0,1,0,0,2,1,1,69.5999984741211,131.65,1,0,0,1,0,0,0,0,0,0,0,0,0,0,0,0,0,0,0,0,1,0
0,1,0,0,39,1,1,99.75,4036.0,0,1,0,1,0,0,0,0,0,1,0,0,0,1,0,1,0,0,0,0,1,0
1,0,1,1,45,1,1,109.75,4900.65,0,1,0,1,0,0,0,1,0,1,0,1,0,1,0,1,0,0,1,0,0,0
1,0,1,1,72,1,1,80.8499984741211,5727.45,0,1,0,0,0,1,0,1,0,1,0,1,0,1,0,0,0,0,1,0,0,0
0,0,0,0,38,1,0,20.299999237060547,743.05,0,0,0,0,1,0,1,0,1,0,1,0,1,0,1,0,1,0,1,0,0,1
1,0,1,0,72,1,1,67.80000305175781,4804.65,0,1,0,0,0,1,0,1,0,1,0,1,0,0,0,0,0,0,1,0,0,0
1,0,0,0,1,1,1,24.049999237060547,24.05,1,1,0,0,1,0,1,0,1,0,1,0,1,0,1,0,1,0,0,0,0,1
1,0,1,1,72,1,1,19.799999237060547,1414.65,0,0,0,0,1,0,1,0,1,0,1,0,1,0,1,0,1,0,1,1,0,0
1,0,1,0,55,1,0,25.700000762939453,1443.65,0,1,0,0,1,0,1,0,1,0,1,0,1,0,1,0,1,0,1,0,0,0
0,0,1,1,51,0,1,56.150001525878906,2898.95,0,0,1,0,0,0,0,0,0,1,0,1,0,1,0,1,0,1,0,0,1,0
1,0,0,0,63,1,1,86.69999694824219,5309.5,0,0,0,0,0,1,0,1,0,1,0,1,0,1,0,1,0,0,1,0,0,0
0,0,0,0,1,1,0,20.399999618530273,20.4,0,0,0,0,1,0,1,0,1,0,1,0,1,0,1,0,1,0,0,0,0,1
0,0,1,1,23,1,1,19.649999618530273,451.55,0,0,0,0,1,0,1,0,1,0,1,0,1,0,1,0,1,0,1,0,0,1
0,0,0,0,1,1,0,50.54999923706055,50.55,1,0,0,0,0,0,0,1,0,0,0,0,0,0,0,0,0,0,0,0,1,0
0,0,0,0,2,1,1,54.349998474121094,117.05,0,1,0,0,0,0,0,0,0,0,0,1,0,0,0,0,0,0,0,0,0,1
0,1,0,0,52,1,0,108.0999984741211,5839.3,0,1,0,1,0,1,0,1,0,1,0,0,0,1,0,1,0,0,0,1,0,0
0,0,0,0,36,1,0,54.45000076293945,1893.5,0,1,0,0,0,1,0,0,0,0,0,0,0,0,0,0,0,1,0,0,0,1
0,0,0,0,1,1,0,45.349998474121094,45.35,0,0,0,0,0,0,0,0,0,0,0,0,0,0,0,0,0,0,0,0,0,1
0,0,0,0,28,1,0,59.0,1654.45,0,1,0,0,0,1,0,0,0,1,0,0,0,0,0,0,0,1,0,0,0,1
0,0,1,1,7,1,0,69.44999694824219,477.05,0,0,0,0,0,1,0,1,0,1,0,0,0,1,0,0,0,1,0,0,1,0
1,0,0,0,14,1,1,100.55000305175781,1415.55,1,1,0,1,0,0,0,1,0,0,0,0,0,1,0,1,0,0,0,0,1,0
1,1,1,0,72,0,1,64.94999694824219,4546.0,0,0,1,0,0,1,0,1,0,1,0,1,0,1,0,1,0,0,1,1,0,0
0,0,1,1,1,1,1,20.5,20.5,1,0,0,0,1,0,1,0,1,0,1,0,1,0,1,0,1,0,0,0,0,1
0,0,0,0,10,1,0,18.850000381469727,163.2,0,0,0,0,1,0,1,0,1,0,1,0,1,0,1,0,1,0,0,0,0,1
1,0,0,0,42,1,0,19.799999237060547,849.9,0,0,0,0,1,0,1,0,1,0,1,0,1,0,1,0,1,1,0,0,0,0
0,0,0,0,7,0,0,25.049999237060547,189.95,0,0,1,0,0,0,0,0,0,0,0,0,0,0,0,0,0,0,0,0,0,0
1,0,0,0,4,1,1,74.80000305175781,321.9,1,0,0,1,0,0,0,0,0,1,0,0,0,0,0,0,0,0,0,0,0,0
1,0,1,1,72,1,1,114.30000305175781,8058.55,0,1,0,1,0,1,0,1,0,1,0,1,0,1,0,1,0,0,1,1,0,0
0,0,1,0,20,0,1,24.450000762939453,482.8,1,0,1,0,0,0,0,0,0,0,0,0,0,0,0,0,0,0,0,0,1,0
1,0,0,0,63,1,0,109.19999694824219,7049.75,0,0,0,1,0,1,0,1,0,1,0,1,0,1,0,1,0,0,1,1,0,0
0,0,0,0,56,0,0,45.04999923706055,2560.1,0,0,1,0,0,1,0,1,0,1,0,1,0,0,0,0,0,0,1,0,0,0
0,0,0,1,5,1,1,51.0,286.8,0,0,0,0,0,0,0,0,0,0,0,1,0,0,0,0,0,0,0,0,0,1
0,0,1,0,72,1,1,110.44999694824219,7982.5,0,1,0,1,0,0,0,1,0,1,0,1,0,1,0,1,0,0,1,0,0,0
1,1,1,1,68,1,1,84.6500015258789,5683.6,0,1,0,1,0,0,0,1,0,1,0,0,0,0,0,0,0,0,0,0,1,0
1,0,1,1,67,1,0,60.04999923706055,3994.05,0,0,0,0,0,1,0,1,0,0,0,1,0,0,0,0,0,1,0,0,0,1
1,0,1,1,8,1,0,44.650001525878906,369.15,0,0,0,0,0,0,0,0,0,0,0,0,0,0,0,0,0,0,0,0,0,0
1,0,1,1,52,1,1,93.25,4631.7,0,1,0,1,0,0,0,1,0,0,0,1,0,0,0,1,0,0,0,0,0,0
0,0,1,1,18,1,1,20.25,401.95,0,0,0,0,1,0,1,0,1,0,1,0,1,0,1,0,1,0,0,0,0,1
0,0,1,1,59,1,0,25.450000762939453,1534.05,0,1,0,0,1,0,1,0,1,0,1,0,1,0,1,0,1,0,1,0,0,1
0,0,0,0,60,1,0,20.600000381469727,1093.0,0,0,0,0,1,0,1,0,1,0,1,0,1,0,1,0,1,0,1,0,0,1
1,0,0,0,7,1,1,94.0999984741211,701.3,0,1,0,1,0,0,0,0,0,0,0,0,0,1,0,1,0,0,0,0,1,0
1,0,1,1,59,0,0,34.79999923706055,1980.3,0,0,1,0,0,1,0,0,0,1,0,0,0,0,0,0,0,1,0,0,0,1
1,0,0,0,46,0,1,60.75,2893.4,0,0,1,0,0,1,0,0,0,1,0,1,0,1,0,1,0,0,1,0,0,0
1,0,0,0,5,1,1,51.349998474121094,262.3,0,0,0,0,0,0,0,1,0,0,0,0,0,0,0,0,0,0,0,0,1,0
1,1,1,0,59,0,1,64.05000305175781,3886.85,0,0,1,0,0,1,0,0,0,1,0,1,0,1,0,1,0,0,1,1,0,0
0,0,1,0,70,1,1,84.80000305175781,5917.55,0,1,0,0,0,0,0,1,0,1,0,1,0,1,0,1,0,0,1,0,0,0
0,0,0,0,14,1,1,71.0,914.0,1,0,0,1,0,0,0,0,0,0,0,0,0,0,0,0,0,0,0,1,0,0
0,0,0,0,44,1,1,50.150001525878906,2139.1,0,1,0,0,0,0,0,0,0,0,0,0,0,0,0,0,0,0,0,0,0,1
0,0,1,0,64,1,1,94.5999984741211,5948.7,0,1,0,1,0,1,0,0,0,1,0,0,0,1,0,0,0,0,1,1,0,0
0,0,1,1,58,0,0,59.75,3624.35,0,0,1,0,0,1,0,0,0,1,0,1,0,1,0,1,0,0,1,0,0,1
0,1,1,0,46,1,0,100.25,4753.85,0,1,0,1,0,0,0,0,0,0,0,1,0,1,0,1,0,1,0,0,1,0
1,1,1,0,58,1,1,98.9000015258789,5780.7,0,1,0,1,0,0,0,1,0,0,0,0,0,1,0,1,0,0,0,0,1,0
0,0,1,0,72,1,1,97.69999694824219,6869.7,0,1,0,1,0,0,0,1,0,0,0,0,0,1,0,1,0,0,1,1,0,0
0,1,0,0,30,0,1,40.29999923706055,1172.95,1,0,1,0,0,0,0,0,0,1,0,0,0,1,0,0,0,0,0,0,1,0
1,1,0,0,11,1,0,60.25,662.95,0,1,0,0,0,1,0,1,0,0,0,0,0,0,0,0,0,0,0,0,0,0
0,1,0,0,34,0,1,56.25,1765.95,0,0,1,0,0,0,0,1,0,1,0,0,0,1,0,1,0,0,0,0,1,0
1,0,0,0,54,0,0,46.20000076293945,2431.95,0,0,1,0,0,1,0,1,0,0,0,0,0,0,0,1,0,0,1,0,0,0
0,0,0,0,3,0,1,50.599998474121094,155.35,1,0,1,0,0,0,0,1,0,0,0,0,0,1,0,1,0,0,0,0,1,0
0,0,1,1,72,1,0,24.899999618530273,1859.2,0,1,0,0,1,0,1,0,1,0,1,0,1,0,1,0,1,0,1,0,0,1
0,0,1,1,40,1,1,84.8499984741211,3303.05,1,1,0,1,0,0,0,0,0,1,0,1,0,0,0,0,0,0,0,0,1,0
0,0,1,1,2,1,0,65.69999694824219,134.35,1,0,0,0,0,0,0,0,0,0,0,0,0,1,0,1,0,0,0,0,0,1
1,0,1,1,54,1,0,63.349998474121094,3409.1,0,1,0,0,0,0,0,0,0,1,0,0,0,0,0,1,0,0,1,1,0,0
0,0,0,0,14,1,0,50.099998474121094,709.5,0,0,0,0,0,1,0,0,0,0,0,0,0,0,0,0,0,0,0,0,0,0
0,0,0,0,1,1,0,70.5,70.5,1,0,0,1,0,0,0,0,0,0,0,0,0,0,0,0,0,0,0,0,1,0
0,0,0,0,10,1,1,94.8499984741211,953.45,1,1,0,1,0,0,0,1,0,1,0,0,0,0,0,1,0,0,0,0,1,0
0,0,0,0,1,1,0,50.150001525878906,50.15,0,0,0,0,0,1,0,0,0,0,0,0,0,0,0,0,0,0,0,0,1,0
1,0,0,0,1,1,0,19.75,19.75,1,0,0,0,1,0,1,0,1,0,1,0,1,0,1,0,1,0,0,0,0,1
1,0,0,0,56,1,1,64.6500015258789,3665.55,0,1,0,0,0,1,0,1,0,0,0,1,0,0,0,0,0,1,0,0,0,0
0,0,1,0,68,1,1,79.5999984741211,5515.8,0,0,0,0,0,1,0,1,0,0,0,1,0,1,0,1,0,0,1,0,0,0
0,0,1,1,14,1,1,19.5,272.0,0,0,0,0,1,0,1,0,1,0,1,0,1,0,1,0,1,1,0,0,0,1
1,0,1,1,68,1,1,99.55000305175781,6668.0,0,0,0,1,0,1,0,0,0,0,0,1,0,1,0,1,0,0,1,0,1,0
1,1,1,0,55,1,1,74.0,4052.4,0,1,0,1,0,0,0,0,0,0,0,0,0,0,0,0,0,0,0,0,1,0
0,0,0,0,16,0,1,38.900001525878906,664.4,0,0,1,0,0,1,0,0,0,0,0,0,0,1,0,0,0,0,0,0,1,0
1,1,0,0,9,1,1,79.55000305175781,718.55,0,0,0,1,0,0,0,0,0,0,0,0,0,0,0,1,0,0,0,0,1,0
1,0,1,1,14,1,1,65.44999694824219,937.6,1,0,0,0,0,1,0,1,0,0,0,0,0,1,0,0,0,0,0,0,1,0
1,1,1,0,58,1,1,98.69999694824219,5812.6,1,1,0,1,0,0,0,0,0,1,0,0,0,1,0,1,0,0,0,0,1,0
1,0,0,0,53,0,1,46.29999923706055,2546.85,0,0,1,0,0,1,0,1,0,0,0,0,0,0,0,1,0,0,0,0,0,0
1,0,1,0,70,1,1,99.3499984741211,6944.5,0,1,0,1,0,1,0,1,0,1,0,0,0,1,0,0,0,0,1,1,0,0
0,1,1,1,14,1,1,95.80000305175781,1346.3,0,1,0,1,0,0,0,0,0,0,0,0,0,1,0,1,0,0,0,0,1,0
1,0,1,1,22,1,1,67.5,1544.05,1,0,0,0,0,1,0,0,0,1,0,1,0,1,0,0,0,1,0,0,0,0
0,0,1,0,10,1,1,78.1500015258789,765.15,0,1,0,1,0,1,0,0,0,0,0,0,0,0,0,0,0,0,0,1,0,0
0,0,1,1,29,1,0,26.100000381469727,692.55,0,1,0,0,1,0,1,0,1,0,1,0,1,0,1,0,1,0,1,0,0,1
0,0,0,0,1,1,1,69.5999984741211,69.6,1,0,0,1,0,0,0,0,0,0,0,0,0,0,0,0,0,0,0,0,1,0
1,0,1,0,49,1,0,84.3499984741211,4059.35,1,1,0,0,0,1,0,0,0,1,0,1,0,1,0,1,0,1,0,0,1,0
0,1,1,0,68,1,1,100.19999694824219,6851.65,1,1,0,1,0,0,0,1,0,0,0,0,0,1,0,1,0,0,0,0,1,0
0,0,0,0,1,1,0,78.05000305175781,78.05,1,0,0,1,0,0,0,0,0,0,0,0,0,1,0,0,0,0,0,0,1,0
0,0,0,0,30,0,1,40.349998474121094,1187.05,0,0,1,0,0,0,0,0,0,0,0,1,0,0,0,1,0,1,0,1,0,0
0,0,1,0,72,1,0,79.19999694824219,5401.9,0,1,0,0,0,1,0,1,0,1,0,1,0,1,0,0,0,0,1,1,0,0
0,0,0,0,10,1,1,20.899999618530273,247.0,0,0,0,0,1,0,1,0,1,0,1,0,1,0,1,0,1,0,0,0,0,1
1,0,0,0,7,1,0,73.5999984741211,520.0,1,1,0,1,0,0,0,0,0,0,0,0,0,0,0,0,0,0,0,0,1,0
0,0,0,0,9,1,1,74.75,706.6,1,1,0,1,0,0,0,0,0,0,0,0,0,0,0,0,0,0,0,0,1,0
0,0,0,1,1,1,0,49.900001525878906,49.9,0,0,0,0,0,1,0,0,0,0,0,0,0,0,0,0,0,0,0,0,0,1
0,0,0,0,20,1,1,68.9000015258789,1370.35,0,1,0,0,0,0,0,1,0,0,0,1,0,0,0,1,0,0,0,1,0,0
0,0,0,0,1,1,1,20.25,20.25,0,0,0,0,1,0,1,0,1,0,1,0,1,0,1,0,1,0,0,0,0,1
0,0,0,0,29,1,1,76.0,2215.25,0,1,0,1,0,0,0,0,0,0,0,0,0,0,0,0,0,0,0,1,0,0
1,0,0,0,1,1,0,74.0,74.0,0,0,0,1,0,0,0,0,0,0,0,1,0,0,0,0,0,0,0,0,1,0
1,0,0,0,3,1,1,82.30000305175781,214.4,0,0,0,1,0,1,0,0,0,0,0,1,0,0,0,0,0,0,0,0,0,1
0,0,0,0,20,1,1,89.4000015258789,1871.15,0,0,0,1,0,1,0,0,0,1,0,0,0,1,0,0,0,0,0,0,0,0
1,0,0,1,64,1,1,99.1500015258789,6171.2,0,0,0,1,0,0,0,1,0,0,0,1,0,1,0,1,0,0,0,1,0,0
1,0,0,0,1,1,1,20.200000762939453,20.2,1,0,0,0,1,0,1,0,1,0,1,0,1,0,1,0,1,0,0,0,0,1
0,0,0,0,6,0,0,29.450000762939453,161.45,0,0,1,0,0,1,0,0,0,0,0,0,0,0,0,0,0,0,0,0,0,0
1,0,1,0,50,1,0,19.799999237060547,1013.2,0,0,0,0,1,0,1,0,1,0,1,0,1,0,1,0,1,0,1,0,1,0
1,0,0,0,6,1,1,59.150001525878906,336.7,0,0,0,0,0,1,0,0,0,0,0,0,0,0,0,1,0,0,0,0,0,0
1,0,1,1,7,1,0,44.75,333.65,0,0,0,0,0,0,0,0,0,0,0,0,0,0,0,0,0,0,0,0,1,0
1,0,1,1,72,1,1,90.80000305175781,6511.8,0,1,0,1,0,0,0,0,0,1,0,0,0,0,0,1,0,0,1,1,0,0
1,0,1,0,8,1,1,49.54999923706055,393.45,0,0,0,0,0,0,0,1,0,0,0,0,0,0,0,0,0,0,0,0,0,0
0,0,1,1,67,1,0,106.69999694824219,7009.5,0,1,0,1,0,1,0,0,0,0,0,1,0,1,0,1,0,0,1,1,0,0
0,1,1,0,24,1,1,93.55000305175781,2264.05,1,1,0,1,0,0,0,0,0,0,0,0,0,1,0,1,0,0,0,0,1,0
0,0,1,0,72,1,1,94.44999694824219,6921.7,0,1,0,1,0,1,0,1,0,0,0,0,0,0,0,1,0,0,1,1,0,0
1,0,1,1,33,1,1,19.450000762939453,600.25,0,0,0,0,1,0,1,0,1,0,1,0,1,0,1,0,1,1,0,0,0,0
1,0,0,0,2,0,1,25.049999237060547,56.35,1,0,1,0,0,0,0,0,0,0,0,0,0,0,0,0,0,0,0,0,1,0
1,0,1,0,70,1,0,67.94999694824219,4664.15,0,0,0,0,0,1,0,1,0,0,0,1,0,0,0,1,0,0,1,0,0,1
0,0,0,0,22,1,0,65.25,1441.8,0,0,0,0,0,0,0,1,0,1,0,0,0,1,0,0,0,1,0,0,0,0
0,0,0,0,59,1,1,99.44999694824219,5623.7,0,1,0,1,0,1,0,1,0,1,0,0,0,0,0,1,0,0,0,0,0,0
1,0,0,0,36,1,1,20.350000381469727,695.85,0,0,0,0,1,0,1,0,1,0,1,0,1,0,1,0,1,1,0,1,0,0
0,0,1,1,51,1,0,19.950000762939453,1028.75,0,0,0,0,1,0,1,0,1,0,1,0,1,0,1,0,1,0,1,0,0,1
1,0,1,0,53,1,0,77.4000015258789,4155.95,0,1,0,0,0,1,0,0,0,1,0,1,0,1,0,0,0,1,0,0,0,0
0,0,1,1,20,1,0,19.700000762939453,395.6,0,0,0,0,1,0,1,0,1,0,1,0,1,0,1,0,1,1,0,0,0,0
1,0,1,0,63,1,0,99.69999694824219,6330.4,0,0,0,1,0,1,0,0,0,1,0,0,0,1,0,1,0,0,1,1,0,0
0,0,0,0,40,1,0,74.80000305175781,2971.7,0,0,0,1,0,0,0,1,0,0,0,0,0,0,0,0,0,0,0,1,0,0
1,0,0,0,35,1,1,19.149999618530273,638.0,0,0,0,0,1,0,1,0,1,0,1,0,1,0,1,0,1,1,0,0,0,1
1,0,1,1,26,1,0,78.94999694824219,2034.25,0,0,0,1,0,0,0,0,0,0,0,0,0,0,0,1,0,1,0,0,0,0
1,1,1,0,27,1,1,95.55000305175781,2510.2,1,1,0,1,0,0,0,1,0,1,0,0,0,0,0,1,0,0,0,0,1,0
1,0,0,1,53,1,0,62.849998474121094,3419.5,0,0,0,0,0,1,0,1,0,0,0,1,0,0,0,0,0,1,0,1,0,0
1,1,1,0,34,1,0,71.55000305175781,2427.35,0,0,0,1,0,0,0,0,0,0,0,0,0,0,0,0,0,0,0,1,0,0
0,1,1,0,19,1,1,94.94999694824219,1760.25,0,1,0,1,0,0,0,0,0,0,0,0,0,1,0,1,0,0,0,0,1,0
1,0,1,0,43,1,1,86.0999984741211,3551.65,0,0,0,1,0,1,0,1,0,1,0,0,0,0,0,0,0,0,0,1,0,0
1,0,1,1,6,1,0,19.549999237060547,122.9,0,0,0,0,1,0,1,0,1,0,1,0,1,0,1,0,1,0,0,0,0,1
1,0,0,1,56,1,1,24.799999237060547,1424.2,0,1,0,0,1,0,1,0,1,0,1,0,1,0,1,0,1,0,1,0,0,1
1,0,0,0,57,0,1,39.29999923706055,2111.45,1,0,1,0,0,0,0,1,0,0,0,0,0,1,0,0,0,0,0,0,1,0
1,0,1,1,34,1,1,84.05000305175781,2909.95,0,0,0,1,0,0,0,0,0,1,0,0,0,1,0,0,0,0,0,0,0,1
0,0,0,0,10,0,0,36.25,374.0,0,0,1,0,0,0,0,1,0,0,0,1,0,0,0,0,0,0,0,0,1,0
0,0,0,0,1,1,1,20.25,20.25,1,0,0,0,1,0,1,0,1,0,1,0,1,0,1,0,1,0,0,0,0,1
0,0,0,0,13,0,1,23.899999618530273,300.8,1,0,1,0,0,0,0,0,0,0,0,0,0,0,0,0,0,0,0,0,1,0
1,0,0,0,56,1,0,98.5999984741211,5581.05,0,1,0,1,0,0,0,1,0,0,0,0,0,1,0,1,0,0,0,0,1,0
0,0,1,0,55,1,1,103.6500015258789,5676.65,0,1,0,1,0,0,0,1,0,1,0,0,0,1,0,1,0,0,0,1,0,0
0,0,1,1,36,1,1,92.9000015258789,3379.25,0,1,0,0,0,1,0,1,0,1,0,1,0,1,0,1,0,0,1,1,0,0
1,0,1,0,47,1,0,19.899999618530273,942.95,0,0,0,0,1,0,1,0,1,0,1,0,1,0,1,0,1,1,0,0,0,0
0,0,1,1,12,1,1,20.100000381469727,232.4,0,0,0,0,1,0,1,0,1,0,1,0,1,0,1,0,1,0,0,1,0,0
0,0,0,0,1,1,1,85.44999694824219,85.45,1,0,0,1,0,0,0,0,0,1,0,0,0,1,0,0,0,0,0,0,1,0
1,1,0,0,24,1,1,80.5,2088.45,0,1,0,1,0,0,0,1,0,0,0,0,0,0,0,0,0,0,0,0,1,0
0,0,0,0,63,1,0,99.9000015258789,6137.0,1,1,0,1,0,0,0,1,0,0,0,0,0,1,0,1,0,1,0,0,0,0
0,1,0,0,35,0,1,39.849998474121094,1434.6,0,0,1,0,0,0,0,0,0,1,0,0,0,1,0,0,0,0,0,0,1,0
0,0,0,0,67,1,0,60.5,3870.0,0,0,0,0,0,1,0,1,0,0,0,1,0,0,0,0,0,1,0,1,0,0
1,0,0,0,25,1,1,84.80000305175781,2043.45,1,1,0,1,0,0,0,0,0,0,0,0,0,0,0,1,0,0,0,0,1,0
1,0,0,0,21,1,0,103.8499984741211,2215.0,0,1,0,1,0,1,0,0,0,1,0,0,0,1,0,1,0,0,0,0,0,1
0,0,0,0,13,1,0,67.80000305175781,842.25,0,0,0,0,0,1,0,1,0,0,0,1,0,0,0,1,0,0,0,0,0,0
1,0,1,0,35,1,1,75.19999694824219,2576.2,1,1,0,1,0,0,0,0,0,0,0,0,0,0,0,0,0,0,0,0,1,0
1,1,1,0,71,1,0,24.850000381469727,1901.0,0,1,0,0,1,0,1,0,1,0,1,0,1,0,1,0,1,0,1,0,0,0
0,0,0,0,29,1,0,19.350000381469727,601.6,0,0,0,0,1,0,1,0,1,0,1,0,1,0,1,0,1,0,0,1,0,0
1,0,1,0,71,0,0,49.349998474121094,3515.25,1,0,1,0,0,0,0,1,0,0,0,0,0,1,0,1,0,0,1,0,1,0
1,1,1,0,7,1,1,89.0,605.45,0,0,0,1,0,0,0,0,0,0,0,0,0,1,0,1,0,0,0,0,1,0
0,1,0,0,57,0,1,55.0,3094.05,0,0,1,0,0,0,0,1,0,1,0,0,0,1,0,1,0,0,0,0,1,0
1,0,1,0,65,1,0,76.1500015258789,4929.55,0,1,0,0,0,1,0,0,0,1,0,1,0,0,0,1,0,0,1,0,0,0
1,0,0,0,27,1,0,20.299999237060547,595.05,0,0,0,0,1,0,1,0,1,0,1,0,1,0,1,0,1,1,0,0,0,1
1,0,0,0,6,1,1,74.9000015258789,469.8,1,1,0,1,0,0,0,0,0,0,0,0,0,0,0,0,0,0,0,0,1,0
0,1,0,0,72,1,1,117.3499984741211,8436.25,0,1,0,1,0,1,0,1,0,1,0,1,0,1,0,1,0,0,1,1,0,0
1,0,0,0,1,1,1,19.75,19.75,0,0,0,0,1,0,1,0,1,0,1,0,1,0,1,0,1,0,0,0,0,1
1,0,0,0,11,1,0,45.20000076293945,492.0,0,0,0,0,0,0,0,0,0,0,0,0,0,0,0,0,0,0,0,1,0,0
1,0,1,1,39,1,0,25.200000762939453,987.95,0,1,0,0,1,0,1,0,1,0,1,0,1,0,1,0,1,0,1,0,0,1
0,1,0,0,59,1,1,89.75,5496.9,0,1,0,1,0,1,0,1,0,1,0,0,0,0,0,0,0,0,0,0,1,0
1,0,0,0,26,1,0,75.0,1908.35,0,0,0,0,0,1,0,0,0,0,0,1,0,1,0,1,0,1,0,0,0,0
1,1,0,0,2,1,0,49.95000076293945,107.1,0,0,0,0,0,0,0,0,0,1,0,0,0,0,0,0,0,0,0,0,0,1
0,0,1,1,72,0,0,65.69999694824219,4575.35,0,0,1,0,0,1,0,1,0,1,0,1,0,1,0,1,0,0,1,0,0,0
1,0,1,0,65,1,0,67.05000305175781,4309.55,0,1,0,0,0,1,0,1,0,1,0,0,0,0,0,0,0,1,0,1,0,0
1,0,1,1,72,1,0,110.9000015258789,7922.75,0,1,0,1,0,0,0,1,0,1,0,1,0,1,0,1,0,0,1,1,0,0
1,0,0,0,6,1,1,87.94999694824219,522.35,0,1,0,1,0,0,0,0,0,0,0,1,0,0,0,1,0,0,0,0,0,0
1,1,0,0,32,1,0,19.799999237060547,587.7,0,0,0,0,1,0,1,0,1,0,1,0,1,0,1,0,1,1,0,1,0,0
0,0,1,0,50,1,0,75.69999694824219,3876.2,0,1,0,0,0,0,0,0,0,1,0,0,0,1,0,1,0,1,0,0,0,0
1,0,1,0,61,0,1,62.150001525878906,3778.85,0,0,1,0,0,1,0,0,0,1,0,1,0,1,0,1,0,0,1,0,0,1
0,0,0,0,15,1,1,101.25,1457.25,1,0,0,1,0,0,0,1,0,1,0,0,0,1,0,1,0,0,0,0,1,0
1,0,1,0,72,1,0,115.1500015258789,8349.45,0,1,0,1,0,1,0,1,0,1,0,1,0,1,0,1,0,0,1,0,0,0
1,0,0,0,9,1,1,18.950000762939453,185.6,1,0,0,0,1,0,1,0,1,0,1,0,1,0,1,0,1,0,0,0,0,1
0,0,0,0,1,1,0,19.5,19.5,0,0,0,0,1,0,1,0,1,0,1,0,1,0,1,0,1,0,0,0,0,1
0,0,0,0,12,1,1,86.55000305175781,1066.9,0,1,0,1,0,0,0,0,0,0,0,0,0,0,0,1,0,0,0,0,1,0
0,0,0,0,37,0,0,28.600000381469727,973.55,1,0,1,0,0,0,0,0,0,0,0,1,0,0,0,0,0,0,0,1,0,0
1,0,1,1,61,1,0,20.399999618530273,1226.45,0,0,0,0,1,0,1,0,1,0,1,0,1,0,1,0,1,1,0,0,0,1
1,0,1,1,18,1,0,19.799999237060547,342.3,0,0,0,0,1,0,1,0,1,0,1,0,1,0,1,0,1,1,0,0,0,0
1,0,0,1,21,1,0,45.650001525878906,985.05,0,0,0,0,0,0,0,0,0,0,0,0,0,0,0,0,0,0,0,0,0,1
1,0,1,1,68,0,1,56.400001525878906,3948.45,0,0,1,0,0,1,0,1,0,1,0,1,0,0,0,1,0,0,1,0,0,1
1,1,0,0,12,1,1,73.30000305175781,828.05,0,1,0,1,0,0,0,0,0,0,0,0,0,0,0,0,0,0,0,1,0,0
0,1,0,0,2,0,0,24.350000381469727,41.85,1,0,1,0,0,0,0,0,0,0,0,0,0,0,0,0,0,0,0,0,1,0
0,0,1,0,62,1,1,101.3499984741211,6164.7,0,1,0,1,0,0,0,0,0,1,0,0,0,1,0,1,0,0,0,0,1,0
0,1,0,0,29,1,0,98.6500015258789,2862.75,1,1,0,1,0,0,0,0,0,0,0,1,0,1,0,1,0,0,0,0,1,0
1,0,0,1,1,0,0,33.599998474121094,33.6,0,0,1,0,0,0,0,1,0,0,0,1,0,0,0,0,0,0,0,0,0,1
1,1,1,0,5,1,1,79.9000015258789,343.95,1,1,0,1,0,0,0,0,0,1,0,0,0,0,0,0,0,0,0,0,0,0
0,0,0,0,1,1,0,20.700000762939453,20.7,0,0,0,0,1,0,1,0,1,0,1,0,1,0,1,0,1,0,0,0,1,0
1,0,0,1,62,1,1,104.05000305175781,6590.5,0,1,0,1,0,0,0,0,0,1,0,1,0,1,0,1,0,0,1,0,1,0
0,0,1,1,36,1,0,20.25,717.95,0,0,0,0,1,0,1,0,1,0,1,0,1,0,1,0,1,0,1,0,0,0
0,1,0,0,28,1,1,103.30000305175781,2890.65,1,1,0,1,0,0,0,0,0,1,0,1,0,1,0,1,0,0,0,0,1,0
0,0,1,1,69,1,0,73.69999694824219,4885.85,0,1,0,0,0,1,0,1,0,0,0,1,0,1,0,0,0,1,0,1,0,0
0,0,1,0,11,1,1,96.19999694824219,1222.05,1,1,0,1,0,1,0,0,0,0,0,1,0,1,0,0,0,0,0,1,0,0
0,0,1,0,63,1,1,108.75,6871.7,0,1,0,1,0,0,0,1,0,1,0,1,0,1,0,1,0,0,0,0,1,0
1,0,0,0,23,1,0,20.149999618530273,405.6,0,0,0,0,1,0,1,0,1,0,1,0,1,0,1,0,1,1,0,0,0,0
1,0,0,0,10,1,0,19.75,208.25,0,0,0,0,1,0,1,0,1,0,1,0,1,0,1,0,1,0,0,1,0,0
0,0,1,0,71,1,1,25.950000762939453,1801.9,0,1,0,0,1,0,1,0,1,0,1,0,1,0,1,0,1,0,1,1,0,0
0,1,0,0,45,1,1,70.05000305175781,3062.45,0,1,0,0,0,1,0,0,0,0,0,1,0,0,0,1,0,0,0,0,1,0
0,0,1,1,70,1,0,24.049999237060547,1764.75,0,1,0,0,1,0,1,0,1,0,1,0,1,0,1,0,1,0,1,0,0,1
0,0,0,1,22,1,1,84.75,1816.75,0,1,0,1,0,0,0,0,0,0,0,0,0,0,0,1,0,0,0,0,1,0
0,0,1,1,52,1,0,23.049999237060547,1255.1,0,1,0,0,1,0,1,0,1,0,1,0,1,0,1,0,1,0,1,0,0,1
1,0,1,0,55,1,1,104.1500015258789,5743.05,1,1,0,1,0,0,0,0,0,1,0,1,0,1,0,1,0,1,0,0,1,0
0,0,0,0,65,0,0,59.95000076293945,3921.1,0,0,1,0,0,1,0,0,0,1,0,1,0,1,0,1,0,0,1,1,0,0
0,0,1,1,72,1,0,19.549999237060547,1463.45,0,0,0,0,1,0,1,0,1,0,1,0,1,0,1,0,1,0,1,0,0,0
1,0,1,0,10,1,0,19.600000381469727,189.45,0,0,0,0,1,0,1,0,1,0,1,0,1,0,1,0,1,1,0,0,0,0
0,0,0,1,7,1,0,20.049999237060547,96.8,0,0,0,0,1,0,1,0,1,0,1,0,1,0,1,0,1,1,0,0,0,1
1,1,0,0,5,1,1,85.55000305175781,408.5,0,0,0,1,0,0,0,1,0,0,0,0,0,0,0,1,0,0,0,0,1,0
0,0,1,1,24,1,0,78.5999984741211,1846.65,0,1,0,0,0,1,0,0,0,1,0,0,0,1,0,1,0,0,1,1,0,0
0,0,1,1,72,1,1,116.80000305175781,8456.75,0,1,0,1,0,1,0,1,0,1,0,1,0,1,0,1,0,0,1,1,0,0
1,0,0,0,21,0,1,43.54999923706055,1011.5,0,0,1,0,0,1,0,0,0,0,0,1,0,1,0,0,0,0,0,0,0,1
1,0,1,0,69,0,1,60.79999923706055,4263.4,0,0,1,0,0,0,0,1,0,1,0,1,0,1,0,1,0,1,0,1,0,0
1,0,1,1,44,1,1,54.900001525878906,2549.1,0,0,0,0,0,0,0,1,0,0,0,1,0,0,0,0,0,0,0,0,0,0
0,1,1,1,61,1,1,65.19999694824219,3965.05,0,1,0,0,0,0,0,0,0,1,0,0,0,1,0,0,0,1,0,0,1,0
1,1,0,0,24,1,1,102.94999694824219,2496.7,1,1,0,1,0,0,0,1,0,1,0,0,0,1,0,1,0,0,0,1,0,0
0,0,0,0,1,1,0,90.5999984741211,90.6,1,0,0,1,0,0,0,0,0,0,0,0,0,1,0,1,0,0,0,0,1,0
0,0,0,0,6,1,1,50.79999923706055,288.05,1,0,0,0,0,0,0,0,0,0,0,1,0,0,0,0,0,0,0,0,0,0
1,0,0,0,4,1,1,90.05000305175781,368.1,1,1,0,1,0,0,0,1,0,0,0,0,0,0,0,1,0,0,0,0,1,0
1,0,1,0,72,1,1,108.19999694824219,7840.6,0,1,0,1,0,0,0,1,0,1,0,1,0,1,0,1,0,0,1,0,1,0
1,0,0,0,72,1,0,92.0,6632.75,0,1,0,0,0,1,0,1,0,1,0,1,0,1,0,1,0,0,1,0,0,0
1,1,1,0,14,1,1,75.0999984741211,1013.35,0,1,0,1,0,0,0,0,0,0,0,0,0,0,0,0,0,0,0,0,1,0
1,0,0,0,7,1,1,25.049999237060547,152.95,0,1,0,0,1,0,1,0,1,0,1,0,1,0,1,0,1,0,0,0,0,0
0,0,0,0,48,1,0,75.1500015258789,3772.65,0,0,0,1,0,0,0,1,0,0,0,0,0,0,0,0,0,1,0,0,1,0
1,0,1,1,55,1,0,19.5,1026.35,0,0,0,0,1,0,1,0,1,0,1,0,1,0,1,0,1,1,0,0,0,1
1,0,0,0,1,1,0,19.299999237060547,19.3,0,0,0,0,1,0,1,0,1,0,1,0,1,0,1,0,1,0,0,1,0,0
1,0,0,0,45,1,0,112.19999694824219,5031.85,0,0,0,1,0,1,0,1,0,1,0,1,0,1,0,1,0,1,0,1,0,0
1,0,0,0,3,1,1,70.30000305175781,220.4,0,0,0,1,0,0,0,0,0,0,0,0,0,0,0,0,0,0,0,0,0,1
0,0,1,0,71,1,0,19.600000381469727,1416.5,0,0,0,0,1,0,1,0,1,0,1,0,1,0,1,0,1,0,1,0,0,1
1,0,1,0,8,1,0,20.25,158.35,0,0,0,0,1,0,1,0,1,0,1,0,1,0,1,0,1,0,0,0,0,1
0,0,1,0,3,1,1,75.8499984741211,256.6,1,1,0,1,0,0,0,0,0,0,0,0,0,0,0,0,0,0,0,0,1,0
1,0,1,1,69,1,0,80.6500015258789,5542.55,0,0,0,0,0,1,0,1,0,0,0,1,0,1,0,1,0,0,1,0,0,0
1,0,1,1,1,1,1,68.5,68.5,1,0,0,1,0,0,0,0,0,0,0,0,0,0,0,0,0,0,0,0,1,0
0,1,1,0,72,1,1,115.75,8443.7,0,1,0,1,0,1,0,1,0,1,0,1,0,1,0,1,0,0,1,1,0,0
1,0,0,0,11,1,1,73.5,791.75,1,0,0,1,0,1,0,0,0,0,0,0,0,0,0,0,0,0,0,0,1,0
1,0,0,0,71,1,0,80.5999984741211,5708.2,0,1,0,0,0,1,0,1,0,1,0,1,0,0,0,1,0,0,1,0,0,0
0,0,0,0,1,1,1,69.94999694824219,69.95,1,0,0,1,0,0,0,0,0,0,0,0,0,0,0,0,0,0,0,0,0,1
0,0,1,0,33,0,0,59.54999923706055,2016.3,0,0,1,0,0,1,0,0,0,1,0,1,0,1,0,1,0,0,1,0,0,0
0,0,0,0,16,1,0,19.049999237060547,326.65,0,0,0,0,1,0,1,0,1,0,1,0,1,0,1,0,1,1,0,0,0,1
0,1,1,0,56,1,0,95.6500015258789,5471.75,0,1,0,1,0,1,0,1,0,1,0,1,0,0,0,0,0,1,0,0,1,0
0,0,0,0,1,1,0,19.950000762939453,19.95,0,0,0,0,1,0,1,0,1,0,1,0,1,0,1,0,1,0,0,1,0,0
1,0,0,0,5,1,1,70.05000305175781,346.4,1,0,0,0,0,0,0,0,0,1,0,0,0,1,0,1,0,0,0,0,1,0
1,0,1,1,57,1,0,19.399999618530273,1061.6,0,0,0,0,1,0,1,0,1,0,1,0,1,0,1,0,1,1,0,0,0,1
1,0,1,1,56,0,1,36.099998474121094,1971.5,0,0,1,0,0,0,0,1,0,1,0,0,0,0,0,0,0,1,0,1,0,0
1,0,0,0,8,1,1,94.0,773.65,1,1,0,1,0,0,0,1,0,1,0,0,0,1,0,0,0,0,0,0,1,0
0,0,1,1,22,1,0,61.150001525878906,1422.05,1,0,0,0,0,1,0,1,0,1,0,0,0,0,0,0,0,0,0,0,0,1
0,0,0,0,1,1,0,19.75,19.75,0,0,0,0,1,0,1,0,1,0,1,0,1,0,1,0,1,0,0,0,0,1
0,0,0,1,40,1,1,64.0999984741211,2460.35,0,0,0,0,0,1,0,0,0,0,0,1,0,1,0,0,0,0,0,1,0,0
1,0,1,1,46,1,0,19.75,856.5,0,0,0,0,1,0,1,0,1,0,1,0,1,0,1,0,1,0,1,1,0,0
1,0,1,1,63,1,0,19.700000762939453,1275.85,0,0,0,0,1,0,1,0,1,0,1,0,1,0,1,0,1,0,1,0,0,1
1,0,1,1,68,1,1,110.19999694824219,7467.5,0,1,0,1,0,1,0,1,0,1,0,0,0,1,0,1,0,0,1,0,1,0
1,0,1,1,69,1,1,106.3499984741211,7261.75,0,0,0,1,0,1,0,1,0,0,0,1,0,1,0,1,0,0,1,1,0,0
0,0,1,0,56,1,0,90.55000305175781,5116.6,0,1,0,1,0,0,0,1,0,1,0,1,0,0,0,0,0,0,0,0,1,0
0,0,1,1,10,1,1,65.9000015258789,660.05,0,0,0,0,0,0,0,1,0,1,0,0,0,0,0,1,0,1,0,0,0,1
1,0,0,0,63,1,0,104.5,6590.8,0,1,0,1,0,1,0,1,0,1,0,1,0,1,0,0,0,1,0,1,0,0
0,0,1,1,24,0,1,52.5,1208.15,0,0,1,0,0,1,0,1,0,1,0,1,0,0,0,1,0,0,1,0,0,1
0,0,0,0,19,1,1,56.099998474121094,1033.9,0,1,0,0,0,0,0,0,0,1,0,0,0,0,0,0,0,0,0,0,0,1
1,0,1,1,22,1,1,88.75,1885.15,0,1,0,1,0,0,0,0,0,1,0,0,0,1,0,0,0,0,0,0,1,0
1,0,1,0,29,1,1,84.44999694824219,2467.1,1,1,0,1,0,1,0,1,0,0,0,0,0,0,0,0,0,0,0,0,1,0
1,0,1,0,13,1,1,75.30000305175781,989.45,1,1,0,0,0,0,0,0,0,1,0,0,0,1,0,1,0,1,0,0,0,1
0,0,1,0,70,1,1,26.0,2006.95,0,1,0,0,1,0,1,0,1,0,1,0,1,0,1,0,1,0,1,0,0,0
0,0,1,0,49,1,0,99.4000015258789,5025.0,0,0,0,1,0,0,0,1,0,1,0,0,0,1,0,1,0,0,0,0,1,0
0,1,1,0,43,1,1,109.55000305175781,4830.25,1,1,0,1,0,1,0,0,0,1,0,1,0,1,0,1,0,1,0,0,0,1
0,0,0,0,3,1,1,19.600000381469727,59.75,1,0,0,0,1,0,1,0,1,0,1,0,1,0,1,0,1,0,0,0,0,1
1,0,1,1,42,1,0,73.1500015258789,3088.25,0,0,0,0,0,0,0,0,0,1,0,1,0,1,0,1,0,1,0,0,1,0
1,0,0,0,57,1,1,54.650001525878906,3134.7,0,0,0,0,0,0,0,1,0,0,0,1,0,0,0,0,0,1,0,0,0,1
1,1,0,0,2,1,0,66.4000015258789,94.55,1,0,0,0,0,1,0,0,0,1,0,0,0,1,0,0,0,0,0,0,0,0
0,0,1,0,72,1,1,115.55000305175781,8312.4,0,1,0,1,0,1,0,1,0,1,0,1,0,1,0,1,0,0,1,1,0,0
0,1,0,0,46,1,1,104.44999694824219,4863.85,0,1,0,1,0,0,0,1,0,1,0,0,0,1,0,1,0,0,0,0,1,0
1,1,1,0,66,1,1,100.05000305175781,6871.9,1,1,0,1,0,0,0,0,0,0,0,1,0,1,0,1,0,0,0,1,0,0
1,0,0,0,62,1,0,102.0,6529.25,1,1,0,1,0,1,0,1,0,0,0,1,0,0,0,1,0,1,0,0,1,0
0,0,1,0,72,1,1,91.1500015258789,6637.9,0,1,0,0,0,1,0,1,0,1,0,1,0,1,0,1,0,0,1,0,0,0
1,0,1,1,35,1,1,89.69999694824219,3165.6,0,0,0,1,0,0,0,1,0,0,0,1,0,1,0,0,0,1,0,0,1,0
1,0,1,0,17,1,0,90.19999694824219,1454.15,1,1,0,1,0,1,0,1,0,1,0,0,0,0,0,0,0,0,0,1,0,0
0,0,1,0,72,1,1,92.4000015258789,6786.1,0,1,0,0,0,1,0,1,0,1,0,1,0,1,0,1,0,0,1,0,1,0
0,0,1,1,28,1,0,19.899999618530273,543.0,0,0,0,0,1,0,1,0,1,0,1,0,1,0,1,0,1,1,0,0,0,1
1,0,1,0,56,1,1,25.149999618530273,1327.15,1,1,0,0,1,0,1,0,1,0,1,0,1,0,1,0,1,0,1,1,0,0
0,0,0,0,31,1,1,79.8499984741211,2404.15,1,1,0,1,0,0,0,0,0,0,0,1,0,0,0,0,0,0,0,1,0,0
1,0,0,0,45,1,0,18.850000381469727,867.3,0,0,0,0,1,0,1,0,1,0,1,0,1,0,1,0,1,1,0,0,0,0
0,0,0,0,1,1,1,25.75,25.75,0,1,0,0,1,0,1,0,1,0,1,0,1,0,1,0,1,0,0,0,0,1
0,0,0,0,2,1,1,49.599998474121094,114.7,1,0,0,0,0,0,0,1,0,0,0,0,0,0,0,0,0,0,0,0,0,1
0,0,0,0,6,1,1,20.950000762939453,109.5,0,0,0,0,1,0,1,0,1,0,1,0,1,0,1,0,1,0,0,0,0,1
0,0,1,0,48,1,1,97.05000305175781,4692.95,0,0,0,1,0,0,0,1,0,1,0,0,0,1,0,1,0,1,0,0,1,0
1,0,1,1,25,1,1,25.399999618530273,546.85,0,1,0,0,1,0,1,0,1,0,1,0,1,0,1,0,1,0,0,0,0,0
1,0,1,1,64,1,1,19.700000762939453,1274.05,0,0,0,0,1,0,1,0,1,0,1,0,1,0,1,0,1,0,1,0,0,0
1,0,0,0,50,0,1,35.0,1782.4,0,0,1,0,0,1,0,1,0,0,0,0,0,0,0,0,0,0,0,0,0,1
0,0,1,1,52,1,0,101.25,5301.1,0,1,0,1,0,0,0,0,0,1,0,0,0,1,0,1,0,1,0,0,0,0
1,1,1,0,4,1,1,70.19999694824219,280.35,0,0,0,1,0,0,0,0,0,0,0,0,0,0,0,0,0,0,0,0,1,0
0,1,0,0,32,1,0,90.94999694824219,2897.95,0,0,0,1,0,0,0,0,0,0,0,0,0,1,0,1,0,0,0,0,1,0
1,0,1,1,45,1,0,73.8499984741211,3371.0,0,1,0,0,0,1,0,1,0,0,0,1,0,1,0,0,0,0,1,1,0,0
1,0,1,0,9,1,1,88.05000305175781,801.3,0,1,0,1,0,1,0,0,0,0,0,0,0,0,0,1,0,0,0,0,1,0
0,1,1,0,66,1,1,105.94999694824219,6975.25,1,1,0,1,0,0,0,0,0,1,0,1,0,1,0,1,0,1,0,1,0,0
1,0,0,1,3,1,0,91.8499984741211,257.05,1,1,0,1,0,0,0,0,0,1,0,0,0,0,0,1,0,0,0,0,1,0
0,0,0,0,54,1,0,20.100000381469727,1079.45,0,0,0,0,1,0,1,0,1,0,1,0,1,0,1,0,1,0,1,0,0,1
0,0,1,1,1,0,0,40.099998474121094,40.1,1,0,1,0,0,0,0,0,0,0,0,1,0,1,0,0,0,0,0,0,1,0
0,0,1,1,64,1,0,110.30000305175781,6997.3,0,1,0,1,0,1,0,1,0,0,0,1,0,1,0,1,0,0,1,0,0,0
0,1,0,0,31,1,1,73.9000015258789,2217.15,1,1,0,1,0,0,0,0,0,0,0,0,0,0,0,0,0,0,0,0,1,0
0,0,0,0,14,1,1,89.80000305175781,1129.1,1,0,0,1,0,0,0,0,0,0,0,0,0,1,0,1,0,0,0,0,0,1
0,0,0,0,12,1,1,85.1500015258789,979.05,0,0,0,1,0,1,0,0,0,0,0,0,0,1,0,0,0,1,0,1,0,0
1,1,1,0,67,1,1,60.95000076293945,4119.4,0,0,0,0,0,1,0,1,0,0,0,1,0,0,0,0,0,1,0,0,0,0
0,0,1,1,35,1,0,72.25,2568.55,1,1,0,0,0,1,0,0,0,1,0,1,0,1,0,0,0,0,0,0,1,0
0,0,0,0,45,1,0,73.55000305175781,3349.1,0,1,0,0,0,1,0,0,0,0,0,1,0,0,0,1,0,0,1,0,0,1
1,0,0,0,10,1,0,46.0,492.1,0,0,0,0,0,0,0,0,0,0,0,0,0,0,0,0,0,0,0,0,0,1
0,1,0,0,29,1,1,58.54999923706055,1718.95,0,1,0,0,0,1,0,1,0,0,0,0,0,0,0,0,0,0,0,0,0,0
0,0,0,0,24,1,0,24.600000381469727,605.25,0,1,0,0,1,0,1,0,1,0,1,0,1,0,1,0,1,1,0,0,0,0
1,0,1,1,66,1,1,19.75,1344.5,0,0,0,0,1,0,1,0,1,0,1,0,1,0,1,0,1,0,1,0,0,1
1,0,0,0,51,1,0,86.3499984741211,4267.15,0,0,0,1,0,1,0,0,0,0,0,0,0,1,0,0,0,1,0,0,0,1
0,0,1,0,45,1,0,25.5,1121.05,0,1,0,0,1,0,1,0,1,0,1,0,1,0,1,0,1,0,1,0,0,1
0,0,1,0,49,1,0,19.0,918.7,0,0,0,0,1,0,1,0,1,0,1,0,1,0,1,0,1,1,0,1,0,0
0,0,1,0,29,1,1,19.549999237060547,521.8,0,0,0,0,1,0,1,0,1,0,1,0,1,0,1,0,1,0,1,0,0,1
1,0,1,1,40,1,1,110.0999984741211,4469.1,0,1,0,1,0,1,0,1,0,0,0,1,0,1,0,1,0,0,0,1,0,0
0,1,0,0,37,1,1,96.55000305175781,3580.3,1,1,0,1,0,0,0,0,0,0,0,0,0,1,0,1,0,0,0,0,1,0
1,0,0,0,25,1,0,69.75,1729.35,0,0,0,1,0,0,0,0,0,0,0,0,0,0,0,0,0,0,0,0,1,0
0,0,0,0,22,0,1,50.599998474121094,1073.3,0,0,1,0,0,0,0,0,0,1,0,0,0,1,0,1,0,0,0,0,1,0
1,0,0,0,72,0,1,65.5999984741211,4566.5,0,0,1,0,0,1,0,1,0,1,0,1,0,1,0,1,0,0,1,0,0,0
0,0,0,0,7,0,1,40.099998474121094,293.3,1,0,1,0,0,0,0,1,0,0,0,0,0,0,0,1,0,0,0,1,0,0
1,0,1,1,33,1,0,82.0999984741211,2603.1,0,0,0,0,0,0,0,1,0,1,0,1,0,1,0,1,0,0,1,1,0,0
0,0,0,0,23,1,1,79.0999984741211,1783.75,0,0,0,1,0,0,0,1,0,0,0,1,0,0,0,0,0,0,0,0,0,1
1,1,0,0,24,1,1,101.25,2440.15,1,1,0,1,0,0,0,1,0,0,0,0,0,1,0,1,0,0,0,0,1,0
0,0,0,0,1,1,0,79.55000305175781,79.55,1,0,0,1,0,0,0,0,0,0,0,0,0,1,0,0,0,0,0,0,1,0
1,0,0,0,69,1,0,90.6500015258789,6322.1,0,1,0,0,0,1,0,1,0,1,0,1,0,1,0,1,0,0,1,0,0,1
0,0,0,1,3,1,1,20.549999237060547,57.4,0,0,0,0,1,0,1,0,1,0,1,0,1,0,1,0,1,1,0,1,0,0
1,0,0,0,56,1,1,75.75,4284.65,0,0,0,0,0,0,0,1,0,0,0,1,0,1,0,1,0,1,0,0,0,0
1,0,0,0,65,1,1,110.0,7138.65,0,1,0,1,0,1,0,0,0,1,0,1,0,1,0,1,0,1,0,1,0,0
1,0,1,0,71,1,0,20.850000381469727,1539.75,0,0,0,0,1,0,1,0,1,0,1,0,1,0,1,0,1,1,0,0,1,0
0,1,0,0,14,1,1,80.3499984741211,1058.1,0,1,0,1,0,0,0,0,0,1,0,0,0,0,0,0,0,0,0,0,0,0
0,0,0,0,2,1,1,70.1500015258789,123.8,0,0,0,1,0,0,0,0,0,0,0,0,0,0,0,0,0,0,0,0,1,0
0,0,0,0,32,1,0,84.05000305175781,2781.85,1,1,0,1,0,0,0,0,0,0,0,0,0,1,0,0,0,1,0,0,1,0
1,0,0,0,40,1,0,67.44999694824219,2731.0,0,0,0,0,0,1,0,0,0,1,0,0,0,0,0,1,0,0,0,0,1,0
1,0,0,0,1,1,0,20.75,20.75,0,0,0,0,1,0,1,0,1,0,1,0,1,0,1,0,1,0,0,1,0,0
1,0,0,0,1,1,1,89.0999984741211,89.1,1,0,0,1,0,0,0,0,0,0,0,0,0,1,0,1,0,0,0,0,1,0
0,0,0,0,7,1,1,69.9000015258789,497.3,0,0,0,1,0,0,0,0,0,0,0,0,0,0,0,0,0,0,0,0,0,1
0,0,1,0,15,1,1,51.099998474121094,711.15,0,1,0,0,0,0,0,0,0,0,0,0,0,0,0,0,0,0,0,0,1,0
0,0,1,1,17,1,0,94.4000015258789,1607.2,1,1,0,1,0,1,0,0,0,1,0,0,0,1,0,0,0,0,0,0,1,0
1,0,0,0,19,1,1,78.25,1490.95,1,0,0,1,0,0,0,1,0,1,0,0,0,0,0,0,0,0,0,0,1,0
1,0,0,0,71,1,0,25.549999237060547,1898.1,0,1,0,0,1,0,1,0,1,0,1,0,1,0,1,0,1,0,1,0,0,0
0,0,1,1,54,1,0,60.0,3273.95,0,1,0,0,0,1,0,0,0,0,0,1,0,0,0,0,0,0,1,0,0,0
1,0,1,0,31,1,1,90.55000305175781,2929.75,0,1,0,1,0,1,0,1,0,0,0,1,0,0,0,0,0,0,0,1,0,0
0,0,0,0,11,1,0,76.4000015258789,838.7,0,0,0,1,0,1,0,0,0,0,0,0,0,0,0,0,0,0,0,0,1,0
0,1,0,0,18,1,1,84.94999694824219,1443.65,0,0,0,1,0,0,0,0,0,1,0,0,0,0,0,1,0,0,0,0,1,0
0,1,0,0,72,1,1,110.0999984741211,7746.7,0,1,0,1,0,1,0,1,0,0,0,1,0,1,0,1,0,0,1,0,0,0
0,1,0,0,71,1,1,99.6500015258789,6951.15,0,1,0,1,0,0,0,1,0,0,0,0,0,1,0,1,0,0,0,1,0,0
1,1,0,0,5,0,0,45.400001525878906,214.75,0,0,1,0,0,0,0,0,0,1,0,1,0,1,0,0,0,0,0,1,0,0
1,0,1,0,38,1,0,69.0,2669.45,0,1,0,0,0,0,0,0,0,1,0,1,0,0,0,1,0,1,0,1,0,0
1,0,0,1,5,1,1,48.650001525878906,235.2,0,0,0,0,0,0,0,0,0,0,0,1,0,0,0,0,0,0,0,0,0,0
1,1,0,0,2,1,1,44.150001525878906,92.65,1,0,0,0,0,0,0,0,0,0,0,0,0,0,0,0,0,0,0,0,1,0
0,1,0,0,52,1,0,59.849998474121094,3103.25,0,1,0,0,0,1,0,0,0,1,0,0,0,0,0,0,0,0,1,0,0,0
0,1,0,0,8,1,1,75.75,606.25,1,1,0,1,0,0,0,0,0,0,0,0,0,0,0,0,0,0,0,0,1,0
0,0,0,0,68,1,1,80.6500015258789,5330.2,0,1,0,0,0,0,0,1,0,1,0,0,0,1,0,1,0,0,1,0,1,0
1,0,1,1,69,1,1,20.549999237060547,1403.1,0,0,0,0,1,0,1,0,1,0,1,0,1,0,1,0,1,1,0,1,0,0
0,0,1,0,42,1,1,66.4000015258789,2727.8,0,1,0,0,0,1,0,1,0,0,0,1,0,0,0,0,0,0,0,1,0,0
0,0,0,0,50,1,1,100.19999694824219,5038.45,0,0,0,1,0,0,0,1,0,0,0,1,0,1,0,1,0,0,1,0,0,1
0,0,0,0,1,1,1,19.100000381469727,19.1,1,0,0,0,1,0,1,0,1,0,1,0,1,0,1,0,1,0,0,0,0,1
1,1,1,0,1,1,1,80.30000305175781,80.3,1,1,0,1,0,1,0,0,0,0,0,0,0,0,0,0,0,0,0,0,1,0
1,0,1,0,33,1,1,44.54999923706055,1462.6,0,0,0,0,0,0,0,0,0,0,0,0,0,0,0,0,0,0,0,1,0,0
0,0,0,0,7,1,0,20.350000381469727,150.6,0,0,0,0,1,0,1,0,1,0,1,0,1,0,1,0,1,0,0,0,0,1
1,0,1,1,64,1,1,91.80000305175781,5960.5,0,1,0,1,0,1,0,1,0,1,0,0,0,0,0,0,0,0,0,0,1,0
0,0,0,0,1,1,1,74.9000015258789,74.9,1,0,0,1,0,0,0,0,0,1,0,0,0,0,0,0,0,0,0,0,1,0
1,0,0,0,59,1,1,20.200000762939453,1192.3,0,0,0,0,1,0,1,0,1,0,1,0,1,0,1,0,1,0,1,0,0,0
0,0,1,0,6,1,0,50.349998474121094,314.55,0,1,0,0,0,0,0,0,0,0,0,0,0,0,0,0,0,0,0,0,1,0
0,0,0,0,3,1,0,18.799999237060547,56.0,0,0,0,0,1,0,1,0,1,0,1,0,1,0,1,0,1,0,0,0,0,1
0,0,1,0,15,1,0,20.450000762939453,330.8,0,0,0,0,1,0,1,0,1,0,1,0,1,0,1,0,1,0,0,1,0,0
1,0,1,1,13,1,1,64.75,877.35,0,0,0,0,0,0,0,0,0,0,0,0,0,1,0,1,0,1,0,0,1,0
0,0,0,0,23,1,1,98.69999694824219,2249.1,0,1,0,1,0,0,0,1,0,0,0,0,0,1,0,1,0,0,0,1,0,0
1,1,1,0,31,1,0,89.44999694824219,2807.65,0,1,0,1,0,1,0,0,0,0,0,0,0,1,0,0,0,0,0,0,1,0
1,0,0,0,29,1,1,58.75,1696.2,0,0,0,0,0,1,0,1,0,0,0,1,0,0,0,0,0,1,0,0,1,0
0,0,1,0,49,1,0,20.700000762939453,1032.05,0,0,0,0,1,0,1,0,1,0,1,0,1,0,1,0,1,1,0,1,0,0
0,0,1,0,56,1,1,85.5999984741211,4902.8,0,1,0,1,0,0,0,0,0,0,0,0,0,1,0,0,0,0,0,0,0,0
0,0,0,0,63,1,1,80.30000305175781,4995.35,0,1,0,0,0,1,0,1,0,1,0,1,0,0,0,1,0,0,1,1,0,0
1,0,1,0,63,1,0,79.80000305175781,5034.05,0,1,0,0,0,0,0,0,0,1,0,1,0,1,0,1,0,0,1,1,0,0
1,1,1,1,24,1,1,79.8499984741211,1857.75,0,1,0,1,0,1,0,0,0,0,0,0,0,0,0,0,0,0,0,0,1,0
1,1,1,0,36,1,0,54.099998474121094,1992.85,0,0,0,0,0,0,0,0,0,1,0,1,0,0,0,0,0,1,0,1,0,0
0,1,0,0,9,1,1,80.8499984741211,751.65,1,0,0,1,0,0,0,0,0,0,0,0,0,1,0,0,0,0,0,0,1,0
1,0,0,0,3,0,0,24.75,66.95,1,0,1,0,0,0,0,0,0,0,0,0,0,0,0,0,0,0,0,0,1,0
0,0,1,0,21,1,0,80.9000015258789,1714.95,0,0,0,0,0,1,0,0,0,1,0,1,0,1,0,1,0,1,0,0,0,1
1,0,1,1,13,1,0,24.5,343.6,0,1,0,0,1,0,1,0,1,0,1,0,1,0,1,0,1,1,0,0,0,0
1,0,1,1,1,1,1,20.149999618530273,20.15,0,0,0,0,1,0,1,0,1,0,1,0,1,0,1,0,1,0,0,0,0,0
0,0,1,1,25,1,0,20.049999237060547,520.1,0,0,0,0,1,0,1,0,1,0,1,0,1,0,1,0,1,1,0,0,0,1
1,0,1,1,71,1,1,19.600000381469727,1387.45,0,0,0,0,1,0,1,0,1,0,1,0,1,0,1,0,1,0,1,0,0,0
1,0,0,0,66,1,1,114.30000305175781,7383.7,0,1,0,1,0,1,0,1,0,1,0,1,0,1,0,1,0,1,0,0,0,0
0,0,0,0,45,1,1,100.30000305175781,4483.95,0,0,0,1,0,1,0,1,0,0,0,0,0,1,0,1,0,1,0,0,1,0
0,0,1,0,22,1,1,80.0,1706.45,0,0,0,1,0,0,0,0,0,0,0,0,0,1,0,0,0,0,0,1,0,0
0,0,1,0,67,1,1,20.850000381469727,1327.4,0,0,0,0,1,0,1,0,1,0,1,0,1,0,1,0,1,1,0,0,0,0
0,0,1,0,68,1,1,89.94999694824219,5974.3,0,1,0,1,0,0,0,0,0,1,0,0,0,1,0,0,0,0,1,0,0,0
0,0,1,1,0,1,0,20.0,0.0,0,0,0,0,1,0,1,0,1,0,1,0,1,0,1,0,1,0,1,0,0,1
0,1,0,0,49,1,1,90.8499984741211,4515.85,1,1,0,1,0,0,0,0,0,1,0,0,0,0,0,1,0,0,0,1,0,0
0,1,0,0,4,1,0,48.75,179.85,0,1,0,0,0,0,0,0,0,0,0,0,0,0,0,0,0,0,0,0,0,1
1,0,1,0,63,1,0,80.0,5040.2,0,1,0,0,0,1,0,1,0,1,0,1,0,0,0,1,0,1,0,1,0,0
0,0,1,0,2,1,0,79.69999694824219,165.0,1,0,0,1,0,0,0,1,0,1,0,0,0,0,0,0,0,0,0,0,0,0
1,0,0,0,21,1,1,20.350000381469727,422.7,0,0,0,0,1,0,1,0,1,0,1,0,1,0,1,0,1,1,0,0,0,1
1,0,1,1,55,1,0,57.54999923706055,3046.4,1,0,0,0,0,1,0,1,0,0,0,1,0,0,0,0,0,0,1,0,0,0
1,0,0,1,1,1,1,20.25,20.25,0,0,0,0,1,0,1,0,1,0,1,0,1,0,1,0,1,0,0,0,0,1
0,0,0,0,17,1,0,19.399999618530273,358.05,0,0,0,0,1,0,1,0,1,0,1,0,1,0,1,0,1,0,1,0,0,1
1,0,0,0,30,1,1,100.4000015258789,2936.25,0,1,0,1,0,1,0,0,0,0,0,0,0,1,0,1,0,0,0,0,0,0
1,0,1,1,22,1,1,57.95000076293945,1271.8,0,0,0,0,0,1,0,1,0,0,0,1,0,0,0,0,0,0,0,0,0,1
0,0,0,0,9,1,1,59.5,530.05,0,0,0,0,0,0,0,0,0,0,0,1,0,1,0,0,0,0,0,0,0,0
1,0,1,1,1,1,0,19.200000762939453,19.2,0,0,0,0,1,0,1,0,1,0,1,0,1,0,1,0,1,0,0,0,0,1
0,0,1,0,21,1,1,86.5,1808.7,1,1,0,1,0,0,0,0,0,0,0,0,0,0,0,1,0,0,0,0,1,0
1,0,0,0,19,1,0,59.54999923706055,1144.6,0,1,0,0,0,0,0,0,0,1,0,1,0,0,0,0,0,0,0,0,1,0
0,0,1,1,69,1,1,103.94999694824219,7446.9,1,1,0,1,0,0,0,1,0,1,0,0,0,1,0,1,0,0,0,0,1,0
1,1,0,0,1,0,1,25.100000381469727,25.1,1,0,1,0,0,0,0,0,0,0,0,0,0,0,0,0,0,0,0,0,1,0
0,0,1,0,72,1,1,103.94999694824219,7556.9,0,1,0,1,0,1,0,1,0,1,0,1,0,1,0,0,0,0,1,0,0,0
1,0,1,1,70,1,0,68.94999694824219,4858.7,0,1,0,0,0,1,0,0,0,1,0,0,0,1,0,0,0,0,1,1,0,0
0,0,0,0,66,1,1,103.0999984741211,6595.0,0,1,0,1,0,1,0,1,0,1,0,1,0,0,0,1,0,0,0,0,0,0
0,0,1,1,7,0,1,24.700000762939453,149.05,0,0,1,0,0,0,0,0,0,0,0,0,0,0,0,0,0,0,0,0,1,0
0,1,1,1,46,1,1,110.19999694824219,4972.1,0,1,0,1,0,1,0,1,0,0,0,1,0,1,0,1,0,0,0,0,1,0
1,0,0,0,39,0,1,48.95000076293945,1880.85,1,0,1,0,0,1,0,1,0,0,0,1,0,1,0,0,0,0,0,1,0,0
0,0,1,1,32,1,0,62.45000076293945,2045.55,0,1,0,0,0,0,0,1,0,1,0,0,0,0,0,0,0,0,0,0,0,0
1,0,0,0,24,1,1,89.55000305175781,2187.15,0,0,0,1,0,0,0,1,0,1,0,0,0,0,0,1,0,0,0,0,1,0
1,0,1,1,6,1,1,83.55000305175781,477.55,1,0,0,1,0,0,0,1,0,0,0,0,0,0,0,1,0,0,0,1,0,0
0,0,0,0,37,1,1,78.9000015258789,2976.95,0,1,0,0,0,1,0,1,0,1,0,1,0,1,0,0,0,0,0,1,0,0
1,0,0,1,8,1,0,20.350000381469727,178.7,0,0,0,0,1,0,1,0,1,0,1,0,1,0,1,0,1,0,0,0,0,1
0,0,1,1,72,1,1,71.44999694824219,5025.85,0,1,0,0,0,1,0,0,0,1,0,0,0,1,0,0,0,0,1,0,0,0
1,1,1,0,71,0,0,46.349998474121094,3353.4,0,0,1,0,0,1,0,1,0,1,0,1,0,0,0,0,0,0,1,1,0,0
0,0,1,0,16,1,1,94.6500015258789,1461.15,0,0,0,1,0,0,0,1,0,0,0,0,0,1,0,1,0,0,0,0,0,0
0,0,1,0,57,0,1,49.900001525878906,2782.4,0,0,1,0,0,1,0,0,0,1,0,1,0,0,0,1,0,0,0,0,0,0
1,0,0,0,66,1,0,25.450000762939453,1699.15,0,1,0,0,1,0,1,0,1,0,1,0,1,0,1,0,1,1,0,0,0,0
0,1,0,0,17,1,1,89.1500015258789,1496.9,1,0,0,1,0,0,0,1,0,1,0,0,0,1,0,0,0,0,0,0,1,0
0,0,0,1,21,1,0,20.75,452.2,0,0,0,0,1,0,1,0,1,0,1,0,1,0,1,0,1,0,0,0,0,1
1,0,1,0,66,1,1,66.0999984741211,4428.45,0,1,0,0,0,1,0,1,0,1,0,0,0,0,0,0,0,0,1,1,0,0
0,0,1,0,17,1,1,75.4000015258789,1322.55,0,1,0,0,0,0,0,1,0,0,0,0,0,1,0,1,0,0,0,0,0,0
1,0,0,1,1,1,1,70.44999694824219,70.45,1,0,0,1,0,0,0,0,0,0,0,0,0,0,0,0,0,0,0,0,0,1
1,0,1,0,58,1,0,60.29999923706055,3563.8,1,0,0,0,0,1,0,1,0,1,0,0,0,0,0,0,0,1,0,1,0,0
0,0,1,1,8,1,0,21.049999237060547,139.75,0,0,0,0,1,0,1,0,1,0,1,0,1,0,1,0,1,0,0,1,0,0
1,0,0,0,27,1,0,69.3499984741211,1927.3,0,0,0,0,0,1,0,0,0,1,0,1,0,1,0,0,0,1,0,1,0,0
1,0,1,0,34,1,0,88.8499984741211,3000.25,0,1,0,1,0,0,0,1,0,0,0,0,0,0,0,1,0,0,0,0,0,1
1,0,0,0,30,1,1,97.0,3021.3,0,0,0,1,0,0,0,1,0,0,0,0,0,1,0,1,0,1,0,0,0,0
1,0,0,0,33,1,1,66.4000015258789,2245.4,0,0,0,0,0,0,0,1,0,1,0,0,0,1,0,0,0,0,0,1,0,0
1,0,0,1,1,0,0,24.75,24.75,1,0,1,0,0,0,0,0,0,0,0,0,0,0,0,0,0,0,0,0,1,0
1,0,1,1,14,1,0,69.19999694824219,944.65,0,1,0,0,0,1,0,1,0,0,0,0,0,0,0,1,0,0,0,0,0,1
0,0,0,1,16,1,1,79.5,1264.2,0,1,0,1,0,0,0,0,0,0,0,1,0,0,0,0,0,1,0,1,0,0
0,0,0,0,49,1,0,100.6500015258789,4917.75,0,0,0,1,0,0,0,0,0,1,0,1,0,1,0,1,0,0,1,1,0,0
1,0,1,1,19,1,0,103.30000305175781,2012.7,1,1,0,1,0,0,0,0,0,1,0,1,0,1,0,1,0,0,0,0,1,0
0,0,1,1,70,1,0,79.69999694824219,5743.3,0,1,0,0,0,1,0,1,0,1,0,1,0,1,0,0,0,0,1,0,0,0
0,0,1,1,32,1,0,61.400001525878906,1864.65,0,0,0,0,0,1,0,1,0,0,0,1,0,0,0,0,0,0,0,0,0,0
0,0,0,0,18,1,1,69.80000305175781,1221.65,0,0,0,1,0,0,0,0,0,0,0,0,0,0,0,0,0,0,0,0,1,0
1,0,0,0,37,0,1,40.54999923706055,1390.85,0,0,1,0,0,1,0,1,0,0,0,1,0,0,0,0,0,0,1,0,0,1
0,0,0,0,4,1,1,75.6500015258789,302.35,0,1,0,1,0,0,0,0,0,0,0,0,0,0,0,0,0,0,0,0,1,0
0,0,1,0,16,1,0,90.69999694824219,1374.9,0,1,0,1,0,1,0,1,0,1,0,0,0,0,0,0,0,0,0,0,1,0
1,0,1,0,17,1,1,80.5,1336.9,0,1,0,1,0,0,0,1,0,0,0,0,0,0,0,0,0,0,0,0,0,0
0,0,0,1,19,1,1,60.599998474121094,1297.8,0,0,0,0,0,1,0,1,0,1,0,0,0,0,0,0,0,0,0,0,1,0
1,0,1,0,60,1,0,101.1500015258789,6067.4,0,1,0,1,0,0,0,0,0,1,0,0,0,1,0,1,0,0,1,1,0,0
1,0,1,1,51,1,1,24.950000762939453,1222.25,0,1,0,0,1,0,1,0,1,0,1,0,1,0,1,0,1,0,1,0,0,1
1,0,1,1,28,1,1,20.299999237060547,487.95,0,0,0,0,1,0,1,0,1,0,1,0,1,0,1,0,1,0,1,1,0,0
1,0,0,0,43,1,1,60.0,2548.55,0,0,0,0,0,0,0,1,0,0,0,0,0,0,0,1,0,0,1,0,1,0
1,0,1,0,42,1,0,20.25,835.5,0,0,0,0,1,0,1,0,1,0,1,0,1,0,1,0,1,0,1,0,1,0
1,0,0,0,3,1,1,78.5,242.05,1,0,0,1,0,0,0,0,0,0,0,0,0,1,0,0,0,0,0,0,1,0
0,0,0,0,1,1,0,44.75,44.75,0,0,0,0,0,0,0,0,0,0,0,0,0,0,0,0,0,0,0,0,0,1
0,0,0,0,3,1,0,19.850000381469727,63.75,1,0,0,0,1,0,1,0,1,0,1,0,1,0,1,0,1,0,0,0,0,1
0,0,0,0,63,1,0,98.0,6218.45,0,1,0,1,0,1,0,1,0,1,0,0,0,1,0,0,0,0,1,1,0,0
1,1,0,0,3,1,1,79.9000015258789,260.9,1,0,0,1,0,0,0,0,0,0,0,0,0,1,0,0,0,0,0,0,1,0
1,0,1,0,68,1,1,107.69999694824219,7320.9,0,1,0,1,0,1,0,1,0,0,0,1,0,1,0,1,0,0,0,0,1,0
0,1,0,0,30,1,1,99.69999694824219,2967.35,1,1,0,1,0,0,0,1,0,0,0,0,0,1,0,1,0,0,0,0,1,0
0,0,0,0,60,1,0,104.69999694824219,6333.8,0,1,0,1,0,0,0,1,0,1,0,0,0,1,0,1,0,0,1,0,1,0
1,0,0,0,15,1,1,58.599998474121094,939.7,1,1,0,0,0,0,0,1,0,0,0,1,0,0,0,0,0,0,0,1,0,0
1,1,0,0,45,1,1,93.9000015258789,4200.25,0,1,0,1,0,0,0,0,0,0,0,0,0,1,0,1,0,0,0,0,0,0
0,0,1,0,70,1,0,86.44999694824219,5950.2,0,0,0,0,0,1,0,1,0,1,0,1,0,1,0,1,0,0,1,1,0,0
1,0,1,0,10,1,1,98.5,1037.75,1,1,0,1,0,0,0,0,0,1,0,0,0,1,0,1,0,0,0,0,1,0
1,0,0,0,4,1,0,19.399999618530273,93.4,0,0,0,0,1,0,1,0,1,0,1,0,1,0,1,0,1,0,0,0,0,1
0,0,0,0,1,1,1,50.45000076293945,50.45,1,0,0,0,0,0,0,0,0,1,0,0,0,0,0,0,0,0,0,0,0,1
0,0,1,0,68,1,1,24.950000762939453,1614.9,0,1,0,0,1,0,1,0,1,0,1,0,1,0,1,0,1,0,1,1,0,0
1,0,1,1,22,1,0,75.0,1573.95,0,0,0,1,0,1,0,0,0,0,0,0,0,0,0,0,0,0,0,0,0,0
1,0,1,1,38,1,1,94.6500015258789,3624.3,1,1,0,1,0,0,0,1,0,1,0,0,0,1,0,0,0,0,0,0,1,0
0,0,0,0,1,1,1,100.25,100.25,1,1,0,1,0,0,0,1,0,0,0,0,0,1,0,1,0,0,0,1,0,0
1,0,1,0,18,1,0,78.19999694824219,1468.75,0,0,0,1,0,0,0,0,0,1,0,1,0,0,0,0,0,0,0,0,1,0
1,0,0,0,29,1,1,94.19999694824219,2607.6,0,0,0,1,0,0,0,0,0,0,0,1,0,1,0,1,0,0,0,0,1,0
0,0,0,0,16,1,1,88.44999694824219,1422.1,1,1,0,1,0,0,0,0,0,1,0,0,0,0,0,1,0,0,0,0,1,0
1,0,0,0,1,1,1,69.8499984741211,69.85,1,0,0,1,0,0,0,0,0,0,0,0,0,0,0,0,0,0,0,0,1,0
1,0,0,0,12,1,0,81.69999694824219,858.6,1,0,0,1,0,1,0,0,0,1,0,0,0,0,0,0,0,0,0,0,0,0
1,0,0,0,31,0,1,50.04999923706055,1523.4,0,0,1,0,0,0,0,0,0,1,0,0,0,1,0,1,0,1,0,0,1,0
1,0,0,0,4,1,1,79.9000015258789,324.3,1,0,0,1,0,0,0,0,0,0,0,0,0,0,0,1,0,0,0,0,1,0
0,0,1,0,48,1,1,69.55000305175781,3435.6,0,1,0,0,0,0,0,0,0,1,0,1,0,0,0,1,0,1,0,0,0,1
0,0,0,0,15,1,1,25.399999618530273,399.6,1,1,0,0,1,0,1,0,1,0,1,0,1,0,1,0,1,0,0,1,0,0
1,0,0,0,50,1,1,90.0999984741211,4549.45,0,0,0,1,0,1,0,1,0,1,0,1,0,0,0,0,0,1,0,1,0,0
1,0,0,0,7,1,1,44.650001525878906,322.5,0,0,0,0,0,0,0,0,0,0,0,0,0,0,0,0,0,0,0,0,0,0
1,1,1,0,41,1,1,83.75,3273.55,1,1,0,1,0,1,0,0,0,1,0,0,0,0,0,0,0,0,0,0,0,0
1,0,1,1,68,1,0,80.3499984741211,5375.15,0,0,0,1,0,1,0,0,0,1,0,0,0,0,0,0,0,0,1,1,0,0
0,1,1,0,26,1,1,98.0999984741211,2510.7,0,1,0,1,0,0,0,0,0,1,0,0,0,1,0,1,0,0,0,0,0,0
1,0,0,0,57,0,0,53.349998474121094,3090.05,0,0,1,0,0,0,0,0,0,1,0,1,0,1,0,1,0,0,1,1,0,0
0,0,0,0,3,1,0,19.549999237060547,61.05,0,0,0,0,1,0,1,0,1,0,1,0,1,0,1,0,1,0,0,0,1,0
0,0,0,0,1,1,0,20.899999618530273,20.9,1,0,0,0,1,0,1,0,1,0,1,0,1,0,1,0,1,0,0,0,0,1
1,0,1,1,19,1,1,48.95000076293945,955.6,0,0,0,0,0,1,0,0,0,0,0,0,0,0,0,0,0,1,0,0,0,0
0,0,0,0,3,1,1,54.20000076293945,140.4,0,0,0,0,0,0,0,0,0,0,0,0,0,1,0,0,0,0,0,0,1,0
0,0,0,0,59,1,0,24.450000762939453,1493.1,0,1,0,0,1,0,1,0,1,0,1,0,1,0,1,0,1,0,1,0,1,0
0,0,1,0,1,1,1,69.4000015258789,69.4,1,0,0,1,0,0,0,0,0,0,0,0,0,0,0,0,0,0,0,0,0,1
1,0,1,0,42,0,1,40.150001525878906,1626.05,0,0,1,0,0,1,0,0,0,0,0,0,0,1,0,0,0,0,0,0,0,0
0,0,0,0,7,1,1,74.9000015258789,541.15,1,1,0,1,0,0,0,0,0,0,0,0,0,0,0,0,0,0,0,0,1,0
1,0,1,0,67,1,0,25.600000381469727,1784.9,0,1,0,0,1,0,1,0,1,0,1,0,1,0,1,0,1,0,1,1,0,0
1,0,0,0,1,1,1,70.3499984741211,70.35,0,0,0,1,0,0,0,0,0,0,0,0,0,0,0,0,0,0,0,0,1,0
1,0,1,0,66,1,0,91.69999694824219,6075.9,0,1,0,0,0,1,0,1,0,1,0,1,0,1,0,1,0,0,1,0,0,0
0,0,0,0,61,1,0,89.19999694824219,5500.6,0,1,0,1,0,0,0,0,0,1,0,0,0,0,0,1,0,0,0,0,0,1
1,0,1,1,4,1,0,24.100000381469727,73.1,0,1,0,0,1,0,1,0,1,0,1,0,1,0,1,0,1,1,0,1,0,0
0,1,1,0,42,1,1,74.1500015258789,3229.4,1,0,0,1,0,1,0,0,0,0,0,0,0,0,0,0,0,0,0,1,0,0
0,0,1,1,64,1,1,53.849998474121094,3399.85,0,1,0,0,0,0,0,1,0,0,0,0,0,0,0,0,0,1,0,0,0,0
0,1,1,0,54,1,1,115.5999984741211,6431.05,0,1,0,1,0,1,0,1,0,1,0,1,0,1,0,1,0,1,0,0,0,0
1,0,0,0,1,1,1,19.75,19.75,0,0,0,0,1,0,1,0,1,0,1,0,1,0,1,0,1,0,0,1,0,0
1,0,1,1,54,1,1,24.049999237060547,1230.9,0,1,0,0,1,0,1,0,1,0,1,0,1,0,1,0,1,0,1,0,0,0
0,0,0,1,18,1,0,25.299999237060547,454.65,0,1,0,0,1,0,1,0,1,0,1,0,1,0,1,0,1,0,1,1,0,0
1,0,0,0,3,1,0,84.30000305175781,235.05,0,0,0,1,0,0,0,1,0,0,0,0,0,0,0,1,0,0,0,0,1,0
0,0,0,0,1,1,1,70.0999984741211,70.1,1,0,0,1,0,0,0,0,0,0,0,0,0,0,0,0,0,0,0,0,1,0
0,0,1,1,72,1,0,89.75,6595.9,0,1,0,0,0,1,0,1,0,1,0,1,0,1,0,1,0,0,1,1,0,0
1,1,1,0,60,1,1,97.94999694824219,5867.0,0,0,0,1,0,0,0,1,0,1,0,0,0,1,0,1,0,1,0,0,1,0
0,0,1,1,11,1,1,20.0,196.35,0,0,0,0,1,0,1,0,1,0,1,0,1,0,1,0,1,1,0,0,0,1
0,0,0,1,12,1,1,78.30000305175781,909.25,1,1,0,1,0,1,0,0,0,0,0,0,0,0,0,0,0,0,0,0,1,0
1,0,1,1,61,1,0,103.9000015258789,6449.15,0,0,0,1,0,0,0,1,0,1,0,1,0,1,0,1,0,1,0,1,0,0
0,0,0,0,39,1,0,20.700000762939453,762.45,0,0,0,0,1,0,1,0,1,0,1,0,1,0,1,0,1,0,1,1,0,0
1,0,0,0,55,1,1,96.80000305175781,5283.95,1,1,0,1,0,0,0,0,0,0,0,0,0,1,0,1,0,0,0,0,1,0
0,0,0,0,17,1,1,94.4000015258789,1617.5,1,1,0,1,0,1,0,1,0,0,0,0,0,1,0,0,0,0,0,0,1,0
1,0,0,0,37,1,0,20.149999618530273,785.75,0,0,0,0,1,0,1,0,1,0,1,0,1,0,1,0,1,1,0,1,0,0
0,0,1,0,72,1,1,26.0,1776.0,0,1,0,0,1,0,1,0,1,0,1,0,1,0,1,0,1,0,1,0,0,1
1,1,1,0,72,1,0,77.3499984741211,5396.25,0,1,0,0,0,0,0,1,0,1,0,1,0,1,0,0,0,0,1,1,0,0
0,0,0,0,8,1,0,66.05000305175781,574.5,0,0,0,0,0,1,0,0,0,0,0,1,0,0,0,1,0,0,0,0,0,0
0,0,1,1,22,1,0,19.899999618530273,400.3,0,0,0,0,1,0,1,0,1,0,1,0,1,0,1,0,1,0,0,0,0,1
0,0,0,0,1,1,0,84.30000305175781,84.3,1,0,0,1,0,0,0,1,0,0,0,0,0,1,0,0,0,0,0,0,1,0
0,0,0,0,38,1,0,68.1500015258789,2656.3,0,1,0,0,0,0,0,1,0,0,0,1,0,0,0,1,0,0,0,1,0,0
1,0,0,1,17,1,0,80.8499984741211,1445.95,0,0,0,0,0,0,0,1,0,1,0,1,0,1,0,1,0,1,0,0,1,0
0,1,0,0,70,1,1,75.5,5212.65,0,1,0,0,0,0,0,1,0,1,0,1,0,1,0,0,0,0,1,0,0,0
0,1,1,1,72,1,0,92.44999694824219,6440.25,1,1,0,0,0,1,0,1,0,1,0,1,0,1,0,1,0,0,1,1,0,0
0,0,0,0,28,1,1,80.5999984741211,2244.95,0,0,0,1,0,0,0,0,0,0,0,0,0,0,0,1,0,0,0,0,1,0
0,0,0,0,15,1,1,83.19999694824219,1130.0,0,0,0,1,0,0,0,1,0,0,0,0,0,1,0,0,0,0,0,0,0,0
1,0,1,1,72,1,1,87.55000305175781,6463.15,0,1,0,0,0,1,0,1,0,1,0,1,0,1,0,1,0,0,1,0,0,0
0,1,1,0,11,1,1,99.55000305175781,1131.2,1,1,0,1,0,0,0,0,0,1,0,0,0,1,0,1,0,0,0,0,1,0
1,1,0,0,8,1,1,81.25,585.95,1,1,0,1,0,0,0,0,0,1,0,0,0,0,0,0,0,0,0,0,1,0
0,0,1,0,57,1,1,109.4000015258789,6252.7,0,1,0,1,0,0,0,1,0,1,0,1,0,1,0,1,0,1,0,0,0,0
1,0,1,1,1,1,0,19.950000762939453,19.95,1,0,0,0,1,0,1,0,1,0,1,0,1,0,1,0,1,0,0,0,0,0
0,0,1,0,46,0,0,45.54999923706055,2062.15,0,0,1,0,0,1,0,1,0,0,0,0,0,1,0,0,0,0,0,0,1,0
1,0,1,0,30,1,0,20.700000762939453,587.1,0,0,0,0,1,0,1,0,1,0,1,0,1,0,1,0,1,1,0,1,0,0
1,1,1,0,10,1,0,75.30000305175781,720.45,0,0,0,1,0,1,0,0,0,0,0,0,0,0,0,0,0,0,0,0,1,0
1,0,1,0,23,1,1,99.25,2186.4,1,1,0,1,0,1,0,1,0,1,0,0,0,1,0,0,0,0,0,0,1,0
1,0,0,0,32,1,1,93.4000015258789,2979.3,0,0,0,1,0,1,0,1,0,1,0,0,0,0,0,1,0,0,0,1,0,0
1,0,0,0,13,1,1,73.75,956.65,0,0,0,1,0,1,0,0,0,0,0,0,0,0,0,0,0,0,0,1,0,0
0,0,0,0,39,1,1,80.44999694824219,3201.55,1,0,0,1,0,0,0,0,0,1,0,1,0,0,0,0,0,0,1,0,1,0
0,0,0,0,44,1,1,88.1500015258789,3973.2,0,0,0,1,0,0,0,1,0,1,0,0,0,1,0,0,0,0,0,1,0,0
1,1,0,0,9,1,0,49.20000076293945,447.9,0,0,0,0,0,0,0,0,0,0,0,1,0,0,0,0,0,0,0,0,0,1
0,0,1,0,67,1,0,19.649999618530273,1335.2,0,0,0,0,1,0,1,0,1,0,1,0,1,0,1,0,1,0,1,0,0,1
1,0,1,1,9,1,1,79.3499984741211,661.25,1,1,0,1,0,0,0,0,0,1,0,0,0,0,0,0,0,0,0,0,0,0
0,0,0,0,15,1,1,79.75,1111.85,1,1,0,1,0,0,0,1,0,0,0,0,0,0,0,0,0,0,0,0,1,0
0,0,1,0,71,1,1,105.1500015258789,7555.0,0,1,0,1,0,0,0,1,0,1,0,0,0,1,0,1,0,0,1,0,0,0
1,0,0,0,1,1,0,49.0,49.0,0,0,0,0,0,0,0,0,0,0,0,1,0,0,0,0,0,0,0,1,0,0
0,0,1,1,30,1,1,100.05000305175781,3046.15,1,1,0,1,0,0,0,0,0,1,0,0,0,1,0,1,0,0,0,0,1,0
1,0,0,0,1,1,1,69.3499984741211,69.35,1,0,0,1,0,0,0,0,0,0,0,0,0,0,0,0,0,0,0,0,1,0
1,0,1,0,17,0,1,49.79999923706055,836.35,0,0,1,0,0,0,0,1,0,0,0,0,0,1,0,1,0,0,0,0,0,1
0,0,0,0,3,1,0,85.80000305175781,272.2,1,0,0,1,0,0,0,0,0,0,0,1,0,0,0,1,0,0,0,0,1,0
1,0,1,1,67,1,1,79.69999694824219,5293.4,1,1,0,0,0,1,0,0,0,1,0,0,0,1,0,1,0,0,1,0,1,0
1,0,0,0,1,1,0,20.950000762939453,20.95,0,0,0,0,1,0,1,0,1,0,1,0,1,0,1,0,1,0,0,0,0,0
0,1,0,0,1,1,0,50.54999923706055,50.55,1,1,0,0,0,0,0,0,0,0,0,0,0,0,0,0,0,0,0,0,0,1
0,1,1,0,32,1,0,79.30000305175781,2570.0,0,1,0,1,0,0,0,0,0,1,0,0,0,0,0,0,0,0,0,0,0,1
1,0,1,1,41,1,0,19.5,798.2,0,0,0,0,1,0,1,0,1,0,1,0,1,0,1,0,1,1,0,0,0,0
1,0,1,0,1,1,1,80.55000305175781,80.55,1,0,0,1,0,0,0,0,0,0,0,0,0,1,0,0,0,0,0,0,1,0
0,0,0,0,1,1,0,44.150001525878906,44.15,0,0,0,0,0,0,0,0,0,0,0,0,0,0,0,0,0,0,0,0,0,0
0,0,1,1,12,1,1,84.5,916.9,1,1,0,1,0,0,0,1,0,1,0,0,0,0,0,0,0,0,0,0,1,0
1,0,1,1,62,1,1,105.5,6487.2,0,1,0,1,0,1,0,1,0,0,0,0,0,1,0,1,0,0,0,0,1,0
0,0,0,0,22,1,1,84.30000305175781,1855.65,1,0,0,1,0,0,0,1,0,0,0,0,0,0,0,1,0,0,0,0,0,1
0,0,0,1,17,1,1,92.69999694824219,1556.85,0,1,0,1,0,0,0,1,0,1,0,1,0,0,0,0,0,0,0,1,0,0
0,0,1,1,72,1,1,26.25,1988.05,0,1,0,0,1,0,1,0,1,0,1,0,1,0,1,0,1,0,1,0,0,0
1,0,1,1,56,1,1,96.94999694824219,5432.2,0,1,0,1,0,0,0,1,0,0,0,1,0,1,0,0,0,0,0,1,0,0
0,0,0,0,9,1,1,20.450000762939453,147.55,0,0,0,0,1,0,1,0,1,0,1,0,1,0,1,0,1,0,0,1,0,0
1,0,1,0,72,1,1,115.80000305175781,8424.9,0,1,0,1,0,1,0,1,0,1,0,1,0,1,0,1,0,0,1,0,0,0
1,0,0,0,20,1,1,108.19999694824219,2203.7,0,0,0,1,0,1,0,1,0,1,0,1,0,1,0,1,0,0,0,0,0,0
1,0,1,1,19,1,0,20.200000762939453,387.4,0,0,0,0,1,0,1,0,1,0,1,0,1,0,1,0,1,0,1,0,0,1
1,0,0,0,2,1,1,67.75,116.65,1,0,0,1,0,0,0,0,0,0,0,0,0,0,0,0,0,0,0,0,1,0
1,0,0,0,53,0,0,54.900001525878906,3045.75,0,0,1,0,0,0,0,0,0,1,0,1,0,1,0,1,0,1,0,1,0,0
0,1,0,0,27,1,1,85.25,2287.25,1,1,0,1,0,0,0,0,0,0,0,0,0,0,0,1,0,0,0,0,1,0
1,0,0,0,6,1,0,20.149999618530273,130.5,0,0,0,0,1,0,1,0,1,0,1,0,1,0,1,0,1,0,0,0,0,0
1,0,1,1,9,1,1,90.3499984741211,767.9,0,1,0,1,0,0,0,0,0,1,0,0,0,1,0,0,0,1,0,0,1,0
0,0,1,1,8,1,0,55.75,446.8,0,1,0,0,0,0,0,1,0,0,0,0,0,0,0,0,0,0,0,0,1,0
0,0,1,1,71,1,0,114.5999984741211,8100.25,0,1,0,1,0,1,0,1,0,1,0,1,0,1,0,1,0,0,1,0,0,0
0,0,0,0,10,1,1,80.05000305175781,830.7,1,1,0,1,0,0,0,1,0,0,0,0,0,0,0,0,0,0,0,0,0,0
1,0,0,0,1,1,0,20.0,20.0,1,0,0,0,1,0,1,0,1,0,1,0,1,0,1,0,1,0,0,0,0,1
0,0,1,0,71,0,0,66.80000305175781,4689.15,0,0,1,0,0,1,0,1,0,1,0,1,0,1,0,1,0,1,0,0,0,0
1,0,1,0,68,1,1,100.30000305175781,6754.35,0,0,0,1,0,0,0,1,0,0,0,1,0,1,0,1,0,1,0,0,1,0
1,0,0,0,34,1,1,105.3499984741211,3540.65,0,1,0,1,0,0,0,1,0,0,0,1,0,1,0,1,0,0,0,0,1,0
1,0,0,0,26,1,1,85.19999694824219,2184.6,0,0,0,1,0,0,0,1,0,1,0,1,0,0,0,0,0,1,0,0,1,0
0,0,0,0,22,1,1,48.79999923706055,1054.6,1,0,0,0,0,1,0,0,0,0,0,0,0,0,0,0,0,0,0,1,0,0
1,0,0,0,7,1,1,18.950000762939453,130.55,0,0,0,0,1,0,1,0,1,0,1,0,1,0,1,0,1,0,0,0,0,1
0,0,1,0,20,1,1,69.80000305175781,1540.35,0,0,0,1,0,0,0,0,0,0,0,0,0,0,0,0,0,0,0,0,0,0
0,0,1,0,60,1,1,106.1500015258789,6411.25,0,1,0,1,0,0,0,1,0,1,0,0,0,1,0,1,0,0,0,0,1,0
1,0,1,1,72,1,0,20.549999237060547,1432.55,0,0,0,0,1,0,1,0,1,0,1,0,1,0,1,0,1,0,1,0,1,0
0,1,1,0,72,1,1,105.75,7629.85,0,1,0,1,0,0,0,1,0,1,0,0,0,1,0,1,0,1,0,1,0,0
1,0,0,0,4,1,0,25.25,101.9,0,1,0,0,1,0,1,0,1,0,1,0,1,0,1,0,1,0,0,0,0,1
1,0,1,1,16,1,0,19.75,313.4,0,0,0,0,1,0,1,0,1,0,1,0,1,0,1,0,1,0,0,0,1,0
0,1,1,0,62,1,1,104.8499984741211,6312.9,0,1,0,1,0,1,0,0,0,1,0,0,0,1,0,1,0,1,0,0,1,0
0,0,0,0,10,1,1,60.95000076293945,629.55,0,0,0,0,0,0,0,0,0,0,0,1,0,0,0,1,0,0,0,0,0,1
1,0,0,0,31,1,1,81.1500015258789,2640.55,0,1,0,1,0,0,0,1,0,0,0,0,0,0,0,0,0,0,0,0,1,0
0,0,1,0,71,1,0,19.100000381469727,1372.45,0,0,0,0,1,0,1,0,1,0,1,0,1,0,1,0,1,0,1,1,0,0
1,0,0,0,58,1,0,20.799999237060547,1212.25,0,0,0,0,1,0,1,0,1,0,1,0,1,0,1,0,1,0,1,0,0,1
1,0,1,1,70,1,1,90.1500015258789,6237.05,0,1,0,0,0,1,0,1,0,1,0,1,0,1,0,1,0,0,1,1,0,0
0,0,1,0,71,1,0,90.0999984741211,6310.9,0,1,0,0,0,1,0,1,0,1,0,1,0,1,0,1,0,0,1,0,1,0
1,1,0,0,69,1,0,74.0999984741211,5031.0,0,1,0,0,0,1,0,0,0,1,0,1,0,0,0,1,0,0,1,1,0,0
0,1,0,0,1,1,1,85.05000305175781,85.05,1,1,0,1,0,0,0,0,0,0,0,0,0,0,0,1,0,0,0,0,1,0
0,0,1,1,72,1,1,118.75,8672.45,0,1,0,1,0,1,0,1,0,1,0,1,0,1,0,1,0,0,1,0,0,0
0,0,1,0,26,1,0,85.9000015258789,2196.45,0,0,0,1,0,0,0,0,0,0,0,1,0,0,0,1,0,0,0,1,0,0
0,0,1,0,33,1,1,95.0,3008.15,0,1,0,1,0,0,0,0,0,1,0,1,0,0,0,1,0,0,0,1,0,0
0,0,1,1,10,1,0,20.149999618530273,220.8,0,0,0,0,1,0,1,0,1,0,1,0,1,0,1,0,1,0,1,0,0,1
0,1,0,0,57,1,0,101.30000305175781,5779.6,0,1,0,1,0,1,0,0,0,1,0,1,0,0,0,1,0,0,1,1,0,0
0,0,0,0,10,1,1,21.200000762939453,222.65,0,0,0,0,1,0,1,0,1,0,1,0,1,0,1,0,1,0,0,0,1,0
0,0,1,1,39,1,1,24.200000762939453,914.6,0,1,0,0,1,0,1,0,1,0,1,0,1,0,1,0,1,1,0,0,0,1
0,0,0,0,11,1,0,20.299999237060547,246.3,0,0,0,0,1,0,1,0,1,0,1,0,1,0,1,0,1,0,0,0,0,0
0,0,1,1,21,1,1,102.80000305175781,2110.15,1,0,0,1,0,0,0,1,0,1,0,1,0,1,0,1,0,0,0,0,1,0
0,0,1,1,68,1,0,85.30000305175781,5560.0,0,1,0,0,0,0,0,1,0,1,0,1,0,1,0,1,0,0,1,0,0,0
1,0,0,0,18,1,1,89.5999984741211,1633.0,0,1,0,1,0,0,0,0,0,1,0,0,0,1,0,0,0,1,0,1,0,0
0,0,0,0,6,1,1,99.94999694824219,547.65,1,0,0,1,0,0,0,0,0,1,0,1,0,1,0,1,0,0,0,0,0,1
1,0,0,0,18,1,0,56.25,969.85,0,1,0,0,0,1,0,0,0,0,0,0,0,0,0,0,0,0,0,0,0,1
0,0,1,1,52,1,1,50.95000076293945,2610.65,0,0,0,0,0,0,0,0,0,1,0,0,0,0,0,0,0,1,0,0,0,0
1,0,1,1,56,1,0,115.8499984741211,6567.9,0,1,0,1,0,1,0,1,0,1,0,1,0,1,0,1,0,0,1,0,0,1
1,0,0,0,45,1,1,103.6500015258789,4747.85,0,1,0,1,0,0,0,0,0,1,0,1,0,1,0,1,0,0,0,0,0,0
0,0,0,0,67,1,1,26.100000381469727,1759.55,0,1,0,0,1,0,1,0,1,0,1,0,1,0,1,0,1,0,1,0,0,1
1,0,1,0,3,0,0,35.099998474121094,101.1,0,0,1,0,0,1,0,0,0,0,0,1,0,0,0,0,0,0,0,0,0,1
1,1,0,0,65,1,1,99.0999984741211,6496.15,0,0,0,1,0,0,0,1,0,1,0,0,0,1,0,1,0,0,0,0,0,0
1,0,1,0,63,1,0,67.25,4234.15,0,1,0,0,0,0,0,1,0,0,0,1,0,0,0,1,0,0,1,0,0,1
0,0,1,1,11,1,0,25.0,300.7,0,1,0,0,1,0,1,0,1,0,1,0,1,0,1,0,1,0,1,0,0,1
1,0,0,1,1,1,1,59.54999923706055,59.55,0,0,0,0,0,0,0,0,0,0,0,1,0,0,0,1,0,0,0,0,0,1
1,0,0,0,55,1,1,77.80000305175781,4323.35,0,1,0,0,0,0,0,0,0,1,0,0,0,1,0,1,0,0,1,0,0,0
1,0,1,1,25,1,1,55.099998474121094,1466.1,0,1,0,0,0,0,0,0,0,0,0,1,0,0,0,0,0,1,0,0,0,1
1,0,1,0,72,1,1,117.80000305175781,8684.8,1,1,0,1,0,1,0,1,0,1,0,1,0,1,0,1,0,1,0,0,0,0
0,0,1,0,72,1,1,24.149999618530273,1776.45,0,1,0,0,1,0,1,0,1,0,1,0,1,0,1,0,1,0,1,1,0,0
0,0,0,1,65,0,0,45.25,2933.95,0,0,1,0,0,0,0,1,0,0,0,1,0,1,0,0,0,0,1,0,0,1
0,1,0,0,54,1,1,79.5,4370.25,1,1,0,1,0,0,0,1,0,0,0,0,0,0,0,0,0,0,0,0,1,0
1,0,1,1,7,1,0,20.25,144.35,0,0,0,0,1,0,1,0,1,0,1,0,1,0,1,0,1,0,0,0,0,1
0,0,1,0,72,1,0,64.75,4804.75,0,1,0,0,0,1,0,1,0,0,0,1,0,0,0,0,0,0,1,0,0,0
1,0,1,0,21,1,0,54.599998474121094,1125.2,0,0,0,0,0,0,0,0,0,0,0,0,0,1,0,0,0,0,0,0,0,0
0,0,0,0,2,1,1,20.700000762939453,39.85,0,0,0,0,1,0,1,0,1,0,1,0,1,0,1,0,1,0,0,0,0,0
1,1,0,0,4,1,1,94.75,422.4,0,0,0,1,0,0,0,0,0,1,0,0,0,1,0,1,0,0,0,0,1,0
1,0,1,0,3,1,1,79.6500015258789,251.75,1,1,0,1,0,0,0,0,0,0,0,1,0,0,0,0,0,0,0,0,0,0
1,0,1,0,72,1,0,115.80000305175781,8332.15,0,1,0,1,0,1,0,1,0,1,0,1,0,1,0,1,0,0,1,1,0,0
0,0,0,0,6,1,1,49.45000076293945,314.6,0,0,0,0,0,1,0,0,0,0,0,0,0,0,0,0,0,0,0,0,1,0
1,0,0,0,52,1,1,83.80000305175781,4331.4,0,0,0,1,0,0,0,0,0,1,0,0,0,0,0,1,0,0,0,1,0,0
1,1,1,0,69,1,1,95.3499984741211,6382.0,0,1,0,1,0,0,0,1,0,1,0,0,0,0,0,1,0,0,0,0,0,0
1,0,0,0,8,1,1,94.69999694824219,740.3,1,0,0,1,0,0,0,0,0,1,0,0,0,1,0,1,0,0,0,0,1,0
0,1,0,0,8,1,1,74.05000305175781,600.15,0,0,0,1,0,0,0,0,0,1,0,0,0,0,0,0,0,0,0,0,0,0
0,1,0,0,63,1,1,89.5999984741211,5538.8,0,1,0,1,0,0,0,0,0,1,0,0,0,0,0,1,0,0,0,0,0,0
1,0,0,0,60,1,1,116.5999984741211,7049.5,0,1,0,1,0,1,0,1,0,1,0,1,0,1,0,1,0,1,0,1,0,0
0,0,1,0,12,1,0,54.20000076293945,690.5,0,0,0,0,0,1,0,0,0,0,0,1,0,0,0,0,0,0,0,0,0,0
0,0,0,0,13,1,1,19.299999237060547,279.3,0,0,0,0,1,0,1,0,1,0,1,0,1,0,1,0,1,0,0,0,0,1
1,0,0,0,22,1,0,65.05000305175781,1427.55,0,1,0,0,0,1,0,1,0,1,0,0,0,0,0,0,0,0,0,0,0,1
1,0,0,0,5,1,1,92.5,452.7,1,1,0,1,0,0,0,0,0,1,0,0,0,1,0,0,0,0,0,0,1,0
0,0,1,1,1,1,0,19.450000762939453,19.45,1,0,0,0,1,0,1,0,1,0,1,0,1,0,1,0,1,0,0,0,0,1
0,0,1,1,72,1,1,24.049999237060547,1709.15,0,1,0,0,1,0,1,0,1,0,1,0,1,0,1,0,1,0,1,0,0,0
0,0,0,0,2,1,0,18.75,53.15,0,0,0,0,1,0,1,0,1,0,1,0,1,0,1,0,1,0,0,0,0,0
0,0,1,1,40,1,0,20.149999618530273,777.35,0,0,0,0,1,0,1,0,1,0,1,0,1,0,1,0,1,0,1,0,0,0
1,0,1,1,44,1,0,20.0,860.85,0,0,0,0,1,0,1,0,1,0,1,0,1,0,1,0,1,1,0,0,0,0
1,1,1,0,71,1,1,71.0,5012.1,0,0,0,0,0,1,0,1,0,0,0,1,0,1,0,0,0,1,0,0,0,0
0,0,0,0,2,1,1,75.55000305175781,166.3,1,1,0,1,0,0,0,0,0,0,0,0,0,0,0,0,0,0,0,0,1,0
1,1,0,0,26,1,1,93.5999984741211,2404.1,0,1,0,1,0,0,0,0,0,0,0,0,0,1,0,1,0,0,0,0,1,0
1,0,1,1,1,1,1,70.0,70.0,1,0,0,1,0,0,0,0,0,0,0,0,0,0,0,0,0,0,0,0,1,0
0,0,0,0,1,0,0,24.399999618530273,24.4,0,0,1,0,0,0,0,0,0,0,0,0,0,0,0,0,0,0,0,0,0,1
1,0,1,1,65,1,1,74.80000305175781,4820.15,1,0,0,0,0,1,0,0,0,0,0,1,0,1,0,1,0,0,1,0,0,0
1,0,0,0,3,1,1,65.25,209.9,0,1,0,0,0,0,0,0,0,0,0,1,0,1,0,0,0,0,0,0,0,1
1,0,0,0,13,1,1,50.54999923706055,610.75,0,0,0,0,0,0,0,0,0,0,0,1,0,0,0,0,0,0,0,0,0,1
0,0,1,0,33,1,1,104.4000015258789,3409.6,1,1,0,1,0,0,0,1,0,1,0,0,0,1,0,1,0,0,0,0,1,0
0,0,0,0,1,1,1,70.69999694824219,70.7,0,0,0,1,0,0,0,0,0,0,0,0,0,0,0,0,0,0,0,0,0,1
1,0,1,1,4,1,0,45.25,155.35,0,0,0,0,0,0,0,0,0,0,0,0,0,0,0,0,0,0,0,0,0,1
1,0,0,0,2,1,1,70.30000305175781,144.0,0,0,0,1,0,0,0,0,0,0,0,0,0,0,0,0,0,0,0,0,1,0
1,0,1,0,72,1,1,108.94999694824219,7875.0,0,1,0,1,0,1,0,1,0,0,0,1,0,1,0,1,0,0,1,1,0,0
0,0,1,1,37,1,0,26.450000762939453,911.6,0,1,0,0,1,0,1,0,1,0,1,0,1,0,1,0,1,0,0,0,0,1
0,0,0,0,15,1,0,86.19999694824219,1270.2,1,0,0,1,0,1,0,0,0,0,0,0,0,1,0,0,0,0,0,0,1,0
0,0,0,0,23,1,1,19.649999618530273,478.1,0,0,0,0,1,0,1,0,1,0,1,0,1,0,1,0,1,1,0,1,0,0
0,0,1,1,30,0,0,51.20000076293945,1561.5,1,0,1,0,0,0,0,0,0,0,0,1,0,1,0,1,0,0,0,1,0,0
0,0,1,1,42,1,1,19.049999237060547,761.85,0,0,0,0,1,0,1,0,1,0,1,0,1,0,1,0,1,1,0,0,1,0
0,0,0,0,32,1,0,74.75,2282.95,0,1,0,0,0,1,0,0,0,0,0,0,0,1,0,1,0,1,0,0,0,1
0,0,1,1,22,1,1,75.80000305175781,1615.1,0,1,0,1,0,0,0,0,0,0,0,0,0,0,0,0,0,0,0,0,0,0
1,0,1,0,42,0,1,25.100000381469727,1097.15,0,0,1,0,0,0,0,0,0,0,0,0,0,0,0,0,0,0,0,1,0,0
0,0,0,0,8,1,0,44.45000076293945,369.3,0,0,0,0,0,0,0,0,0,0,0,0,0,0,0,0,0,0,0,0,0,1
0,0,1,1,65,1,1,104.30000305175781,6725.3,0,1,0,1,0,1,0,0,0,1,0,0,0,1,0,1,0,0,1,1,0,0
0,0,0,0,2,1,0,19.5,31.55,1,0,0,0,1,0,1,0,1,0,1,0,1,0,1,0,1,0,0,0,0,1
0,0,1,1,70,1,1,89.0,6293.2,0,1,0,0,0,1,0,1,0,1,0,1,0,1,0,1,0,0,1,0,0,0
1,0,0,1,22,1,0,20.149999618530273,432.5,0,0,0,0,1,0,1,0,1,0,1,0,1,0,1,0,1,0,0,1,0,0
0,1,0,0,4,1,1,74.9000015258789,321.75,1,1,0,1,0,0,0,0,0,0,0,0,0,0,0,0,0,0,0,0,1,0
0,0,0,0,2,1,0,74.9000015258789,147.15,1,1,0,1,0,0,0,0,0,0,0,0,0,0,0,0,0,0,0,1,0,0
0,0,1,1,67,0,0,36.150001525878906,2434.45,0,0,1,0,0,1,0,1,0,0,0,0,0,0,0,0,0,0,1,0,0,0
0,0,0,0,25,1,1,19.200000762939453,532.1,0,0,0,0,1,0,1,0,1,0,1,0,1,0,1,0,1,0,0,1,0,0
0,0,1,0,20,1,0,19.25,375.25,0,0,0,0,1,0,1,0,1,0,1,0,1,0,1,0,1,0,0,0,0,0
0,0,0,1,2,1,1,61.20000076293945,125.95,0,0,0,0,0,1,0,0,0,0,0,0,0,0,0,1,0,0,0,1,0,0
1,0,0,0,51,1,0,20.450000762939453,1042.65,0,0,0,0,1,0,1,0,1,0,1,0,1,0,1,0,1,0,1,0,0,1
0,0,1,1,46,0,0,35.04999923706055,1620.25,0,0,1,0,0,1,0,1,0,0,0,0,0,0,0,0,0,0,0,0,0,0
0,0,0,0,25,1,1,100.25,2387.75,1,1,0,1,0,0,0,1,0,0,0,0,0,1,0,1,0,0,0,0,1,0
1,0,0,1,13,1,0,44.0,659.35,0,0,0,0,0,0,0,0,0,0,0,0,0,0,0,0,0,0,0,0,0,1
0,1,0,0,25,1,1,102.80000305175781,2660.2,1,1,0,1,0,1,0,1,0,0,0,0,0,1,0,1,0,0,0,0,0,1
1,0,1,1,26,1,0,50.349998474121094,1285.8,0,0,0,0,0,0,0,0,0,1,0,0,0,0,0,0,0,1,0,0,0,1
1,0,0,0,43,1,1,100.0,4211.55,1,1,0,1,0,0,0,0,0,0,0,1,0,1,0,1,0,1,0,0,1,0
1,0,0,1,19,1,1,20.0,377.55,0,0,0,0,1,0,1,0,1,0,1,0,1,0,1,0,1,0,0,0,1,0
1,0,1,0,10,1,1,99.8499984741211,990.9,1,0,0,1,0,0,0,1,0,0,0,1,0,1,0,1,0,0,0,0,1,0
0,0,0,1,2,1,1,94.19999694824219,193.8,1,1,0,1,0,0,0,0,0,0,0,0,0,1,0,1,0,0,0,0,0,0
0,0,1,0,72,1,1,86.4000015258789,6058.95,0,1,0,0,0,1,0,1,0,0,0,1,0,1,0,1,0,0,1,0,0,0
1,1,0,0,18,1,1,58.400001525878906,964.9,0,1,0,0,0,1,0,1,0,0,0,0,0,0,0,0,0,0,0,1,0,0
1,1,0,0,9,1,1,83.8499984741211,790.15,1,1,0,1,0,0,0,0,0,0,0,0,0,0,0,1,0,0,0,0,1,0
0,1,0,0,27,1,0,88.30000305175781,2467.75,1,1,0,1,0,0,0,0,0,1,0,0,0,0,0,1,0,0,0,1,0,0
1,0,0,0,24,1,1,94.0999984741211,2322.85,0,1,0,1,0,0,0,0,0,0,0,0,0,1,0,1,0,0,0,0,1,0
1,0,0,0,69,1,1,104.05000305175781,7262.0,1,0,0,1,0,0,0,1,0,1,0,1,0,1,0,1,0,1,0,0,0,0
0,0,1,0,46,1,1,108.9000015258789,4854.3,0,1,0,1,0,0,0,1,0,1,0,1,0,1,0,1,0,0,1,1,0,0
0,1,0,0,72,1,1,107.4000015258789,7748.75,0,1,0,1,0,1,0,1,0,1,0,1,0,0,0,1,0,0,1,0,0,0
1,0,1,0,22,1,1,94.69999694824219,1914.9,1,0,0,1,0,0,0,0,0,1,0,0,0,1,0,1,0,0,0,1,0,0
0,1,1,0,70,1,1,90.8499984741211,6470.1,0,1,0,1,0,1,0,0,0,0,0,0,0,0,0,1,0,0,0,0,1,0
0,0,0,0,2,1,0,19.899999618530273,57.4,0,0,0,0,1,0,1,0,1,0,1,0,1,0,1,0,1,0,0,0,1,0
1,0,1,0,31,1,1,66.4000015258789,2019.8,0,0,0,0,0,0,0,0,0,1,0,1,0,0,0,1,0,0,0,1,0,0
0,1,1,0,56,1,1,100.6500015258789,5688.05,1,1,0,1,0,0,0,0,0,1,0,0,0,1,0,1,0,0,0,0,0,0
0,0,1,1,16,1,0,100.69999694824219,1522.7,0,0,0,1,0,1,0,0,0,1,0,0,0,1,0,1,0,0,0,0,0,0
1,0,0,1,52,1,0,25.600000381469727,1334.5,0,1,0,0,1,0,1,0,1,0,1,0,1,0,1,0,1,0,1,1,0,0
1,0,1,1,13,1,1,19.850000381469727,252.0,0,0,0,0,1,0,1,0,1,0,1,0,1,0,1,0,1,0,0,0,0,1
0,0,0,0,35,1,0,20.75,700.45,0,0,0,0,1,0,1,0,1,0,1,0,1,0,1,0,1,1,0,0,0,1
0,0,0,0,59,1,0,95.80000305175781,5655.45,0,0,0,1,0,0,0,0,0,1,0,0,0,1,0,1,0,0,1,0,1,0
1,0,1,0,72,1,1,94.6500015258789,6747.35,0,0,0,1,0,0,0,0,0,1,0,0,0,1,0,1,0,0,0,0,1,0
0,1,1,0,66,1,1,80.55000305175781,5265.1,1,1,0,0,0,0,0,1,0,1,0,0,0,1,0,1,0,0,1,0,0,0
0,0,1,0,49,1,0,106.6500015258789,5174.35,0,1,0,1,0,1,0,1,0,1,0,1,0,0,0,1,0,0,1,1,0,0
0,0,0,0,2,1,1,45.849998474121094,105.6,0,0,0,0,0,0,0,0,0,0,0,0,0,0,0,0,0,0,0,0,0,1
1,1,0,0,21,1,1,104.3499984741211,2271.85,0,1,0,1,0,0,0,1,0,1,0,0,0,1,0,1,0,0,0,0,1,0
1,1,0,0,54,0,1,55.45000076293945,2966.95,0,0,1,0,0,0,0,1,0,1,0,0,0,1,0,1,0,1,0,0,1,0
1,1,1,0,24,1,1,78.8499984741211,1772.25,1,1,0,1,0,1,0,0,0,0,0,0,0,0,0,0,0,0,0,0,1,0
1,0,0,0,1,1,0,61.150001525878906,61.15,0,1,0,0,0,1,0,1,0,0,0,0,0,0,0,0,0,0,0,0,1,0
1,0,0,0,6,1,1,78.94999694824219,494.95,0,0,0,1,0,1,0,1,0,0,0,0,0,0,0,0,0,0,0,0,1,0
0,0,0,0,1,1,1,44.45000076293945,44.45,1,0,0,0,0,0,0,0,0,0,0,0,0,0,0,0,0,0,0,0,0,1
1,0,0,1,49,1,1,109.19999694824219,5290.45,0,1,0,1,0,1,0,1,0,1,0,0,0,1,0,1,0,1,0,1,0,0
0,0,1,1,56,1,1,61.29999923706055,3346.8,0,0,0,0,0,1,0,1,0,1,0,0,0,0,0,0,0,0,1,1,0,0
0,1,0,0,56,1,1,96.8499984741211,5219.65,0,1,0,1,0,1,0,1,0,0,0,0,0,0,0,1,0,0,0,0,1,0
0,0,1,1,6,0,0,40.54999923706055,217.5,0,0,1,0,0,0,0,1,0,1,0,1,0,0,0,0,0,0,1,0,0,1
1,0,0,0,32,1,0,19.799999237060547,607.7,0,0,0,0,1,0,1,0,1,0,1,0,1,0,1,0,1,1,0,0,0,1
1,0,1,1,50,1,1,108.25,5431.4,0,1,0,1,0,1,0,1,0,1,0,0,0,1,0,1,0,1,0,0,1,0
1,0,1,1,58,1,1,105.05000305175781,6004.85,0,1,0,1,0,0,0,0,0,1,0,1,0,1,0,1,0,1,0,0,0,0
0,0,1,1,65,1,1,90.44999694824219,5957.9,0,1,0,0,0,1,0,1,0,1,0,1,0,1,0,1,0,0,1,0,0,1
0,0,0,0,64,1,1,86.4000015258789,5442.05,0,1,0,0,0,1,0,1,0,1,0,1,0,1,0,1,0,0,1,1,0,0
0,0,1,0,66,1,0,66.9000015258789,4370.25,0,1,0,0,0,1,0,1,0,1,0,0,0,0,0,0,0,0,1,0,0,0
1,0,1,0,38,1,1,110.69999694824219,4428.6,0,1,0,1,0,1,0,0,0,1,0,1,0,1,0,1,0,1,0,0,1,0
0,0,1,0,20,1,1,20.0,416.45,0,0,0,0,1,0,1,0,1,0,1,0,1,0,1,0,1,1,0,0,0,1
1,0,0,0,36,1,1,84.9000015258789,3067.2,1,1,0,1,0,0,0,0,0,0,0,0,0,0,0,1,0,0,0,0,1,0
1,1,0,0,64,1,0,102.0999984741211,6688.1,0,1,0,1,0,0,0,0,0,1,0,1,0,1,0,1,0,1,0,0,1,0
1,0,0,0,1,1,0,20.25,20.25,1,0,0,0,1,0,1,0,1,0,1,0,1,0,1,0,1,0,0,0,0,1
0,0,0,0,60,1,1,70.1500015258789,4224.7,0,0,0,0,0,0,0,1,0,1,0,1,0,1,0,0,0,1,0,1,0,0
1,0,0,0,1,1,1,74.3499984741211,74.35,1,0,0,1,0,0,0,1,0,0,0,0,0,0,0,0,0,0,0,0,1,0
0,0,1,1,50,1,1,80.05000305175781,4042.2,0,1,0,0,0,1,0,1,0,1,0,1,0,0,0,1,0,1,0,0,0,0
1,0,0,0,1,1,0,62.04999923706055,62.05,1,1,0,0,0,0,0,0,0,1,0,1,0,0,0,0,0,0,0,0,0,1
0,0,1,0,72,0,1,49.20000076293945,3580.95,0,0,1,0,0,1,0,1,0,1,0,0,0,0,0,1,0,0,1,0,1,0
1,0,1,0,60,1,1,20.5,1198.8,0,0,0,0,1,0,1,0,1,0,1,0,1,0,1,0,1,0,1,0,0,0
1,0,0,0,46,0,0,38.25,1755.35,0,0,1,0,0,1,0,0,0,1,0,1,0,0,0,0,0,0,1,0,0,1
0,0,1,1,69,0,1,54.95000076293945,3772.5,0,0,1,0,0,0,0,1,0,1,0,0,0,1,0,1,0,0,1,1,0,0
1,1,0,0,31,1,1,96.5999984741211,2877.95,0,1,0,1,0,0,0,0,0,1,0,1,0,1,0,0,0,0,0,0,0,0
1,0,1,1,19,1,0,19.899999618530273,357.7,0,0,0,0,1,0,1,0,1,0,1,0,1,0,1,0,1,1,0,0,0,1
0,0,1,1,71,1,0,19.899999618530273,1397.3,0,0,0,0,1,0,1,0,1,0,1,0,1,0,1,0,1,0,1,1,0,0
1,0,1,0,12,1,1,84.5999984741211,959.9,0,0,0,1,0,1,0,1,0,1,0,0,0,0,0,0,0,0,0,0,1,0
1,0,1,1,39,1,0,80.0,3182.95,1,0,0,0,0,1,0,0,0,1,0,1,0,1,0,1,0,1,0,1,0,0
1,0,0,0,44,1,1,85.25,3704.15,0,1,0,0,0,0,0,1,0,1,0,1,0,1,0,1,0,1,0,0,0,0
0,0,1,1,56,1,0,81.25,4620.4,0,1,0,0,0,1,0,1,0,1,0,1,0,1,0,0,0,0,1,1,0,0
0,0,1,0,72,1,1,115.5,8312.75,0,1,0,1,0,1,0,1,0,1,0,1,0,1,0,1,0,0,1,0,0,0
1,0,0,0,5,1,0,104.0999984741211,541.9,1,1,0,1,0,0,0,1,0,1,0,0,0,1,0,1,0,0,0,0,0,1
0,0,0,0,11,1,1,79.0,929.3,0,1,0,1,0,1,0,0,0,0,0,0,0,0,0,0,0,0,0,0,0,0
1,1,1,0,24,0,0,39.099998474121094,971.3,1,0,1,0,0,1,0,0,0,0,0,0,0,0,0,1,0,0,0,0,0,0
0,1,1,0,15,1,1,94.6500015258789,1285.05,0,0,0,1,0,0,0,1,0,0,0,0,0,1,0,1,0,0,0,0,1,0
1,0,0,0,72,1,1,20.799999237060547,1521.2,0,0,0,0,1,0,1,0,1,0,1,0,1,0,1,0,1,0,1,0,0,1
1,0,1,0,56,1,0,59.5,3389.25,0,1,0,0,0,0,0,1,0,1,0,0,0,0,0,0,0,0,1,1,0,0
1,1,0,0,64,1,1,20.049999237060547,1198.05,0,0,0,0,1,0,1,0,1,0,1,0,1,0,1,0,1,0,1,0,0,0
0,0,1,0,34,1,1,100.44999694824219,3414.65,0,1,0,1,0,0,0,0,0,1,0,0,0,1,0,1,0,0,0,0,1,0
1,0,0,0,2,1,1,76.5,162.45,1,1,0,1,0,0,0,0,0,0,0,0,0,0,0,0,0,0,0,0,1,0
1,0,0,0,35,1,0,20.600000381469727,754.0,0,0,0,0,1,0,1,0,1,0,1,0,1,0,1,0,1,1,0,0,0,0
1,0,0,0,22,1,0,20.299999237060547,467.15,0,0,0,0,1,0,1,0,1,0,1,0,1,0,1,0,1,1,0,1,0,0
1,0,0,0,5,1,1,49.20000076293945,216.9,1,0,0,0,0,0,0,0,0,0,0,1,0,0,0,0,0,0,0,0,1,0
1,0,0,0,9,0,0,39.54999923706055,373.0,0,0,1,0,0,1,0,1,0,1,0,0,0,0,0,0,0,1,0,0,0,1
1,0,0,0,11,1,0,23.149999618530273,245.2,1,1,0,0,1,0,1,0,1,0,1,0,1,0,1,0,1,0,0,1,0,0
1,0,0,0,23,1,0,20.450000762939453,481.1,0,0,0,0,1,0,1,0,1,0,1,0,1,0,1,0,1,1,0,0,0,1
0,0,1,1,4,1,0,80.8499984741211,302.75,1,0,0,1,0,0,0,0,0,0,0,0,0,0,0,1,0,0,0,0,1,0
1,0,1,0,68,1,0,25.25,1728.2,0,1,0,0,1,0,1,0,1,0,1,0,1,0,1,0,1,0,1,0,0,0
1,0,1,0,33,1,0,91.25,2964.05,0,0,0,1,0,0,0,0,0,0,0,0,0,1,0,1,0,0,0,0,1,0
1,0,0,0,31,1,1,72.44999694824219,2156.25,0,0,0,0,0,1,0,1,0,1,0,1,0,1,0,0,0,0,0,0,0,0
1,0,0,0,1,1,0,60.099998474121094,60.1,1,1,0,0,0,0,0,1,0,0,0,1,0,0,0,0,0,0,0,0,0,1
0,0,0,0,56,1,0,19.700000762939453,1051.9,0,0,0,0,1,0,1,0,1,0,1,0,1,0,1,0,1,0,1,0,0,0
1,0,0,0,1,1,1,78.94999694824219,78.95,1,0,0,1,0,0,0,0,0,0,0,0,0,1,0,0,0,0,0,0,1,0
1,0,1,1,66,1,1,75.0999984741211,5013.0,0,0,0,0,0,1,0,1,0,1,0,1,0,1,0,0,0,1,0,0,1,0
1,0,1,1,72,1,0,25.0,1738.9,0,1,0,0,1,0,1,0,1,0,1,0,1,0,1,0,1,0,1,0,0,0
1,1,0,0,34,1,0,69.1500015258789,2275.1,0,0,0,1,0,0,0,0,0,0,0,0,0,0,0,0,0,0,0,1,0,0
0,0,1,1,58,1,1,91.55000305175781,5511.65,0,0,0,1,0,0,0,1,0,1,0,0,0,1,0,0,0,0,0,0,1,0
1,0,0,0,2,1,1,45.150001525878906,98.5,1,0,0,0,0,0,0,0,0,0,0,0,0,0,0,0,0,0,0,0,1,0
1,0,0,0,37,0,0,35.79999923706055,1316.9,0,0,1,0,0,0,0,0,0,0,0,0,0,1,0,0,0,0,1,1,0,0
0,0,0,0,71,1,1,113.1500015258789,7993.3,0,1,0,1,0,1,0,1,0,1,0,1,0,1,0,1,0,0,1,1,0,0
1,0,1,1,1,1,0,19.850000381469727,19.85,0,0,0,0,1,0,1,0,1,0,1,0,1,0,1,0,1,1,0,1,0,0
1,1,1,1,71,1,0,19.799999237060547,1388.45,0,0,0,0,1,0,1,0,1,0,1,0,1,0,1,0,1,0,1,1,0,0
1,0,1,1,35,1,0,19.899999618530273,666.0,0,0,0,0,1,0,1,0,1,0,1,0,1,0,1,0,1,1,0,0,1,0
0,0,1,1,6,1,0,19.700000762939453,94.45,0,0,0,0,1,0,1,0,1,0,1,0,1,0,1,0,1,1,0,0,0,1
0,0,0,0,3,1,1,79.4000015258789,244.65,1,0,0,1,0,0,0,0,0,0,0,0,0,1,0,0,0,0,0,0,1,0
0,0,1,1,69,1,0,59.099998474121094,4134.7,0,0,0,0,0,0,0,1,0,1,0,1,0,0,0,0,0,1,0,0,0,0
1,0,0,0,44,0,1,53.95000076293945,2375.4,1,0,1,0,0,0,0,1,0,1,0,0,0,1,0,1,0,1,0,0,0,1
0,0,1,0,53,1,1,91.1500015258789,4862.5,0,1,0,1,0,0,0,0,0,0,0,1,0,0,0,1,0,1,0,0,1,0
0,0,1,0,24,1,1,99.30000305175781,2431.35,1,0,0,1,0,0,0,1,0,1,0,0,0,1,0,1,0,0,0,1,0,0
0,0,1,0,5,1,1,68.94999694824219,351.5,0,0,0,1,0,0,0,0,0,0,0,0,0,0,0,0,0,0,0,0,1,0
0,0,0,1,2,1,0,51.54999923706055,106.2,0,0,0,0,0,0,0,1,0,0,0,0,0,0,0,0,0,0,0,0,0,1
1,0,0,1,62,1,1,24.399999618530273,1413.0,0,1,0,0,1,0,1,0,1,0,1,0,1,0,1,0,1,0,1,0,0,1
0,0,1,0,19,1,1,96.80000305175781,1743.05,0,0,0,1,0,0,0,0,0,1,0,0,0,1,0,1,0,0,0,0,1,0
1,0,0,0,9,1,0,70.05000305175781,657.5,0,0,0,1,0,0,0,0,0,0,0,0,0,0,0,0,0,0,0,0,0,1
1,0,0,0,53,1,0,19.5,1050.5,0,0,0,0,1,0,1,0,1,0,1,0,1,0,1,0,1,0,1,1,0,0
1,0,0,0,5,1,0,78.75,426.35,0,0,0,1,0,0,0,0,0,0,0,0,0,0,0,1,0,0,0,0,0,1
0,1,1,1,71,1,0,69.19999694824219,4982.5,0,1,0,0,0,1,0,1,0,0,0,0,0,1,0,0,0,1,0,0,1,0
0,0,0,0,1,1,1,19.549999237060547,19.55,0,0,0,0,1,0,1,0,1,0,1,0,1,0,1,0,1,0,0,0,0,1
1,0,0,0,18,1,1,80.6500015258789,1451.9,1,1,0,1,0,0,0,1,0,0,0,0,0,0,0,0,0,0,0,0,1,0
1,0,0,0,72,1,1,103.6500015258789,7634.8,0,1,0,1,0,0,0,1,0,1,0,0,0,1,0,1,0,0,1,0,1,0
0,0,1,0,4,1,0,54.70000076293945,235.05,0,0,0,0,0,1,0,1,0,0,0,0,0,0,0,0,0,0,0,0,0,1
1,0,0,0,59,1,0,54.150001525878906,3116.15,0,1,0,0,0,0,0,0,0,1,0,0,0,0,0,0,0,0,1,1,0,0
0,0,0,0,1,1,0,71.0999984741211,71.1,1,0,0,1,0,0,0,0,0,0,0,0,0,0,0,0,0,0,0,0,0,1
0,1,1,0,31,1,1,84.8499984741211,2633.4,0,1,0,1,0,0,0,0,0,0,0,0,0,0,0,1,0,0,0,0,1,0
1,0,1,0,3,1,0,20.0,49.65,0,0,0,0,1,0,1,0,1,0,1,0,1,0,1,0,1,0,0,0,0,0
0,1,1,0,65,1,1,106.25,6979.8,1,1,0,1,0,0,0,1,0,1,0,0,0,1,0,1,0,1,0,0,1,0
1,0,1,0,49,1,1,99.25,4920.8,0,0,0,1,0,0,0,0,0,1,0,1,0,1,0,1,0,1,0,1,0,0
1,0,0,0,2,1,0,19.350000381469727,46.35,0,0,0,0,1,0,1,0,1,0,1,0,1,0,1,0,1,0,0,0,0,1
0,0,1,0,53,1,0,20.799999237060547,1021.8,1,0,0,0,1,0,1,0,1,0,1,0,1,0,1,0,1,1,0,0,0,0
0,0,1,0,55,1,1,94.75,5276.1,0,0,0,1,0,1,0,0,0,0,0,0,0,1,0,1,0,1,0,0,1,0
1,0,1,1,72,1,1,114.05000305175781,8289.2,0,1,0,1,0,1,0,1,0,1,0,1,0,1,0,1,0,0,1,1,0,0
0,1,0,0,36,1,1,74.9000015258789,2659.45,0,1,0,1,0,0,0,0,0,0,0,0,0,0,0,0,0,0,0,0,0,0
0,0,1,1,10,1,1,19.799999237060547,196.75,0,0,0,0,1,0,1,0,1,0,1,0,1,0,1,0,1,0,0,0,0,0
1,1,0,0,1,1,1,94.0,94.0,1,1,0,1,0,0,0,0,0,0,0,0,0,1,0,1,0,0,0,0,1,0
0,0,1,1,72,1,0,80.8499984741211,5824.75,0,1,0,0,0,1,0,1,0,1,0,1,0,0,0,1,0,0,1,0,0,0
0,0,0,0,28,1,0,54.650001525878906,1517.5,0,0,0,0,0,0,0,1,0,0,0,1,0,0,0,0,0,0,0,0,0,0
1,0,1,0,38,1,0,91.69999694824219,3479.05,0,1,0,1,0,1,0,0,0,0,0,0,0,1,0,0,0,0,0,0,0,0
0,0,0,0,61,1,1,118.5999984741211,7365.7,0,1,0,1,0,1,0,1,0,1,0,1,0,1,0,1,0,1,0,0,1,0
1,0,1,1,52,1,0,24.549999237060547,1331.05,0,1,0,0,1,0,1,0,1,0,1,0,1,0,1,0,1,0,1,0,0,1
1,0,0,0,67,1,1,19.450000762939453,1195.95,0,0,0,0,1,0,1,0,1,0,1,0,1,0,1,0,1,1,0,0,0,1
0,0,0,1,34,1,1,116.1500015258789,3946.9,0,1,0,1,0,1,0,1,0,1,0,1,0,1,0,1,0,0,1,1,0,0
0,0,0,0,54,1,0,80.5999984741211,4299.95,0,0,0,0,0,1,0,0,0,1,0,1,0,1,0,1,0,0,1,0,1,0
0,0,1,0,1,1,1,20.299999237060547,20.3,0,0,0,0,1,0,1,0,1,0,1,0,1,0,1,0,1,0,0,0,0,0
0,1,0,0,15,1,0,89.8499984741211,1424.95,1,1,0,1,0,0,0,1,0,0,0,0,0,0,0,1,0,0,0,0,1,0
0,0,0,0,4,1,1,46.0,193.6,1,0,0,0,0,0,0,0,0,0,0,0,0,0,0,0,0,0,0,0,0,1
0,0,0,0,9,1,0,66.25,620.55,1,0,0,0,0,0,0,1,0,0,0,1,0,1,0,0,0,0,0,0,0,1
0,0,0,1,46,1,1,99.80000305175781,4391.25,0,0,0,1,0,0,0,1,0,1,0,0,0,1,0,1,0,0,0,0,1,0
0,0,0,0,22,1,1,90.0,1993.8,1,1,0,1,0,0,0,0,0,0,0,1,0,1,0,0,0,0,0,0,1,0
1,0,0,0,38,1,1,70.44999694824219,2597.6,1,0,0,1,0,0,0,0,0,0,0,0,0,0,0,0,0,1,0,0,0,0
0,0,1,1,55,1,1,75.0,4213.9,0,1,0,0,0,1,0,1,0,0,0,1,0,1,0,0,0,1,0,1,0,0
0,0,0,0,1,1,0,19.899999618530273,19.9,0,0,0,0,1,0,1,0,1,0,1,0,1,0,1,0,1,0,0,0,0,1
1,1,1,0,64,1,0,80.30000305175781,5017.7,0,0,0,1,0,1,0,0,0,1,0,0,0,0,0,0,0,1,0,1,0,0
1,0,0,1,53,1,0,19.75,1052.35,1,0,0,0,1,0,1,0,1,0,1,0,1,0,1,0,1,0,1,0,0,0
0,0,1,0,58,1,1,84.30000305175781,4916.4,0,1,0,0,0,1,0,0,0,1,0,1,0,1,0,1,0,0,1,0,1,0
1,0,1,0,56,0,1,54.04999923706055,2959.8,0,0,1,0,0,0,0,0,0,1,0,1,0,1,0,1,0,1,0,0,0,0
1,0,1,1,72,1,1,104.9000015258789,7559.55,0,0,0,1,0,1,0,0,0,1,0,1,0,1,0,1,0,0,1,1,0,0
1,0,0,0,1,1,1,53.95000076293945,53.95,1,0,0,0,0,1,0,0,0,0,0,1,0,0,0,0,0,0,0,0,1,0
1,1,1,0,72,1,1,97.25,7133.1,0,1,0,1,0,0,0,1,0,0,0,0,0,1,0,1,0,1,0,1,0,0
1,0,0,0,22,1,0,83.05000305175781,1799.3,0,1,0,1,0,0,0,0,0,0,0,0,0,0,0,1,0,0,0,0,1,0
0,1,0,0,8,1,1,105.5,829.55,1,1,0,1,0,0,0,1,0,1,0,0,0,1,0,1,0,0,0,0,1,0
0,0,0,1,16,1,1,81.0,1312.15,1,0,0,1,0,0,0,0,0,0,0,0,0,1,0,0,0,0,0,0,1,0
0,0,0,0,39,0,0,41.099998474121094,1597.05,0,0,1,0,0,0,0,1,0,1,0,1,0,0,0,0,0,0,0,0,0,0
0,0,0,0,12,1,1,45.0,524.35,0,0,0,0,0,0,0,0,0,0,0,0,0,0,0,0,0,0,0,0,0,0
1,0,1,0,54,1,1,74.55000305175781,4191.45,0,0,0,0,0,1,0,1,0,0,0,0,0,1,0,1,0,0,1,0,0,0
0,0,0,0,18,0,1,40.20000076293945,711.95,0,0,1,0,0,1,0,1,0,0,0,1,0,0,0,0,0,1,0,0,0,1
1,0,1,0,32,1,0,70.5,2201.75,0,0,0,0,0,1,0,1,0,0,0,1,0,0,0,1,0,1,0,0,0,1
0,0,0,0,41,1,1,19.75,806.95,0,0,0,0,1,0,1,0,1,0,1,0,1,0,1,0,1,1,0,0,0,1
1,0,1,1,67,1,0,24.649999618530273,1620.45,0,1,0,0,1,0,1,0,1,0,1,0,1,0,1,0,1,0,1,0,0,0
1,0,1,0,65,1,1,104.25,6812.95,0,1,0,1,0,1,0,0,0,1,0,0,0,1,0,1,0,0,0,0,1,0
0,0,0,0,25,1,1,78.3499984741211,1837.9,0,1,0,0,0,1,0,1,0,1,0,1,0,1,0,0,0,0,0,0,0,0
0,0,1,1,1,1,1,69.80000305175781,69.8,1,0,0,1,0,0,0,0,0,0,0,0,0,0,0,0,0,0,0,0,1,0
0,0,1,0,67,1,1,109.69999694824219,7344.45,0,1,0,1,0,0,0,1,0,1,0,1,0,1,0,1,0,1,0,1,0,0
1,1,0,0,7,1,0,73.75,545.15,1,1,0,1,0,0,0,0,0,0,0,0,0,0,0,0,0,0,0,0,0,1
0,1,0,0,43,0,1,33.45000076293945,1500.25,0,0,1,0,0,1,0,1,0,0,0,0,0,0,0,0,0,0,0,1,0,0
0,0,0,0,24,1,1,94.5999984741211,2283.15,0,0,0,1,0,1,0,0,0,0,0,0,0,1,0,1,0,0,0,0,1,0
1,1,0,0,9,1,0,54.54999923706055,494.05,1,1,0,0,0,1,0,0,0,0,0,0,0,0,0,0,0,0,0,0,1,0
1,0,1,1,69,1,0,20.200000762939453,1376.5,0,0,0,0,1,0,1,0,1,0,1,0,1,0,1,0,1,0,1,0,0,0
0,0,0,1,37,1,0,20.299999237060547,755.4,0,0,0,0,1,0,1,0,1,0,1,0,1,0,1,0,1,1,0,0,0,0
1,0,1,1,20,0,1,39.400001525878906,825.4,0,0,1,0,0,1,0,0,0,1,0,1,0,0,0,0,0,0,1,1,0,0
1,0,0,0,7,1,0,69.1500015258789,488.65,0,0,0,1,0,0,0,0,0,0,0,0,0,0,0,0,0,0,0,0,0,0
0,1,0,0,37,1,1,76.25,2841.55,1,1,0,1,0,0,0,0,0,0,0,0,0,0,0,0,0,0,0,0,1,0
0,0,0,0,5,1,1,93.9000015258789,486.85,1,1,0,1,0,0,0,0,0,0,0,0,0,1,0,1,0,0,0,0,0,1
1,0,0,0,41,0,1,51.349998474121094,2075.1,0,0,1,0,0,0,0,0,0,1,0,0,0,1,0,1,0,1,0,0,1,0
0,0,0,0,54,1,1,100.05000305175781,5299.65,0,0,0,1,0,1,0,1,0,0,0,0,0,1,0,1,0,1,0,1,0,0
0,1,0,0,3,1,1,70.4000015258789,204.7,1,0,0,1,0,0,0,0,0,0,0,0,0,0,0,0,0,0,0,0,1,0
1,1,0,0,69,1,0,20.299999237060547,1356.3,0,0,0,0,1,0,1,0,1,0,1,0,1,0,1,0,1,0,1,1,0,0
0,0,0,0,53,1,1,94.44999694824219,5042.75,0,0,0,1,0,0,0,1,0,1,0,1,0,0,0,1,0,1,0,1,0,0
1,0,1,1,18,0,0,46.400001525878906,812.4,0,0,1,0,0,0,0,1,0,1,0,0,0,1,0,0,0,1,0,1,0,0
1,0,1,0,64,1,1,104.05000305175781,6605.55,0,0,0,1,0,1,0,1,0,0,0,1,0,1,0,1,0,0,1,1,0,0
0,0,1,1,31,1,1,91.1500015258789,2995.45,1,1,0,1,0,0,0,1,0,0,0,0,0,0,0,1,0,0,0,0,1,0
0,0,0,0,20,0,0,24.899999618530273,505.95,0,0,1,0,0,0,0,0,0,0,0,0,0,0,0,0,0,0,0,1,0,0
1,0,1,1,57,1,0,59.599998474121094,3509.4,0,0,0,0,0,1,0,1,0,0,0,1,0,0,0,0,0,1,0,0,0,1
1,1,1,0,63,1,0,108.5,6991.9,0,1,0,1,0,1,0,1,0,1,0,0,0,1,0,1,0,0,1,1,0,0
1,0,1,1,13,0,0,40.54999923706055,590.35,0,0,1,0,0,1,0,1,0,0,0,1,0,0,0,0,0,0,1,0,0,1
0,1,1,0,48,1,1,58.95000076293945,2789.7,0,0,0,0,0,0,0,1,0,0,0,0,0,0,0,1,0,1,0,0,0,0
0,0,0,0,2,1,1,70.94999694824219,137.95,1,0,0,1,0,0,0,0,0,0,0,0,0,0,0,0,0,0,0,0,1,0
1,0,1,1,57,1,0,20.75,1123.15,0,0,0,0,1,0,1,0,1,0,1,0,1,0,1,0,1,0,1,0,0,1
1,0,1,0,71,1,1,113.1500015258789,7953.25,0,1,0,1,0,0,0,1,0,1,0,1,0,1,0,1,0,1,0,0,0,0
0,0,1,1,7,1,0,48.79999923706055,349.8,0,1,0,0,0,0,0,0,0,0,0,0,0,0,0,0,0,0,0,0,1,0
0,0,0,0,16,1,1,63.04999923706055,1067.05,0,1,0,0,0,0,0,0,0,0,0,0,0,0,0,1,0,0,0,0,0,0
1,0,1,0,34,1,0,100.8499984741211,3527.3,0,1,0,1,0,0,0,0,0,1,0,0,0,1,0,1,0,0,0,0,1,0
0,0,1,0,37,1,1,99.5,3762.0,1,1,0,1,0,0,0,0,0,1,0,0,0,1,0,1,0,0,0,0,1,0
1,0,0,0,16,1,1,80.55000305175781,1248.9,0,1,0,1,0,0,0,1,0,0,0,0,0,0,0,0,0,0,0,0,0,1
1,0,0,1,48,1,1,64.4000015258789,3035.35,0,1,0,0,0,1,0,1,0,1,0,0,0,0,0,0,0,1,0,0,0,0
1,0,1,1,58,1,1,75.19999694824219,4300.8,0,0,0,0,0,0,0,1,0,0,0,1,0,1,0,1,0,1,0,1,0,0
0,0,1,0,72,1,1,84.9000015258789,6065.3,0,1,0,0,0,1,0,0,0,1,0,1,0,1,0,1,0,0,1,0,0,0
0,0,0,0,7,1,0,19.299999237060547,144.95,0,0,0,0,1,0,1,0,1,0,1,0,1,0,1,0,1,0,0,0,0,1
0,0,0,0,38,1,1,83.9000015258789,3233.6,1,0,0,1,0,1,0,1,0,1,0,0,0,0,0,0,0,0,0,1,0,0
0,1,1,0,48,1,0,117.44999694824219,5438.9,1,1,0,1,0,1,0,1,0,1,0,1,0,1,0,1,0,0,0,0,1,0
1,0,0,0,10,1,1,104.4000015258789,1081.45,1,0,0,1,0,1,0,1,0,1,0,0,0,1,0,1,0,0,0,0,1,0
0,0,0,0,30,1,0,74.6500015258789,2308.6,0,0,0,0,0,1,0,1,0,1,0,1,0,1,0,0,0,1,0,1,0,0
1,0,1,0,31,1,1,59.04999923706055,1882.8,0,1,0,0,0,0,0,0,0,0,0,0,0,1,0,0,0,0,0,1,0,0
0,1,0,0,46,1,1,69.0999984741211,3255.35,0,1,0,0,0,0,0,0,0,1,0,1,0,0,0,1,0,1,0,1,0,0
1,0,1,0,50,1,0,20.549999237060547,1067.65,0,0,0,0,1,0,1,0,1,0,1,0,1,0,1,0,1,0,1,0,0,1
1,0,1,0,28,1,0,76.55000305175781,2065.4,0,0,0,1,0,0,0,0,0,0,0,1,0,0,0,0,0,0,0,0,0,0
0,0,0,0,66,0,1,62.5,4136.4,0,0,1,0,0,1,0,1,0,1,0,1,0,1,0,1,0,0,1,0,0,0
1,1,0,0,8,0,1,29.399999618530273,221.9,1,0,1,0,0,0,0,0,0,1,0,0,0,0,0,0,0,0,0,0,1,0
0,0,1,1,41,1,1,94.9000015258789,3848.0,0,0,0,1,0,0,0,0,0,1,0,0,0,1,0,1,0,0,0,0,0,0
1,1,1,0,72,1,1,111.6500015258789,8022.85,0,1,0,1,0,0,0,1,0,1,0,1,0,1,0,1,0,0,1,0,0,0
0,0,0,0,7,1,0,19.899999618530273,173.15,0,0,0,0,1,0,1,0,1,0,1,0,1,0,1,0,1,1,0,0,0,1
0,0,1,1,38,1,0,20.450000762939453,781.25,0,0,0,0,1,0,1,0,1,0,1,0,1,0,1,0,1,0,0,0,0,1
1,0,0,0,44,1,1,106.05000305175781,4510.8,0,0,0,1,0,1,0,1,0,1,0,0,0,1,0,1,0,1,0,0,1,0
1,0,1,1,47,1,1,113.44999694824219,5317.8,0,1,0,1,0,1,0,1,0,1,0,1,0,1,0,1,0,1,0,0,0,0
1,0,1,1,53,1,1,92.55000305175781,4779.45,0,0,0,1,0,0,0,1,0,0,0,1,0,1,0,0,0,0,0,0,1,0
1,0,1,0,4,1,0,65.5999984741211,250.1,0,1,0,0,0,0,0,0,0,1,0,0,0,1,0,0,0,0,0,0,1,0
1,1,0,0,20,1,1,84.3499984741211,1745.2,0,1,0,1,0,0,0,0,0,0,0,0,0,1,0,0,0,0,0,0,1,0
1,0,0,0,2,1,0,44.650001525878906,74.9,1,0,0,0,0,0,0,0,0,0,0,0,0,0,0,0,0,0,0,0,0,1
1,1,1,0,57,1,1,71.0999984741211,4140.1,0,1,0,0,0,0,0,1,0,1,0,0,0,1,0,0,0,1,0,1,0,0
0,1,1,0,44,1,1,85.1500015258789,3670.5,0,0,0,1,0,1,0,1,0,0,0,1,0,0,0,0,0,0,0,0,1,0
1,0,0,0,24,1,1,49.70000076293945,1167.8,0,0,0,0,0,0,0,0,0,1,0,0,0,0,0,0,0,0,0,0,0,1
1,0,1,1,15,0,1,30.200000762939453,469.65,0,0,1,0,0,1,0,0,0,0,0,0,0,0,0,0,0,0,0,0,0,0
0,0,0,0,3,0,0,25.25,58.9,1,0,1,0,0,0,0,0,0,0,0,0,0,0,0,0,0,0,0,0,1,0
0,0,0,1,4,1,0,84.05000305175781,333.55,1,1,0,1,0,0,0,1,0,1,0,0,0,0,0,0,0,0,0,0,0,0
1,1,1,0,37,1,1,85.69999694824219,3171.15,1,1,0,1,0,0,0,0,0,0,0,0,0,1,0,0,0,0,0,0,1,0
0,0,0,0,1,1,1,74.69999694824219,74.7,1,0,0,1,0,0,0,1,0,0,0,0,0,0,0,0,0,0,0,0,1,0
0,0,0,0,24,1,0,56.349998474121094,1381.2,0,0,0,0,0,1,0,0,0,0,0,1,0,0,0,0,0,0,0,1,0,0
0,0,0,0,5,1,1,90.80000305175781,455.5,1,1,0,1,0,0,0,1,0,0,0,0,0,1,0,0,0,0,0,0,1,0
0,0,0,0,33,1,0,107.55000305175781,3645.5,0,1,0,1,0,0,0,1,0,1,0,0,0,1,0,1,0,0,0,0,1,0
0,0,1,1,58,1,1,19.850000381469727,1158.85,0,0,0,0,1,0,1,0,1,0,1,0,1,0,1,0,1,0,1,0,0,1
0,0,1,1,72,1,1,95.9000015258789,6954.15,0,1,0,1,0,1,0,1,0,0,0,0,0,1,0,0,0,0,1,0,0,0
0,0,1,0,71,1,0,23.850000381469727,1672.1,0,1,0,0,1,0,1,0,1,0,1,0,1,0,1,0,1,0,1,0,0,1
0,1,0,0,28,1,1,106.1500015258789,3152.5,1,1,0,1,0,0,0,1,0,1,0,0,0,1,0,1,0,0,0,0,1,0
1,0,1,0,51,1,1,83.8499984741211,4307.1,0,0,0,0,0,1,0,1,0,1,0,1,0,1,0,1,0,0,1,1,0,0
0,0,0,0,30,1,0,85.3499984741211,2530.4,1,0,0,0,0,1,0,1,0,1,0,1,0,1,0,1,0,1,0,0,0,0
1,1,1,0,72,1,1,84.80000305175781,6141.65,0,0,0,1,0,1,0,1,0,0,0,1,0,0,0,0,0,0,1,1,0,0
1,1,0,0,36,1,1,90.8499984741211,3186.7,1,1,0,1,0,1,0,0,0,0,0,0,0,1,0,0,0,0,0,0,1,0
1,0,0,1,14,1,0,76.0999984741211,1054.8,0,0,0,0,0,1,0,1,0,1,0,1,0,0,0,1,0,0,1,0,0,0
0,0,1,1,72,1,0,74.55000305175781,5430.65,0,1,0,0,0,1,0,1,0,0,0,1,0,1,0,0,0,0,1,0,0,1
0,0,1,1,22,0,0,39.20000076293945,849.9,0,0,1,0,0,0,0,1,0,0,0,0,0,1,0,0,0,0,0,0,1,0
0,0,0,0,2,1,0,79.55000305175781,151.75,0,1,0,1,0,0,0,1,0,0,0,0,0,0,0,0,0,0,0,0,1,0
0,0,0,0,15,1,0,19.600000381469727,299.4,0,0,0,0,1,0,1,0,1,0,1,0,1,0,1,0,1,0,0,0,0,1
1,0,1,1,51,1,0,19.549999237060547,1086.75,0,0,0,0,1,0,1,0,1,0,1,0,1,0,1,0,1,0,1,1,0,0
1,0,1,0,70,0,1,39.150001525878906,2692.75,0,0,1,0,0,1,0,0,0,1,0,1,0,0,0,0,0,0,1,1,0,0
0,0,1,1,71,1,0,20.100000381469727,1389.6,0,0,0,0,1,0,1,0,1,0,1,0,1,0,1,0,1,0,1,0,0,0
0,0,1,1,39,1,1,99.94999694824219,3767.4,0,1,0,1,0,0,0,0,0,0,0,1,0,1,0,1,0,0,0,1,0,0
0,0,1,1,61,1,0,59.79999923706055,3641.5,0,1,0,0,0,1,0,1,0,0,0,0,0,0,0,0,0,0,0,0,1,0
0,0,0,0,52,1,1,49.75,2535.55,0,0,0,0,0,1,0,0,0,0,0,0,0,0,0,0,0,0,0,0,0,0
0,0,0,0,1,0,1,35.75,35.75,1,0,1,0,0,0,0,0,0,0,0,0,0,1,0,0,0,0,0,0,1,0
1,0,1,0,64,1,1,108.5,6880.85,0,1,0,1,0,1,0,0,0,1,0,1,0,1,0,1,0,1,0,0,0,1
1,0,1,0,62,1,1,60.150001525878906,3753.2,0,0,0,0,0,0,0,1,0,1,0,1,0,0,0,0,0,0,1,1,0,0
1,0,1,0,30,1,0,19.049999237060547,637.55,0,0,0,0,1,0,1,0,1,0,1,0,1,0,1,0,1,0,1,0,0,1
0,1,1,1,4,1,0,46.0,181.6,1,0,0,0,0,0,0,0,0,0,0,0,0,0,0,0,0,0,0,0,1,0
1,1,1,0,63,1,1,84.0,5329.55,0,0,0,0,0,1,0,1,0,1,0,1,0,1,0,1,0,1,0,0,0,0
0,0,0,0,1,1,1,44.54999923706055,44.55,0,0,0,0,0,0,0,0,0,0,0,0,0,0,0,0,0,0,0,1,0,0
1,0,1,0,15,1,1,103.44999694824219,1539.8,0,1,0,1,0,0,0,0,0,1,0,1,0,1,0,1,0,0,0,0,1,0
1,0,1,1,27,1,1,80.6500015258789,2209.75,0,0,0,1,0,1,0,1,0,0,0,0,0,0,0,0,0,1,0,1,0,0
0,0,0,1,4,0,1,57.20000076293945,223.75,0,0,1,0,0,1,0,1,0,1,0,0,0,1,0,1,0,0,0,0,0,1
0,0,1,0,72,1,1,110.75,7751.7,0,1,0,1,0,1,0,1,0,1,0,0,0,1,0,1,0,0,1,0,1,0
1,1,1,0,45,1,0,24.700000762939453,1174.35,0,1,0,0,1,0,1,0,1,0,1,0,1,0,1,0,1,1,0,1,0,0
0,1,0,0,45,1,1,97.05000305175781,4385.05,0,1,0,1,0,1,0,1,0,0,0,1,0,1,0,0,0,0,0,0,1,0
0,0,0,0,36,1,1,76.3499984741211,2606.35,0,0,0,0,0,1,0,1,0,1,0,1,0,1,0,0,0,1,0,0,0,1
1,0,1,1,17,1,1,89.4000015258789,1539.45,1,0,0,1,0,1,0,0,0,1,0,0,0,1,0,0,0,0,0,0,1,0
1,0,0,0,1,1,0,18.899999618530273,18.9,0,0,0,0,1,0,1,0,1,0,1,0,1,0,1,0,1,0,0,0,0,1
1,1,0,0,16,1,1,74.44999694824219,1261.35,0,1,0,1,0,0,0,0,0,0,0,0,0,0,0,0,0,0,0,0,0,0
1,0,0,0,3,1,1,19.799999237060547,58.15,1,0,0,0,1,0,1,0,1,0,1,0,1,0,1,0,1,0,0,0,0,1
1,0,1,1,4,1,1,50.900001525878906,225.6,1,1,0,0,0,0,0,0,0,0,0,0,0,0,0,0,0,0,0,0,1,0
0,0,1,0,71,1,1,84.4000015258789,5969.3,0,0,0,0,0,1,0,1,0,1,0,1,0,1,0,1,0,0,1,1,0,0
1,0,1,1,10,1,1,24.399999618530273,253.9,0,1,0,0,1,0,1,0,1,0,1,0,1,0,1,0,1,0,0,0,0,1
1,0,1,1,20,1,0,20.049999237060547,400.0,0,0,0,0,1,0,1,0,1,0,1,0,1,0,1,0,1,0,1,0,0,1
1,0,0,0,4,1,1,81.0,340.85,1,0,0,1,0,0,0,0,0,0,0,0,0,1,0,0,0,0,0,0,1,0
1,0,0,0,26,1,1,98.3499984741211,2515.3,1,1,0,1,0,0,0,0,0,1,0,0,0,1,0,1,0,0,0,0,1,0
0,0,0,0,4,1,0,55.5,227.35,0,0,0,0,0,0,0,0,0,0,0,0,0,1,0,0,0,0,0,1,0,0
1,0,0,0,5,0,1,51.0,305.95,1,0,1,0,0,0,0,1,0,0,0,0,0,1,0,1,0,0,0,0,0,1
0,0,1,0,4,1,1,91.6500015258789,365.4,1,1,0,1,0,0,0,1,0,0,0,0,0,1,0,0,0,0,0,0,1,0
1,1,1,0,29,1,1,84.30000305175781,2357.75,0,1,0,1,0,0,0,0,0,0,0,0,0,0,0,1,0,0,0,0,1,0
1,0,0,0,2,1,0,100.19999694824219,198.5,0,0,0,1,0,1,0,1,0,0,0,0,0,1,0,1,0,0,0,0,1,0
0,0,0,0,29,1,0,19.399999618530273,554.25,0,0,0,0,1,0,1,0,1,0,1,0,1,0,1,0,1,0,1,0,0,1
1,0,0,1,1,1,1,90.8499984741211,90.85,1,0,0,1,0,0,0,0,0,0,0,0,0,1,0,1,0,0,0,0,1,0
1,0,0,0,1,1,0,69.4000015258789,69.4,1,0,0,1,0,0,0,0,0,0,0,0,0,0,0,0,0,0,0,0,0,1
0,1,0,0,8,1,1,94.44999694824219,742.95,1,0,0,1,0,0,0,0,0,1,0,0,0,1,0,1,0,0,0,1,0,0
1,0,0,0,13,1,1,20.399999618530273,251.65,0,0,0,0,1,0,1,0,1,0,1,0,1,0,1,0,1,0,0,0,1,0
0,0,1,0,59,1,1,94.75,5597.65,0,1,0,1,0,1,0,1,0,0,0,0,0,1,0,0,0,0,0,0,1,0
0,0,1,1,1,1,1,20.149999618530273,20.15,1,0,0,0,1,0,1,0,1,0,1,0,1,0,1,0,1,0,0,1,0,0
1,1,0,0,50,1,1,95.69999694824219,4816.7,1,1,0,1,0,0,0,0,0,0,0,0,0,1,0,1,0,0,0,0,1,0
1,0,1,0,18,1,1,44.349998474121094,768.05,0,0,0,0,0,0,0,0,0,0,0,0,0,0,0,0,0,0,0,0,0,0
0,0,1,1,17,1,0,74.55000305175781,1215.8,0,0,0,0,0,1,0,1,0,0,0,0,0,1,0,1,0,0,0,0,0,1
1,0,1,0,47,1,0,73.5999984741211,3522.65,0,0,0,0,0,0,0,1,0,1,0,0,0,1,0,1,0,0,1,0,1,0
0,0,0,0,26,1,1,74.94999694824219,1834.95,1,1,0,1,0,0,0,0,0,0,0,0,0,0,0,0,0,0,0,0,0,0
0,0,0,0,6,0,1,47.95000076293945,305.1,1,0,1,0,0,0,0,0,0,1,0,0,0,1,0,1,0,0,0,0,1,0
1,0,1,1,19,1,0,50.099998474121094,910.45,0,1,0,0,0,0,0,0,0,0,0,0,0,0,0,0,0,0,0,1,0,0
0,0,0,0,3,1,1,63.599998474121094,155.65,1,1,0,0,0,0,0,0,0,0,0,1,0,1,0,0,0,0,0,0,1,0
0,1,1,1,68,0,1,53.0,3656.25,0,0,1,0,0,0,0,1,0,1,0,0,0,1,0,1,0,0,1,0,1,0
0,0,1,0,2,1,0,19.850000381469727,52.0,0,0,0,0,1,0,1,0,1,0,1,0,1,0,1,0,1,0,0,0,0,0
1,0,0,0,7,0,1,24.350000381469727,150.85,0,0,1,0,0,0,0,0,0,0,0,0,0,0,0,0,0,1,0,1,0,0
0,0,0,0,18,1,1,19.549999237060547,389.25,0,0,0,0,1,0,1,0,1,0,1,0,1,0,1,0,1,0,0,0,0,1
0,0,1,0,71,1,0,25.049999237060547,1873.7,0,1,0,0,1,0,1,0,1,0,1,0,1,0,1,0,1,0,1,1,0,0
1,1,1,0,13,1,0,93.80000305175781,1261.0,0,1,0,1,0,1,0,1,0,0,0,0,0,0,0,1,0,0,0,1,0,0
1,0,0,0,3,0,1,36.849998474121094,108.7,1,0,1,0,0,0,0,1,0,0,0,1,0,0,0,0,0,0,0,0,0,1
1,0,1,0,72,1,1,103.75,7346.2,0,1,0,1,0,0,0,1,0,1,0,0,0,1,0,1,0,0,1,0,0,0
1,0,1,1,66,0,1,56.75,3708.4,0,0,1,0,0,0,0,1,0,1,0,0,0,1,0,1,0,0,1,1,0,0
1,0,1,1,24,1,1,20.799999237060547,469.65,0,0,0,0,1,0,1,0,1,0,1,0,1,0,1,0,1,1,0,1,0,0
0,0,0,0,1,1,1,44.099998474121094,44.1,1,0,0,0,0,0,0,0,0,0,0,0,0,0,0,0,0,0,0,0,1,0
0,0,1,1,56,1,1,24.450000762939453,1385.85,0,1,0,0,1,0,1,0,1,0,1,0,1,0,1,0,1,0,1,0,0,1
0,1,1,0,22,1,0,25.600000381469727,548.8,0,1,0,0,1,0,1,0,1,0,1,0,1,0,1,0,1,1,0,0,0,0
1,0,0,0,14,0,1,50.75,712.75,1,0,1,0,0,0,0,0,0,1,0,0,0,1,0,1,0,0,0,0,1,0
0,1,1,0,61,1,1,104.4000015258789,6405.0,1,1,0,1,0,0,0,1,0,1,0,0,0,1,0,1,0,1,0,1,0,0
0,1,1,0,40,0,1,39.29999923706055,1637.4,1,0,1,0,0,0,0,1,0,0,0,0,0,1,0,0,0,0,0,0,1,0
0,0,0,0,42,1,0,59.650001525878906,2536.55,0,0,0,0,0,1,0,1,0,1,0,0,0,0,0,0,0,0,0,0,0,0
0,0,1,1,72,1,1,83.30000305175781,6042.7,0,1,0,0,0,1,0,0,0,1,0,1,0,1,0,1,0,0,1,0,0,0
0,0,0,0,12,1,1,79.55000305175781,958.25,0,1,0,1,0,0,0,0,0,0,0,1,0,0,0,0,0,0,0,1,0,0
1,0,1,0,71,1,0,24.450000762939453,1730.65,0,1,0,0,1,0,1,0,1,0,1,0,1,0,1,0,1,0,1,0,0,0
0,0,1,0,26,1,0,19.200000762939453,459.6,0,0,0,0,1,0,1,0,1,0,1,0,1,0,1,0,1,1,0,0,0,1
0,0,0,1,7,0,0,29.799999237060547,201.95,0,0,1,0,0,1,0,0,0,0,0,0,0,0,0,0,0,0,0,0,0,1
0,0,1,1,6,1,0,45.5,285.2,0,0,0,0,0,0,0,0,0,0,0,0,0,0,0,0,0,0,0,0,0,1
0,0,0,0,58,1,1,106.44999694824219,6145.85,1,0,0,1,0,1,0,1,0,1,0,0,0,1,0,1,0,1,0,0,1,0
1,0,1,0,51,0,1,30.049999237060547,1529.45,0,0,1,0,0,0,0,1,0,0,0,0,0,0,0,0,0,0,0,1,0,0
1,0,1,1,72,0,1,65.6500015258789,4664.5,0,0,1,0,0,1,0,1,0,1,0,1,0,1,0,1,0,0,1,0,0,0
0,0,0,0,18,1,1,96.05000305175781,1740.7,1,0,0,1,0,1,0,0,0,0,0,0,0,1,0,1,0,0,0,0,1,0
0,0,0,0,7,1,1,75.0999984741211,552.95,1,1,0,1,0,0,0,0,0,0,0,0,0,0,0,0,0,0,0,0,0,0
0,0,0,0,47,1,0,74.05000305175781,3496.3,0,1,0,0,0,1,0,1,0,0,0,1,0,0,0,1,0,0,1,0,0,1
1,1,0,0,2,1,1,44.70000076293945,93.7,1,0,0,0,0,0,0,0,0,0,0,0,0,0,0,0,0,0,0,0,1,0
1,1,0,0,62,1,1,110.75,7053.35,0,1,0,1,0,0,0,1,0,1,0,1,0,1,0,1,0,1,0,0,0,0
0,0,1,1,16,1,0,19.700000762939453,301.55,0,0,0,0,1,0,1,0,1,0,1,0,1,0,1,0,1,0,1,0,0,1
1,0,0,0,6,1,1,49.5,312.7,0,0,0,0,0,0,0,0,0,0,0,1,0,0,0,0,0,0,0,1,0,0
1,0,0,0,19,1,1,55.0,1046.5,1,0,0,0,0,0,0,0,0,1,0,1,0,0,0,0,0,0,0,1,0,0
0,0,1,1,69,0,1,43.95000076293945,2960.1,0,0,1,0,0,1,0,0,0,1,0,0,0,0,0,1,0,0,1,1,0,0
1,0,1,1,11,1,1,74.3499984741211,834.2,1,1,0,1,0,0,0,0,0,0,0,0,0,0,0,0,0,0,0,0,1,0
0,0,1,0,64,1,1,111.1500015258789,6953.4,0,1,0,1,0,0,0,1,0,1,0,1,0,1,0,1,0,0,0,0,1,0
0,0,1,0,39,1,1,104.69999694824219,4134.85,1,0,0,1,0,1,0,0,0,1,0,1,0,1,0,1,0,1,0,1,0,0
0,0,0,0,15,1,1,55.70000076293945,899.8,1,1,0,0,0,1,0,0,0,0,0,0,0,0,0,0,0,0,0,0,0,1
1,0,0,0,25,1,0,20.600000381469727,541.5,0,0,0,0,1,0,1,0,1,0,1,0,1,0,1,0,1,0,0,0,0,1
0,0,0,0,6,1,0,19.649999618530273,116.85,0,0,0,0,1,0,1,0,1,0,1,0,1,0,1,0,1,0,1,1,0,0
1,0,1,0,66,1,0,115.80000305175781,7942.15,0,1,0,1,0,1,0,1,0,1,0,1,0,1,0,1,0,1,0,0,0,0
0,0,0,0,61,1,0,88.6500015258789,5321.25,0,1,0,0,0,0,0,1,0,1,0,1,0,1,0,1,0,0,1,1,0,0
0,1,1,0,43,1,1,94.5,4156.8,0,1,0,1,0,1,0,1,0,0,0,0,0,1,0,0,0,0,0,0,1,0
0,0,0,0,12,1,0,20.100000381469727,223.6,0,0,0,0,1,0,1,0,1,0,1,0,1,0,1,0,1,0,0,0,0,1
1,1,0,0,23,0,1,34.650001525878906,768.45,0,0,1,0,0,0,0,0,0,0,0,0,0,0,0,1,0,0,0,0,0,0
1,1,1,0,71,0,1,52.29999923706055,3765.05,0,0,1,0,0,0,0,1,0,1,0,0,0,1,0,1,0,0,0,0,0,0
0,0,0,0,34,1,0,65.0,2157.5,0,1,0,0,0,0,0,0,0,0,0,1,0,1,0,0,0,0,0,0,0,1
0,0,0,0,5,1,0,19.850000381469727,108.05,1,0,0,0,1,0,1,0,1,0,1,0,1,0,1,0,1,0,0,1,0,0
0,0,1,0,41,0,0,35.45000076293945,1391.65,0,0,1,0,0,0,0,1,0,0,0,1,0,0,0,0,0,1,0,0,0,1
0,0,1,1,72,1,0,19.700000762939453,1379.8,0,0,0,0,1,0,1,0,1,0,1,0,1,0,1,0,1,0,1,1,0,0
1,1,0,0,14,1,1,95.5999984741211,1273.3,0,1,0,1,0,0,0,0,0,0,0,0,0,1,0,1,0,0,0,0,1,0
0,0,0,0,41,1,1,19.850000381469727,810.45,0,0,0,0,1,0,1,0,1,0,1,0,1,0,1,0,1,0,1,0,0,1
0,0,1,1,23,1,0,81.8499984741211,1810.85,0,1,0,1,0,1,0,0,0,0,0,0,0,0,0,0,0,1,0,1,0,0
1,0,1,1,71,1,0,109.30000305175781,7782.85,0,0,0,1,0,1,0,1,0,1,0,1,0,1,0,1,0,0,1,1,0,0
0,0,0,0,1,1,1,70.30000305175781,70.3,1,0,0,1,0,0,0,0,0,0,0,0,0,0,0,0,0,0,0,0,1,0
1,0,1,0,72,1,0,25.399999618530273,1797.1,0,1,0,0,1,0,1,0,1,0,1,0,1,0,1,0,1,0,1,0,0,1
1,0,1,1,6,1,1,69.80000305175781,377.85,0,0,0,1,0,0,0,0,0,0,0,0,0,0,0,0,0,0,0,0,1,0
1,0,1,1,23,1,1,20.0,445.3,0,0,0,0,1,0,1,0,1,0,1,0,1,0,1,0,1,1,0,1,0,0
1,1,1,0,10,1,0,85.55000305175781,851.75,1,1,0,1,0,0,0,0,0,0,0,0,0,0,0,1,0,0,0,0,1,0
0,0,0,0,72,1,1,109.9000015258789,7624.2,0,0,0,1,0,1,0,1,0,1,0,1,0,1,0,1,0,0,1,0,1,0
0,0,1,0,7,1,1,50.29999923706055,355.1,0,0,0,0,0,1,0,0,0,0,0,0,0,0,0,0,0,0,0,0,0,0
1,0,0,1,6,1,0,94.5,575.45,1,0,0,1,0,0,0,0,0,1,0,0,0,1,0,1,0,0,0,0,0,1
1,0,1,1,9,1,1,101.5,906.85,0,0,0,1,0,0,0,1,0,0,0,1,0,1,0,1,0,0,0,0,1,0
0,0,0,0,12,1,1,89.1500015258789,1057.55,0,1,0,1,0,0,0,1,0,0,0,0,0,0,0,1,0,0,0,0,1,0
0,0,0,0,1,1,1,19.399999618530273,19.4,0,0,0,0,1,0,1,0,1,0,1,0,1,0,1,0,1,0,0,0,0,1
0,1,1,1,48,0,0,29.899999618530273,1388.75,0,0,1,0,0,0,0,1,0,0,0,0,0,0,0,0,0,1,0,0,0,0
1,0,0,0,20,1,0,78.80000305175781,1641.3,0,0,0,1,0,0,0,0,0,0,0,0,0,1,0,0,0,0,0,0,1,0
0,1,1,0,16,1,1,85.3499984741211,1375.15,1,1,0,1,0,0,0,0,0,0,0,0,0,0,0,1,0,0,0,1,0,0
0,0,0,0,2,1,1,79.6500015258789,152.7,1,0,0,1,0,0,0,0,0,0,0,0,0,1,0,0,0,0,0,0,0,1
0,0,0,0,10,1,1,19.299999237060547,185.2,0,0,0,0,1,0,1,0,1,0,1,0,1,0,1,0,1,1,0,0,0,1
0,1,0,0,2,1,1,79.5999984741211,195.05,1,0,0,1,0,0,0,0,0,0,0,0,0,0,0,1,0,0,0,0,1,0
1,0,1,1,20,1,0,96.80000305175781,1826.7,0,1,0,1,0,0,0,1,0,0,0,1,0,1,0,0,0,0,0,0,0,1
1,0,1,0,20,1,0,20.649999618530273,417.5,0,0,0,0,1,0,1,0,1,0,1,0,1,0,1,0,1,1,0,0,0,1
1,0,1,1,19,1,0,19.799999237060547,344.5,0,0,0,0,1,0,1,0,1,0,1,0,1,0,1,0,1,1,0,0,0,1
1,1,0,0,19,1,1,90.5999984741211,1660.0,1,1,0,1,0,1,0,0,0,0,0,0,0,1,0,0,0,0,0,0,1,0
1,0,1,0,22,1,1,104.5999984741211,2180.55,0,0,0,1,0,1,0,1,0,0,0,1,0,1,0,1,0,0,0,0,1,0
0,0,0,0,35,1,0,80.05000305175781,2835.9,0,1,0,1,0,0,0,0,0,0,0,1,0,0,0,0,0,0,0,1,0,0
0,0,0,0,1,1,0,45.150001525878906,45.15,0,0,0,0,0,0,0,0,0,0,0,0,0,0,0,0,0,0,0,0,0,1
1,0,0,0,39,1,1,73.1500015258789,2730.85,0,1,0,1,0,0,0,0,0,0,0,0,0,0,0,0,0,0,0,1,0,0
0,1,1,0,54,1,1,99.0999984741211,5437.1,0,0,0,1,0,0,0,0,0,1,0,1,0,1,0,1,0,1,0,0,1,0
0,0,0,0,1,1,1,20.200000762939453,20.2,1,0,0,0,1,0,1,0,1,0,1,0,1,0,1,0,1,0,0,0,0,0
1,0,1,0,66,1,1,106.05000305175781,6981.35,1,1,0,1,0,1,0,0,0,1,0,0,0,1,0,1,0,0,1,1,0,0
1,0,0,0,56,1,1,105.3499984741211,5794.45,0,1,0,1,0,1,0,0,0,0,0,1,0,1,0,1,0,0,0,0,0,1
1,0,0,1,18,1,1,45.650001525878906,747.2,0,0,0,0,0,0,0,0,0,0,0,0,0,0,0,0,0,0,0,1,0,0
0,0,1,1,16,1,1,79.94999694824219,1267.95,0,1,0,1,0,0,0,1,0,0,0,0,0,0,0,0,0,0,0,1,0,0
0,0,0,0,68,1,1,54.45000076293945,3674.95,0,0,0,0,0,1,0,0,0,1,0,0,0,0,0,0,0,1,0,1,0,0
0,1,1,0,53,1,0,25.100000381469727,1275.6,0,1,0,0,1,0,1,0,1,0,1,0,1,0,1,0,1,0,1,1,0,0
0,0,1,1,72,1,0,84.69999694824219,5893.9,0,1,0,0,0,1,0,0,0,1,0,1,0,1,0,1,0,0,1,1,0,0
1,0,0,0,9,1,1,75.8499984741211,724.65,0,1,0,1,0,0,0,0,0,0,0,0,0,0,0,0,0,0,0,0,1,0
0,0,0,0,30,1,1,48.79999923706055,1536.75,0,0,0,0,0,1,0,0,0,0,0,0,0,0,0,0,0,0,0,0,0,1
0,0,0,0,36,1,1,99.1500015258789,3615.6,1,1,0,1,0,0,0,1,0,0,0,0,0,1,0,1,0,0,0,0,1,0
0,0,0,0,18,0,1,35.20000076293945,607.3,0,0,1,0,0,0,0,0,0,1,0,1,0,0,0,0,0,0,0,0,1,0
0,1,1,1,55,1,0,76.25,4154.55,0,1,0,0,0,1,0,0,0,1,0,1,0,1,0,0,0,1,0,0,1,0
0,0,1,0,39,0,0,55.900001525878906,2184.35,1,0,1,0,0,1,0,0,0,1,0,0,0,1,0,1,0,0,0,0,1,0
1,0,0,0,21,1,1,82.3499984741211,1852.85,1,1,0,1,0,0,0,1,0,0,0,0,0,0,0,0,0,0,0,0,1,0
1,0,0,0,2,0,1,40.400001525878906,77.15,1,0,1,0,0,0,0,1,0,1,0,1,0,0,0,0,0,0,0,1,0,0
1,1,0,0,33,1,1,24.899999618530273,847.8,0,1,0,0,1,0,1,0,1,0,1,0,1,0,1,0,1,1,0,0,0,0
1,0,1,0,44,0,0,54.29999923706055,2390.45,0,0,1,0,0,0,0,1,0,1,0,0,0,1,0,1,0,0,1,0,0,0
0,0,1,1,30,1,0,66.30000305175781,1923.5,0,0,0,0,0,1,0,0,0,0,0,1,0,0,0,1,0,0,0,0,0,0
0,0,1,0,71,1,1,20.899999618530273,1493.2,0,0,0,0,1,0,1,0,1,0,1,0,1,0,1,0,1,0,1,0,0,0
0,0,0,0,4,1,0,75.3499984741211,338.1,1,1,0,1,0,0,0,0,0,0,0,0,0,0,0,0,0,0,0,0,1,0
1,0,0,1,35,1,1,85.1500015258789,3030.6,1,0,0,1,0,0,0,0,0,1,0,0,0,1,0,0,0,1,0,0,1,0
1,0,1,0,1,1,0,75.3499984741211,75.35,0,0,0,1,0,0,0,0,0,1,0,0,0,0,0,0,0,0,0,1,0,0
1,1,1,0,23,1,1,104.44999694824219,2184.85,0,1,0,1,0,0,0,1,0,1,0,0,0,1,0,1,0,0,0,0,1,0
0,0,0,1,22,0,1,49.45000076293945,1031.4,0,0,1,0,0,0,0,0,0,1,0,0,0,1,0,1,0,1,0,1,0,0
0,0,0,1,49,1,0,19.450000762939453,921.3,0,0,0,0,1,0,1,0,1,0,1,0,1,0,1,0,1,1,0,1,0,0
0,0,1,1,42,1,1,92.1500015258789,3875.4,0,0,0,1,0,0,0,0,0,1,0,0,0,1,0,1,0,0,0,0,1,0
0,0,1,1,33,1,1,93.80000305175781,3124.5,1,0,0,1,0,0,0,0,0,1,0,0,0,1,0,1,0,1,0,0,1,0
0,0,1,1,7,1,0,19.850000381469727,144.15,0,0,0,0,1,0,1,0,1,0,1,0,1,0,1,0,1,0,1,0,0,1
0,0,1,1,67,1,1,100.25,6689.0,0,1,0,1,0,1,0,0,0,1,0,1,0,0,0,1,0,1,0,0,0,0
1,0,0,0,15,1,0,95.69999694824219,1451.1,0,1,0,1,0,0,0,1,0,0,0,1,0,0,0,1,0,0,0,0,1,0
1,0,1,0,67,1,1,93.1500015258789,6368.2,0,1,0,1,0,0,0,1,0,1,0,0,0,0,0,1,0,0,1,0,1,0
1,0,1,1,53,1,1,69.69999694824219,3729.6,0,0,0,0,0,1,0,1,0,0,0,1,0,1,0,0,0,0,1,0,0,1
1,0,1,1,21,1,0,19.799999237060547,350.1,0,0,0,0,1,0,1,0,1,0,1,0,1,0,1,0,1,1,0,0,0,1
0,0,1,1,40,1,1,71.3499984741211,2847.2,0,0,0,0,0,1,0,1,0,0,0,1,0,0,0,1,0,0,0,0,0,1
0,0,1,1,22,1,0,20.75,452.35,0,0,0,0,1,0,1,0,1,0,1,0,1,0,1,0,1,1,0,0,0,0
1,0,0,0,39,0,1,40.599998474121094,1494.5,0,0,1,0,0,0,0,0,0,0,0,1,0,0,0,1,0,0,0,0,1,0
1,0,0,0,45,1,1,20.399999618530273,930.45,1,0,0,0,1,0,1,0,1,0,1,0,1,0,1,0,1,1,0,0,1,0
0,0,1,0,2,1,0,20.350000381469727,41.85,0,0,0,0,1,0,1,0,1,0,1,0,1,0,1,0,1,0,0,0,0,1
0,0,1,1,57,1,0,19.75,1272.05,0,0,0,0,1,0,1,0,1,0,1,0,1,0,1,0,1,0,1,0,0,0
1,0,1,1,8,1,1,54.400001525878906,475.1,0,0,0,0,0,0,0,0,0,0,0,0,0,1,0,0,0,0,0,0,1,0
1,1,1,0,7,1,1,94.69999694824219,673.1,1,1,0,1,0,1,0,1,0,0,0,0,0,0,0,1,0,0,0,1,0,0
1,0,0,0,6,0,1,30.5,208.7,1,0,1,0,0,0,0,1,0,0,0,0,0,0,0,0,0,0,0,1,0,0
0,0,1,1,7,1,0,20.450000762939453,150.75,0,0,0,0,1,0,1,0,1,0,1,0,1,0,1,0,1,0,0,0,0,1
1,0,0,0,49,1,1,66.1500015258789,3199.0,0,1,0,0,0,0,0,0,0,0,0,1,0,1,0,0,0,0,1,0,0,0
0,0,0,0,65,1,1,89.8499984741211,5844.65,0,1,0,1,0,1,0,1,0,0,0,1,0,0,0,0,0,1,0,0,1,0
0,0,0,0,55,1,0,45.04999923706055,2462.6,0,0,0,0,0,0,0,0,0,0,0,0,0,0,0,0,0,1,0,0,0,0
1,0,1,1,71,1,0,86.8499984741211,6263.8,0,1,0,0,0,1,0,1,0,1,0,1,0,1,0,1,0,0,1,0,0,0
1,0,0,0,35,1,1,96.75,3403.4,0,1,0,1,0,1,0,1,0,1,0,1,0,0,0,0,0,0,0,0,0,1
1,1,0,0,3,1,1,77.0,237.75,1,1,0,1,0,0,0,0,0,0,0,0,0,0,0,0,0,0,0,0,1,0
0,0,0,1,11,1,0,20.100000381469727,221.35,1,0,0,0,1,0,1,0,1,0,1,0,1,0,1,0,1,0,0,1,0,0
0,0,0,0,1,1,0,75.30000305175781,75.3,1,0,0,1,0,0,0,0,0,1,0,0,0,0,0,0,0,0,0,0,1,0
1,0,0,0,17,1,1,106.6500015258789,1672.1,0,1,0,1,0,1,0,1,0,1,0,1,0,1,0,0,0,0,0,0,0,0
0,0,1,0,72,1,1,110.1500015258789,7881.2,0,1,0,1,0,1,0,0,0,1,0,1,0,1,0,1,0,0,1,1,0,0
0,0,1,1,28,1,1,82.8499984741211,2320.8,0,0,0,1,0,1,0,0,0,0,0,0,0,0,0,1,0,1,0,0,0,0
0,0,1,0,18,1,0,20.100000381469727,370.5,0,0,0,0,1,0,1,0,1,0,1,0,1,0,1,0,1,0,1,0,0,1
0,1,1,0,40,1,1,99.19999694824219,4062.2,1,0,0,1,0,0,0,1,0,0,0,1,0,1,0,1,0,1,0,1,0,0
0,0,0,0,52,1,1,59.45000076293945,3043.7,0,0,0,0,0,0,0,0,0,1,0,0,0,0,0,1,0,0,0,0,1,0
0,0,1,0,47,1,1,58.599998474121094,2723.4,0,0,0,0,0,0,0,1,0,0,0,0,0,1,0,0,0,0,0,0,0,0
0,0,0,0,23,1,0,49.70000076293945,1081.25,0,0,0,0,0,0,0,0,0,1,0,0,0,0,0,0,0,0,0,1,0,0
1,0,1,1,66,1,0,65.8499984741211,4097.05,0,0,0,0,0,1,0,1,0,1,0,1,0,0,0,0,0,0,1,0,0,1
0,0,0,0,8,1,1,73.5,632.2,0,1,0,1,0,0,0,0,0,0,0,0,0,0,0,0,0,0,0,0,1,0
1,1,0,0,47,1,0,85.5,4042.3,1,0,0,1,0,1,0,0,0,0,0,0,0,0,0,1,0,0,0,0,0,1
0,0,0,0,7,1,0,20.049999237060547,164.85,1,0,0,0,1,0,1,0,1,0,1,0,1,0,1,0,1,0,0,0,0,1
0,0,1,1,71,1,0,113.6500015258789,8166.8,0,1,0,1,0,1,0,1,0,1,0,1,0,1,0,1,0,0,1,1,0,0
0,1,0,0,50,1,1,83.4000015258789,4113.7,0,1,0,1,0,1,0,1,0,0,0,0,0,0,0,0,0,0,0,0,1,0
1,0,1,0,46,1,0,65.6500015258789,3047.15,0,0,0,0,0,1,0,1,0,1,0,1,0,0,0,0,0,0,1,0,0,1
1,0,0,0,1,1,0,70.4000015258789,70.4,1,0,0,1,0,0,0,0,0,0,0,0,0,0,0,0,0,0,0,0,1,0
0,0,0,0,66,0,1,61.349998474121094,4193.4,0,0,1,0,0,1,0,0,0,1,0,1,0,1,0,1,0,0,1,0,0,0
0,0,1,0,42,1,1,85.9000015258789,3729.75,0,1,0,1,0,0,0,0,0,1,0,1,0,0,0,0,0,0,0,1,0,0
0,0,0,0,5,1,1,75.6500015258789,399.45,0,0,0,1,0,0,0,0,0,0,0,1,0,0,0,0,0,0,0,0,0,1
1,0,1,1,7,1,1,49.75,331.3,1,0,0,0,0,1,0,0,0,0,0,0,0,0,0,0,0,1,0,0,1,0
1,0,0,0,29,1,0,70.9000015258789,1964.6,0,1,0,0,0,0,0,1,0,1,0,0,0,0,0,1,0,1,0,1,0,0
0,0,1,1,27,1,0,49.849998474121094,1336.15,0,0,0,0,0,0,0,1,0,0,0,0,0,0,0,0,0,0,0,0,0,1
0,1,0,0,15,1,1,75.30000305175781,1147.45,1,0,0,1,0,0,0,1,0,0,0,0,0,0,0,0,0,0,0,1,0,0
0,0,1,1,25,1,0,20.100000381469727,486.05,0,0,0,0,1,0,1,0,1,0,1,0,1,0,1,0,1,0,1,0,0,1
0,0,1,0,11,1,1,94.0,1078.9,1,1,0,1,0,0,0,0,0,0,0,0,0,1,0,1,0,0,0,0,1,0
1,0,1,0,57,1,1,103.05000305175781,5925.75,0,1,0,1,0,1,0,1,0,1,0,1,0,1,0,0,0,0,0,0,1,0
1,0,0,0,67,1,1,118.3499984741211,7804.15,1,1,0,1,0,1,0,1,0,1,0,1,0,1,0,1,0,1,0,0,0,0
0,1,1,0,47,1,0,99.69999694824219,4747.2,0,1,0,1,0,0,0,0,0,1,0,0,0,1,0,1,0,0,0,0,1,0
0,0,0,0,13,1,1,81.9000015258789,1028.9,0,0,0,1,0,0,0,0,0,0,0,0,0,1,0,0,0,0,0,0,0,1
1,0,0,0,8,0,1,30.450000762939453,226.45,1,0,1,0,0,1,0,0,0,0,0,0,0,0,0,0,0,0,0,0,1,0
0,0,1,0,44,1,1,96.0999984741211,4364.1,1,1,0,1,0,0,0,0,0,0,0,0,0,1,0,1,0,0,0,0,1,0
1,0,1,1,71,1,1,66.19999694824219,4692.55,0,1,0,0,0,1,0,0,0,0,0,0,0,1,0,0,0,1,0,0,1,0
1,1,1,0,24,1,1,104.25,2433.9,1,1,0,1,0,0,0,1,0,1,0,0,0,1,0,1,0,0,0,0,1,0
1,1,0,0,15,1,1,80.19999694824219,1217.25,1,1,0,1,0,0,0,1,0,0,0,0,0,0,0,0,0,0,0,0,1,0
0,0,0,0,1,1,0,19.75,19.75,0,0,0,0,1,0,1,0,1,0,1,0,1,0,1,0,1,0,0,0,1,0
1,1,0,0,2,1,1,72.5999984741211,154.3,0,1,0,1,0,0,0,0,0,0,0,0,0,0,0,0,0,0,0,0,0,1
1,1,0,0,55,1,1,116.5,6382.55,0,1,0,1,0,1,0,1,0,1,0,1,0,1,0,1,0,0,0,0,1,0
1,1,0,0,71,1,1,106.80000305175781,7623.2,0,1,0,1,0,0,0,1,0,0,0,1,0,1,0,1,0,0,1,0,1,0
1,0,1,1,50,1,0,24.950000762939453,1261.45,0,1,0,0,1,0,1,0,1,0,1,0,1,0,1,0,1,0,1,0,0,1
1,0,0,0,1,1,1,89.25,89.25,0,0,0,1,0,0,0,0,0,0,0,0,0,1,0,1,0,0,0,0,1,0
1,0,0,0,5,1,1,19.25,86.05,0,0,0,0,1,0,1,0,1,0,1,0,1,0,1,0,1,0,0,0,0,1
0,0,0,0,66,1,1,104.55000305175781,6779.05,0,1,0,1,0,1,0,1,0,1,0,1,0,1,0,0,0,1,0,0,0,0
0,0,1,1,49,1,1,87.19999694824219,4345.0,0,0,0,0,0,1,0,1,0,1,0,1,0,1,0,1,0,1,0,0,0,1
0,1,1,0,3,0,1,30.75,82.85,0,0,1,0,0,0,0,1,0,0,0,0,0,0,0,0,0,0,0,0,1,0
1,0,1,1,66,1,1,25.700000762939453,1714.55,0,1,0,0,1,0,1,0,1,0,1,0,1,0,1,0,1,1,0,1,0,0
1,0,0,1,11,1,0,86.19999694824219,893.2,0,1,0,1,0,0,0,0,0,0,0,0,0,0,0,1,0,0,0,0,1,0
1,0,0,0,28,0,1,30.100000381469727,810.85,0,0,1,0,0,0,0,0,0,0,0,1,0,0,0,0,0,0,0,1,0,0
1,0,1,0,65,1,1,99.3499984741211,6347.55,0,1,0,1,0,1,0,1,0,1,0,0,0,1,0,0,0,0,1,0,1,0
0,0,0,0,62,1,1,19.200000762939453,1123.65,0,0,0,0,1,0,1,0,1,0,1,0,1,0,1,0,1,0,1,1,0,0
0,0,1,0,2,1,0,20.100000381469727,43.15,0,0,0,0,1,0,1,0,1,0,1,0,1,0,1,0,1,0,0,0,0,0
0,0,0,0,2,1,0,20.350000381469727,35.1,0,0,0,0,1,0,1,0,1,0,1,0,1,0,1,0,1,0,0,1,0,0
0,0,1,1,55,1,1,25.649999618530273,1388.0,0,1,0,0,1,0,1,0,1,0,1,0,1,0,1,0,1,0,1,1,0,0
1,1,1,0,41,1,1,94.55000305175781,3851.45,0,0,0,1,0,0,0,1,0,0,0,0,0,1,0,1,0,0,0,0,1,0
0,0,1,1,17,1,1,104.19999694824219,1743.5,1,1,0,1,0,1,0,0,0,1,0,0,0,1,0,1,0,0,0,0,1,0
0,0,0,0,30,1,1,94.4000015258789,2638.1,0,0,0,1,0,0,0,0,0,0,0,1,0,1,0,1,0,1,0,0,0,0
1,0,0,0,17,1,0,56.099998474121094,946.95,0,0,0,0,0,1,0,1,0,0,0,0,0,0,0,0,0,1,0,0,0,1
0,0,1,1,16,1,0,68.25,1114.85,0,0,0,0,0,1,0,1,0,0,0,1,0,0,0,1,0,0,1,0,0,0
1,0,0,0,72,1,0,24.75,1777.6,0,1,0,0,1,0,1,0,1,0,1,0,1,0,1,0,1,0,1,0,0,0
1,0,0,0,9,1,1,76.25,684.85,0,1,0,1,0,0,0,0,0,0,0,0,0,0,0,0,0,0,0,0,1,0
0,0,0,0,1,1,0,74.3499984741211,74.35,0,0,0,1,0,0,0,1,0,0,0,0,0,0,0,0,0,0,0,0,1,0
1,0,0,1,23,1,0,54.150001525878906,1312.45,0,0,0,0,0,0,0,1,0,0,0,1,0,0,0,0,0,0,0,0,1,0
1,0,0,1,8,1,0,19.450000762939453,159.2,0,0,0,0,1,0,1,0,1,0,1,0,1,0,1,0,1,0,0,0,0,0
1,0,1,1,19,0,1,34.95000076293945,610.2,0,0,1,0,0,1,0,1,0,0,0,0,0,0,0,0,0,0,0,0,0,1
0,0,0,0,7,1,1,53.650001525878906,404.35,0,1,0,0,0,1,0,0,0,0,0,0,0,0,0,0,0,0,0,0,1,0
1,1,0,0,1,1,1,69.6500015258789,69.65,1,0,0,1,0,0,0,0,0,0,0,0,0,0,0,0,0,0,0,0,1,0
1,0,0,0,61,1,0,104.0,6363.45,0,1,0,1,0,1,0,0,0,1,0,0,0,1,0,1,0,1,0,0,1,0
0,0,1,0,57,1,1,70.3499984741211,4124.65,0,0,0,0,0,1,0,1,0,0,0,1,0,1,0,0,0,0,1,1,0,0
1,0,0,0,9,1,1,80.80000305175781,713.1,1,0,0,1,0,0,0,0,0,0,0,0,0,0,0,1,0,0,0,0,1,0
1,0,0,1,15,1,0,64.8499984741211,950.75,0,0,0,0,0,1,0,0,0,1,0,0,0,0,0,1,0,1,0,0,0,1
0,0,0,0,1,1,0,19.649999618530273,19.65,0,0,0,0,1,0,1,0,1,0,1,0,1,0,1,0,1,0,0,0,0,1
0,0,1,0,12,1,0,45.900001525878906,505.95,0,0,0,0,0,0,0,0,0,0,0,0,0,0,0,0,0,0,0,0,0,0
1,0,0,0,54,1,0,20.0,1149.65,0,0,0,0,1,0,1,0,1,0,1,0,1,0,1,0,1,0,1,0,0,1
1,0,1,1,4,1,0,44.79999923706055,169.65,0,0,0,0,0,0,0,0,0,0,0,0,0,0,0,0,0,0,0,0,1,0
0,0,0,0,7,1,1,80.30000305175781,526.7,1,0,0,1,0,0,0,0,0,0,0,0,0,1,0,0,0,0,0,0,0,1
0,0,1,0,20,1,0,20.350000381469727,393.15,0,0,0,0,1,0,1,0,1,0,1,0,1,0,1,0,1,1,0,0,0,1
0,0,0,1,26,0,0,45.79999923706055,1147.0,0,0,1,0,0,1,0,0,0,0,0,1,0,0,0,1,0,0,0,0,0,1
1,1,1,0,36,1,1,84.0999984741211,3021.6,1,1,0,1,0,0,0,0,0,0,0,0,0,0,0,1,0,0,0,0,1,0
0,0,1,0,53,1,1,108.94999694824219,5718.2,0,1,0,1,0,0,0,1,0,1,0,1,0,1,0,1,0,1,0,0,0,0
1,0,0,0,3,1,1,69.3499984741211,191.35,1,0,0,0,0,0,0,0,0,0,0,1,0,1,0,1,0,0,0,0,1,0
0,0,0,0,68,0,0,64.3499984741211,4539.6,0,0,1,0,0,1,0,1,0,1,0,1,0,1,0,1,0,0,1,1,0,0
1,0,1,1,72,1,1,90.80000305175781,6397.6,0,1,0,0,0,1,0,1,0,1,0,1,0,1,0,1,0,0,1,1,0,0
1,0,0,0,12,1,0,24.950000762939453,280.4,0,1,0,0,1,0,1,0,1,0,1,0,1,0,1,0,1,1,0,1,0,0
0,1,1,1,34,1,1,79.5999984741211,2718.3,1,1,0,1,0,0,0,1,0,0,0,0,0,0,0,0,0,0,0,0,0,1
0,0,1,0,68,1,1,84.69999694824219,5711.05,0,1,0,1,0,1,0,1,0,0,0,0,0,0,0,0,0,0,1,0,0,0
0,0,0,1,50,1,1,70.80000305175781,3478.15,0,0,0,0,0,1,0,0,0,1,0,1,0,1,0,0,0,1,0,1,0,0
0,1,0,0,1,0,1,36.45000076293945,36.45,1,0,1,0,0,0,0,0,0,0,0,0,0,1,0,0,0,0,0,0,1,0
0,1,0,0,41,1,1,104.4000015258789,4133.95,0,1,0,1,0,0,0,1,0,1,0,0,0,1,0,1,0,0,0,0,1,0
1,1,1,0,30,1,1,101.5,2917.65,0,1,0,1,0,0,0,0,0,0,0,1,0,1,0,1,0,0,0,0,1,0
1,0,0,0,1,1,0,54.29999923706055,54.3,0,1,0,0,0,0,0,1,0,0,0,0,0,0,0,0,0,0,0,0,1,0
1,1,1,1,29,1,1,103.94999694824219,2964.8,0,1,0,1,0,0,0,0,0,1,0,0,0,1,0,1,0,0,0,0,1,0
0,0,1,1,23,1,1,91.0999984741211,2198.3,0,1,0,0,0,1,0,1,0,1,0,1,0,1,0,1,0,0,1,1,0,0
1,0,0,1,60,1,0,19.950000762939453,1189.9,0,0,0,0,1,0,1,0,1,0,1,0,1,0,1,0,1,0,1,0,0,1
0,0,1,0,72,1,0,26.450000762939453,1914.5,0,1,0,0,1,0,1,0,1,0,1,0,1,0,1,0,1,0,1,1,0,0
1,0,0,1,22,1,1,89.4000015258789,2001.5,1,0,0,1,0,0,0,1,0,1,0,0,0,1,0,0,0,0,0,0,1,0
1,0,0,0,72,1,1,75.0999984741211,5336.35,0,0,0,0,0,1,0,1,0,1,0,1,0,1,0,0,0,0,1,0,0,0
0,1,0,0,66,1,0,108.0999984741211,7238.6,0,1,0,1,0,0,0,1,0,1,0,0,0,1,0,1,0,1,0,0,0,0
0,0,1,0,72,1,1,110.1500015258789,7998.8,0,1,0,1,0,0,0,1,0,1,0,1,0,1,0,1,0,0,1,0,1,0
0,1,1,0,47,1,0,80.3499984741211,3825.85,1,1,0,1,0,1,0,0,0,0,0,0,0,0,0,0,0,0,0,0,1,0
0,0,0,0,51,1,1,111.5,5703.25,0,1,0,1,0,0,0,1,0,1,0,1,0,1,0,1,0,1,0,0,1,0
0,0,1,1,70,1,1,106.5,7397.0,0,1,0,1,0,0,0,1,0,1,0,0,0,1,0,1,0,1,0,0,1,0
1,0,0,0,9,1,1,19.899999618530273,164.6,0,0,0,0,1,0,1,0,1,0,1,0,1,0,1,0,1,1,0,0,1,0
1,0,1,1,59,1,1,111.0999984741211,6555.2,0,1,0,1,0,1,0,1,0,0,0,1,0,1,0,1,0,0,1,0,0,1
1,0,0,1,3,1,0,70.69999694824219,225.65,0,0,0,0,0,0,0,0,0,0,0,1,0,1,0,1,0,0,0,0,0,1
1,1,1,0,38,0,1,24.850000381469727,955.75,0,0,1,0,0,0,0,0,0,0,0,0,0,0,0,0,0,0,0,0,1,0
0,0,0,0,37,1,0,91.19999694824219,3382.3,0,1,0,1,0,1,0,1,0,1,0,0,0,0,0,0,0,0,0,0,0,0
1,0,0,0,37,1,0,65.5999984741211,2313.8,0,0,0,0,0,1,0,1,0,1,0,1,0,0,0,0,0,0,1,0,0,0
0,1,1,0,24,0,1,40.650001525878906,933.3,1,0,1,0,0,0,0,0,0,1,0,0,0,0,0,1,0,0,0,1,0,0
0,0,1,1,14,1,0,59.45000076293945,780.85,0,0,0,0,0,1,0,1,0,0,0,1,0,0,0,0,0,0,0,0,0,0
1,0,1,0,72,1,1,109.94999694824219,7852.4,0,1,0,1,0,1,0,1,0,0,0,1,0,1,0,1,0,0,1,1,0,0
1,0,1,0,53,0,1,60.45000076293945,3184.25,1,0,1,0,0,0,0,1,0,1,0,1,0,1,0,1,0,1,0,0,1,0
0,0,1,0,8,1,1,84.9000015258789,764.95,1,1,0,1,0,0,0,0,0,0,0,0,0,0,0,1,0,0,0,0,1,0
1,0,1,1,72,0,0,38.5,2763.0,0,0,1,0,0,1,0,1,0,1,0,0,0,0,0,0,0,0,1,1,0,0
0,1,1,0,17,1,1,92.55000305175781,1614.7,0,1,0,1,0,0,0,0,0,0,0,0,0,1,0,1,0,0,0,0,1,0
0,0,1,1,2,1,1,73.55000305175781,145.4,1,0,0,1,0,0,0,1,0,0,0,0,0,0,0,0,0,0,0,0,0,0
0,0,1,0,8,1,0,20.149999618530273,156.25,1,0,0,0,1,0,1,0,1,0,1,0,1,0,1,0,1,0,0,0,0,0
0,0,1,0,48,0,0,34.70000076293945,1604.5,1,0,1,0,0,0,0,1,0,1,0,0,0,0,0,0,0,1,0,0,0,1
0,0,0,0,10,1,1,24.5,270.15,0,1,0,0,1,0,1,0,1,0,1,0,1,0,1,0,1,0,0,0,0,1
1,0,1,1,0,1,1,19.700000762939453,0.0,0,0,0,0,1,0,1,0,1,0,1,0,1,0,1,0,1,1,0,0,0,1
1,0,0,0,1,1,0,20.600000381469727,20.6,0,0,0,0,1,0,1,0,1,0,1,0,1,0,1,0,1,0,0,0,0,1
0,0,0,0,29,1,0,58.0,1734.5,0,0,0,0,0,1,0,0,0,1,0,1,0,0,0,0,0,1,0,1,0,0
0,1,1,1,65,1,1,107.44999694824219,7047.5,0,1,0,1,0,0,0,1,0,1,0,0,0,1,0,1,0,1,0,0,1,0
0,0,0,0,8,1,1,65.5,573.15,0,1,0,0,0,1,0,1,0,1,0,0,0,0,0,0,0,0,0,0,0,0
1,0,1,0,61,1,0,25.450000762939453,1538.6,0,1,0,0,1,0,1,0,1,0,1,0,1,0,1,0,1,0,1,0,0,0
0,1,0,0,45,1,1,100.1500015258789,4459.8,0,1,0,1,0,0,0,0,0,1,0,0,0,1,0,1,0,1,0,0,0,0
1,0,1,1,72,1,1,104.44999694824219,7459.0,0,1,0,1,0,0,0,1,0,1,0,0,0,1,0,1,0,1,0,1,0,0
1,0,1,1,12,1,1,21.149999618530273,306.05,0,0,0,0,1,0,1,0,1,0,1,0,1,0,1,0,1,0,0,0,1,0
1,0,0,0,7,1,0,96.19999694824219,639.7,0,1,0,1,0,0,0,0,0,0,0,0,0,1,0,1,0,0,0,0,1,0
1,0,0,0,9,1,1,44.400001525878906,348.15,0,0,0,0,0,0,0,0,0,0,0,0,0,0,0,0,0,0,0,0,0,1
0,1,1,0,43,1,1,107.55000305175781,4533.9,1,1,0,1,0,0,0,0,0,1,0,1,0,1,0,1,0,1,0,0,1,0
1,0,1,1,58,1,0,94.3499984741211,5563.65,0,1,0,1,0,0,0,0,0,1,0,1,0,0,0,1,0,0,1,0,0,0
1,1,1,0,16,1,1,98.75,1587.55,1,1,0,1,0,0,0,0,0,1,0,0,0,1,0,1,0,0,0,0,1,0
1,0,1,1,2,1,0,20.299999237060547,40.25,0,0,0,0,1,0,1,0,1,0,1,0,1,0,1,0,1,0,0,0,0,1
0,0,1,0,8,1,0,101.1500015258789,842.9,1,0,0,1,0,0,0,1,0,1,0,0,0,1,0,1,0,0,0,0,1,0
0,0,1,0,40,1,0,105.75,4228.55,0,1,0,1,0,1,0,0,0,1,0,0,0,1,0,1,0,1,0,0,0,0
1,0,0,0,9,1,1,81.1500015258789,784.45,0,1,0,1,0,1,0,0,0,0,0,0,0,0,0,0,0,0,0,0,1,0
1,0,0,0,41,1,1,89.55000305175781,3729.75,0,0,0,1,0,0,0,1,0,0,0,1,0,1,0,0,0,1,0,0,1,0
0,0,0,0,26,1,1,54.75,1406.9,0,0,0,0,0,0,0,1,0,1,0,0,0,0,0,0,0,0,0,1,0,0
0,0,1,0,33,1,1,53.75,1857.3,0,0,0,0,0,0,0,1,0,0,0,1,0,0,0,0,0,1,0,1,0,0
1,0,1,1,68,1,0,105.75,7322.5,0,0,0,1,0,0,0,1,0,1,0,1,0,1,0,1,0,1,0,1,0,0
0,1,1,0,65,1,1,105.8499984741211,6725.5,0,0,0,1,0,0,0,1,0,1,0,1,0,1,0,1,0,0,1,1,0,0
1,0,0,0,55,1,1,64.19999694824219,3627.3,0,0,0,0,0,0,0,1,0,0,0,1,0,0,0,1,0,1,0,0,1,0
1,0,0,0,20,1,1,88.69999694824219,1761.45,1,1,0,1,0,0,0,0,0,1,0,0,0,1,0,0,0,0,0,0,1,0
1,0,0,0,19,1,1,87.69999694824219,1725.95,0,0,0,1,0,0,0,0,0,0,0,1,0,0,0,1,0,1,0,1,0,0
0,0,0,0,45,1,1,89.30000305175781,4192.15,0,1,0,1,0,0,0,0,0,1,0,0,0,0,0,1,0,0,0,1,0,0
0,0,1,1,70,1,1,20.149999618530273,1411.2,0,0,0,0,1,0,1,0,1,0,1,0,1,0,1,0,1,0,1,1,0,0
0,0,0,0,2,1,1,79.75,164.5,1,0,0,1,0,0,0,0,0,0,0,0,0,1,0,0,0,0,0,0,1,0
0,0,0,0,27,1,1,94.55000305175781,2724.6,1,1,0,1,0,0,0,0,0,0,0,0,0,1,0,1,0,0,0,0,0,1
0,0,1,0,12,1,1,20.049999237060547,264.55,0,0,0,0,1,0,1,0,1,0,1,0,1,0,1,0,1,0,1,0,1,0
1,0,0,1,72,0,0,67.19999694824219,4671.7,0,0,1,0,0,1,0,1,0,1,0,1,0,1,0,1,0,0,1,1,0,0
1,0,0,0,12,1,0,94.55000305175781,1173.55,0,1,0,1,0,0,0,0,0,0,0,0,0,1,0,1,0,0,0,0,1,0
0,1,0,0,5,1,1,69.05000305175781,318.5,1,0,0,1,0,0,0,0,0,0,0,0,0,0,0,0,0,0,0,0,0,1
1,1,1,0,71,1,1,107.5,7713.55,0,1,0,1,0,1,0,1,0,1,0,0,0,1,0,1,0,0,0,0,1,0
1,1,0,0,35,1,1,73.0,2471.25,0,0,0,0,0,0,0,0,0,1,0,1,0,1,0,1,0,1,0,0,1,0
1,0,1,1,70,1,0,114.75,7842.3,0,1,0,1,0,1,0,1,0,1,0,1,0,1,0,1,0,0,1,1,0,0
0,0,0,0,31,1,1,76.05000305175781,2227.8,0,1,0,1,0,0,0,0,0,0,0,0,0,0,0,0,0,0,0,0,1,0
1,0,1,1,52,1,1,96.25,4990.25,1,1,0,1,0,0,0,0,0,1,0,1,0,0,0,1,0,0,1,0,0,0
1,1,0,0,37,1,1,101.0999984741211,3744.05,1,1,0,1,0,0,0,0,0,1,0,0,0,1,0,1,0,0,0,0,1,0
1,0,0,0,69,1,1,104.69999694824219,7220.35,1,1,0,1,0,0,0,1,0,0,0,1,0,1,0,1,0,1,0,0,0,0
1,1,1,0,30,1,0,77.9000015258789,2351.45,0,1,0,1,0,0,0,0,0,0,0,0,0,0,0,0,0,0,0,0,0,1
0,0,0,0,33,1,1,90.6500015258789,2989.6,0,1,0,1,0,1,0,0,0,0,0,0,0,0,0,1,0,0,0,0,1,0
1,1,1,0,54,1,1,110.44999694824219,6077.75,0,1,0,1,0,0,0,1,0,1,0,1,0,1,0,1,0,0,1,0,1,0
0,0,0,0,59,1,0,68.69999694824219,4070.95,0,1,0,0,0,1,0,0,0,0,0,1,0,0,0,1,0,1,0,0,0,0
1,1,0,0,55,0,1,44.849998474121094,2479.05,0,0,1,0,0,1,0,1,0,0,0,0,0,1,0,0,0,0,0,0,1,0
1,1,1,0,69,0,1,29.799999237060547,2134.3,0,0,1,0,0,0,0,0,0,1,0,0,0,0,0,0,0,1,0,1,0,0
0,0,0,0,66,1,1,88.9000015258789,6000.1,0,1,0,1,0,0,0,1,0,0,0,0,0,1,0,0,0,1,0,0,0,0
1,0,1,1,37,1,1,58.75,2203.1,0,0,0,0,0,1,0,0,0,1,0,1,0,0,0,0,0,1,0,0,0,1
1,1,1,0,9,1,0,19.850000381469727,183.15,0,0,0,0,1,0,1,0,1,0,1,0,1,0,1,0,1,1,0,1,0,0
1,0,1,1,69,1,0,86.9000015258789,6194.1,0,1,0,0,0,1,0,0,0,1,0,1,0,1,0,1,0,0,1,0,0,0
1,0,0,0,10,1,1,59.650001525878906,638.95,0,0,0,0,0,0,0,1,0,0,0,0,0,1,0,0,0,0,0,0,0,1
1,0,0,1,40,1,1,55.25,2139.2,1,0,0,0,0,1,0,1,0,0,0,0,0,0,0,0,0,0,0,0,0,1
1,0,0,1,13,1,0,66.4000015258789,831.75,0,0,0,0,0,0,0,0,0,0,0,0,0,1,0,1,0,0,0,1,0,0
0,0,0,0,6,1,1,90.0999984741211,521.3,1,1,0,1,0,0,0,1,0,0,0,0,0,1,0,0,0,0,0,0,1,0
0,0,1,1,69,1,0,20.149999618530273,1337.5,0,0,0,0,1,0,1,0,1,0,1,0,1,0,1,0,1,0,1,0,0,0
0,1,1,0,66,1,1,108.0999984741211,7181.95,0,1,0,1,0,0,0,1,0,1,0,1,0,1,0,1,0,1,0,1,0,0
1,0,0,0,11,1,0,53.75,608.0,1,1,0,0,0,0,0,0,0,1,0,0,0,0,0,0,0,0,0,0,1,0
1,0,1,1,46,1,0,56.900001525878906,2560.1,0,0,0,0,0,1,0,0,0,1,0,1,0,0,0,0,0,1,0,0,0,1
0,0,0,0,6,1,0,89.30000305175781,577.6,1,0,0,1,0,0,0,0,0,0,0,0,0,1,0,1,0,0,0,0,1,0
0,0,1,1,56,1,1,109.5999984741211,5953.0,0,1,0,1,0,1,0,0,0,1,0,1,0,1,0,1,0,0,0,0,0,1
1,0,1,1,70,1,0,25.149999618530273,1790.15,0,1,0,0,1,0,1,0,1,0,1,0,1,0,1,0,1,0,1,1,0,0
0,0,1,1,33,1,1,79.1500015258789,2531.4,0,1,0,0,0,0,0,0,0,1,0,1,0,1,0,1,0,1,0,0,1,0
0,0,1,1,72,1,0,66.75,4760.3,0,1,0,0,0,1,0,1,0,0,0,1,0,0,0,0,0,0,1,1,0,0
0,0,1,0,3,1,1,95.19999694824219,292.85,1,1,0,1,0,0,0,0,0,0,0,0,0,1,0,1,0,0,0,0,1,0
0,0,0,1,19,1,0,48.79999923706055,953.65,0,0,0,0,0,0,0,0,0,0,0,1,0,0,0,0,0,0,0,0,0,1
0,1,0,0,5,0,0,45.70000076293945,198.0,1,0,1,0,0,0,0,0,0,0,0,0,0,1,0,1,0,0,0,0,1,0
0,0,1,0,71,1,1,80.69999694824219,5705.05,0,0,0,0,0,0,0,1,0,1,0,1,0,1,0,1,0,0,1,1,0,0
1,0,1,0,8,1,1,74.5,609.9,1,0,0,1,0,1,0,0,0,0,0,0,0,0,0,0,0,0,0,0,1,0
1,0,0,0,1,1,0,20.549999237060547,20.55,0,0,0,0,1,0,1,0,1,0,1,0,1,0,1,0,1,0,0,1,0,0
0,0,0,0,1,1,1,79.6500015258789,79.65,1,0,0,1,0,0,0,0,0,0,0,0,0,1,0,0,0,0,0,0,1,0
0,0,0,0,61,1,1,115.0999984741211,6993.65,0,1,0,1,0,1,0,1,0,1,0,1,0,1,0,1,0,1,0,0,0,1
0,0,1,1,71,0,0,59.70000076293945,4122.65,0,0,1,0,0,1,0,1,0,0,0,1,0,1,0,1,0,0,1,0,0,0
0,0,1,0,68,1,0,86.44999694824219,5762.95,0,1,0,1,0,0,0,1,0,1,0,0,0,0,0,0,0,1,0,1,0,0
1,0,0,0,46,0,0,33.70000076293945,1537.85,0,0,1,0,0,0,0,0,0,1,0,1,0,0,0,0,0,1,0,1,0,0
1,0,0,0,33,1,0,80.0999984741211,2603.3,0,1,0,1,0,1,0,0,0,0,0,0,0,0,0,0,0,1,0,0,0,0
0,0,1,1,53,1,1,104.05000305175781,5566.4,0,1,0,1,0,1,0,1,0,1,0,1,0,0,0,1,0,0,1,0,0,0
0,1,1,0,50,1,0,108.75,5431.9,0,1,0,1,0,1,0,1,0,1,0,0,0,1,0,1,0,0,0,0,0,0
0,0,0,0,57,0,1,41.099998474121094,2258.25,0,0,1,0,0,1,0,0,0,1,0,1,0,0,0,0,0,1,0,1,0,0
0,0,1,1,54,1,1,20.350000381469727,1092.35,0,0,0,0,1,0,1,0,1,0,1,0,1,0,1,0,1,0,1,0,0,0
0,1,1,0,60,1,1,105.9000015258789,6401.25,0,1,0,1,0,0,0,1,0,1,0,0,0,1,0,1,0,0,0,0,1,0
0,1,1,0,28,1,1,101.30000305175781,2812.2,1,1,0,1,0,0,0,0,0,0,0,1,0,1,0,1,0,0,0,1,0,0
0,0,1,1,1,1,1,80.05000305175781,80.05,1,0,0,1,0,0,0,0,0,0,0,0,0,1,0,0,0,0,0,0,0,1
1,0,1,1,29,1,1,89.19999694824219,2698.35,1,1,0,1,0,0,0,0,0,1,0,0,0,0,0,1,0,0,0,0,1,0
0,0,1,1,10,1,1,65.5,616.9,0,0,0,0,0,0,0,1,0,0,0,1,0,0,0,1,0,0,0,0,1,0
1,0,0,1,43,0,1,40.45000076293945,1912.85,0,0,1,0,0,1,0,1,0,1,0,0,0,0,0,0,0,0,0,0,1,0
1,1,1,0,13,1,0,70.44999694824219,849.1,0,0,0,1,0,0,0,0,0,0,0,0,0,0,0,0,0,0,0,0,0,0
0,0,1,0,43,1,1,78.80000305175781,3460.3,0,0,0,0,0,1,0,0,0,1,0,1,0,1,0,1,0,0,1,0,1,0
1,0,1,1,19,1,1,83.6500015258789,1465.75,1,1,0,1,0,0,0,0,0,0,0,0,0,0,0,1,0,0,0,0,1,0
1,0,1,1,1,1,1,90.0999984741211,90.1,0,0,0,1,0,0,0,0,0,0,0,0,0,1,0,1,0,0,0,0,1,0
0,0,0,0,69,1,1,82.44999694824219,5555.3,0,0,0,0,0,1,0,0,0,1,0,1,0,1,0,1,0,0,1,1,0,0
0,0,1,0,61,1,0,20.25,1278.8,0,0,0,0,1,0,1,0,1,0,1,0,1,0,1,0,1,0,1,1,0,0
1,0,1,0,43,1,0,66.25,2907.35,0,1,0,0,0,1,0,1,0,0,0,1,0,0,0,0,0,0,0,0,0,0
0,0,1,0,6,1,0,19.5,146.3,1,0,0,0,1,0,1,0,1,0,1,0,1,0,1,0,1,0,0,0,0,0
1,0,0,0,1,1,0,51.25,51.25,1,0,0,0,0,0,0,0,0,0,0,1,0,0,0,0,0,0,0,0,0,1
1,0,1,0,56,1,0,89.69999694824219,4952.95,0,0,0,1,0,0,0,0,0,0,0,0,0,1,0,1,0,0,0,0,0,1
0,0,1,0,70,0,0,64.55000305175781,4504.9,0,0,1,0,0,1,0,1,0,1,0,1,0,1,0,1,0,0,1,0,0,0
1,0,0,0,1,1,1,45.599998474121094,45.6,1,0,0,0,0,0,0,0,0,0,0,0,0,0,0,0,0,0,0,0,1,0
1,0,1,1,49,1,1,93.6500015258789,4520.15,0,1,0,1,0,0,0,1,0,1,0,0,0,1,0,0,0,1,0,0,1,0
0,0,0,0,6,1,1,49.650001525878906,267.35,1,0,0,0,0,0,0,0,0,0,0,1,0,0,0,0,0,0,0,0,0,0
0,0,1,1,32,1,0,73.5999984741211,2316.85,0,0,0,0,0,1,0,1,0,1,0,1,0,0,0,1,0,0,1,0,0,1
0,1,1,0,72,1,1,109.75,8075.35,0,1,0,1,0,1,0,0,0,1,0,1,0,1,0,1,0,0,1,0,0,1
1,0,0,1,37,1,0,61.45000076293945,2302.35,0,0,0,0,0,1,0,1,0,0,0,1,0,0,0,0,0,0,1,1,0,0
0,0,1,0,69,1,1,106.4000015258789,7251.9,0,0,0,1,0,1,0,1,0,0,0,1,0,1,0,1,0,1,0,1,0,0
0,0,1,0,26,1,0,81.9000015258789,2078.55,0,0,0,0,0,0,0,1,0,1,0,1,0,1,0,1,0,0,0,0,0,0
0,0,1,1,58,1,1,105.19999694824219,6225.4,0,1,0,1,0,0,0,1,0,1,0,0,0,1,0,1,0,1,0,1,0,0
1,0,0,0,24,1,0,54.599998474121094,1242.25,0,1,0,0,0,0,0,0,0,0,0,1,0,0,0,0,0,1,0,0,0,0
1,0,1,1,5,1,0,20.549999237060547,99.45,0,0,0,0,1,0,1,0,1,0,1,0,1,0,1,0,1,1,0,0,1,0
1,0,1,1,15,1,1,20.0,288.05,1,0,0,0,1,0,1,0,1,0,1,0,1,0,1,0,1,0,0,0,1,0
0,0,1,1,30,1,0,19.700000762939453,599.25,0,0,0,0,1,0,1,0,1,0,1,0,1,0,1,0,1,0,1,0,0,1
0,0,1,0,55,1,1,66.05000305175781,3462.1,0,1,0,0,0,1,0,1,0,0,0,1,0,0,0,0,0,1,0,1,0,0
0,0,1,0,25,0,1,34.0,853.0,1,0,1,0,0,0,0,0,0,0,0,0,0,1,0,0,0,0,0,0,0,0
1,1,1,0,10,1,1,92.5,934.1,1,0,0,1,0,0,0,1,0,1,0,1,0,1,0,0,0,0,0,0,0,1
1,0,1,1,44,0,1,54.04999923706055,2375.2,0,0,1,0,0,1,0,1,0,1,0,1,0,0,0,1,0,0,1,1,0,0
0,0,0,0,47,1,1,58.900001525878906,2813.05,0,0,0,0,0,1,0,1,0,0,0,1,0,0,0,0,0,1,0,0,0,1
0,0,1,1,13,1,0,88.3499984741211,1222.8,1,0,0,1,0,0,0,0,0,0,0,0,0,1,0,1,0,0,0,0,1,0
0,0,1,1,49,1,1,107.94999694824219,5293.2,1,1,0,1,0,0,0,1,0,1,0,1,0,1,0,1,0,0,1,0,0,0
0,0,1,0,64,1,1,96.9000015258789,6314.35,0,0,0,1,0,1,0,0,0,0,0,1,0,1,0,1,0,1,0,0,0,1
1,0,0,0,1,1,0,19.100000381469727,19.1,0,0,0,0,1,0,1,0,1,0,1,0,1,0,1,0,1,0,0,0,0,1
1,0,0,0,20,1,0,50.0,1003.05,0,0,0,0,0,0,0,0,0,0,0,1,0,0,0,0,0,0,0,0,0,1
0,0,1,0,37,0,0,45.400001525878906,1593.1,0,0,1,0,0,1,0,0,0,0,0,1,0,1,0,0,0,0,1,0,1,0
1,0,1,1,30,1,0,85.44999694824219,2509.95,0,1,0,1,0,0,0,0,0,0,0,0,0,1,0,0,0,0,0,0,1,0
0,0,0,0,38,1,0,84.0999984741211,3187.65,0,1,0,0,0,1,0,1,0,1,0,0,0,1,0,1,0,1,0,0,0,0
0,1,0,0,1,1,1,74.44999694824219,74.45,1,1,0,1,0,0,0,0,0,0,0,0,0,0,0,0,0,0,0,0,0,1
0,0,0,0,37,1,1,64.75,2345.2,1,0,0,0,0,0,0,0,0,0,0,0,0,1,0,1,0,0,0,0,1,0
0,0,1,0,52,0,0,66.25,3330.1,0,0,1,0,0,1,0,1,0,1,0,1,0,1,0,1,0,0,1,1,0,0
1,0,0,1,71,1,1,76.9000015258789,5522.7,0,0,0,0,0,1,0,1,0,1,0,1,0,1,0,0,0,0,1,1,0,0
1,0,0,0,26,1,0,89.80000305175781,2335.3,1,0,0,1,0,0,0,1,0,1,0,0,0,1,0,0,0,0,0,0,1,0
1,0,0,0,66,1,1,74.5999984741211,4798.4,0,1,0,0,0,1,0,1,0,1,0,0,0,0,0,1,0,0,1,1,0,0
1,0,1,0,72,1,1,116.94999694824219,8594.4,0,1,0,1,0,1,0,1,0,1,0,1,0,1,0,1,0,0,1,1,0,0
1,0,0,1,25,0,1,40.650001525878906,970.55,0,0,1,0,0,1,0,0,0,0,0,0,0,1,0,0,0,1,0,1,0,0
1,0,1,1,69,1,1,114.3499984741211,7665.8,0,1,0,1,0,1,0,1,0,1,0,1,0,1,0,1,0,0,1,0,0,0
1,0,1,1,53,1,0,69.69999694824219,3686.05,0,1,0,0,0,1,0,1,0,0,0,0,0,0,0,1,0,0,1,0,0,0
0,0,0,0,12,1,0,95.5,1115.15,1,0,0,1,0,0,0,0,0,1,0,0,0,1,0,1,0,1,0,0,0,1
1,0,0,0,26,1,1,98.6500015258789,2537.0,0,0,0,1,0,0,0,0,0,1,0,1,0,1,0,1,0,0,0,0,1,0
1,0,0,0,21,1,0,61.650001525878906,1393.6,0,0,0,0,0,0,0,0,0,1,0,0,0,0,0,1,0,0,0,0,0,1
0,0,0,1,1,1,1,89.3499984741211,89.35,0,0,0,1,0,0,0,0,0,0,0,0,0,1,0,1,0,0,0,0,1,0
1,0,0,0,48,1,1,95.4000015258789,4445.3,0,1,0,1,0,1,0,0,0,0,0,1,0,0,0,1,0,0,0,0,1,0
0,0,1,0,26,0,0,35.400001525878906,978.6,0,0,1,0,0,1,0,0,0,1,0,0,0,0,0,0,0,1,0,1,0,0
1,0,1,0,60,1,0,19.950000762939453,1258.15,0,0,0,0,1,0,1,0,1,0,1,0,1,0,1,0,1,0,1,0,0,1
1,0,0,0,18,1,0,19.25,331.35,0,0,0,0,1,0,1,0,1,0,1,0,1,0,1,0,1,0,0,0,0,1
0,1,0,0,10,0,1,29.649999618530273,291.4,1,0,1,0,0,0,0,0,0,0,0,1,0,0,0,0,0,0,0,0,1,0
1,0,1,1,5,1,1,84.5,453.75,1,1,0,1,0,1,0,0,0,1,0,0,0,0,0,0,0,0,0,0,1,0
0,0,0,1,4,1,1,20.399999618530273,84.75,0,0,0,0,1,0,1,0,1,0,1,0,1,0,1,0,1,1,0,0,0,1
1,0,1,1,65,1,0,24.75,1715.1,0,1,0,0,1,0,1,0,1,0,1,0,1,0,1,0,1,0,1,1,0,0
1,0,1,1,70,1,0,25.350000381469727,1715.15,0,1,0,0,1,0,1,0,1,0,1,0,1,0,1,0,1,0,1,0,0,1
1,0,0,0,18,1,1,90.69999694824219,1597.25,1,1,0,1,0,0,0,0,0,1,0,0,0,0,0,1,0,0,0,1,0,0
1,0,0,1,62,1,0,20.0,1250.1,0,0,0,0,1,0,1,0,1,0,1,0,1,0,1,0,1,0,1,0,0,0
0,0,1,1,66,1,1,59.75,3996.8,0,0,0,0,0,1,0,0,0,0,0,0,0,1,0,0,0,0,1,0,1,0
0,0,1,1,65,1,1,82.5,5215.1,0,1,0,0,0,1,0,1,0,0,0,1,0,1,0,1,0,0,1,0,0,0
0,1,0,0,3,1,1,70.30000305175781,235.5,1,0,0,1,0,0,0,0,0,0,0,0,0,0,0,0,0,0,0,0,1,0
0,0,0,0,34,1,0,20.350000381469727,673.2,0,0,0,0,1,0,1,0,1,0,1,0,1,0,1,0,1,0,0,0,0,1
1,0,1,1,16,1,1,90.80000305175781,1442.2,0,1,0,1,0,0,0,0,0,1,0,0,0,1,0,0,0,0,0,0,0,0
0,0,0,0,54,1,1,103.94999694824219,5639.05,1,1,0,1,0,1,0,0,0,1,0,0,0,1,0,1,0,1,0,0,0,0
0,1,0,0,50,1,1,104.94999694824219,5222.35,0,1,0,1,0,0,0,0,0,1,0,1,0,1,0,1,0,0,0,0,1,0
1,0,1,0,71,1,1,105.25,7291.75,0,0,0,1,0,0,0,1,0,1,0,1,0,1,0,1,0,0,1,0,1,0
0,0,0,0,10,1,1,74.75,799.65,1,1,0,1,0,0,0,0,0,0,0,0,0,0,0,0,0,0,0,0,1,0
0,0,0,0,1,1,1,50.79999923706055,50.8,1,0,0,0,0,0,0,0,0,0,0,1,0,0,0,0,0,0,0,0,1,0
1,0,0,0,18,1,0,23.75,424.5,0,1,0,0,1,0,1,0,1,0,1,0,1,0,1,0,1,1,0,0,0,1
1,0,0,0,4,1,1,61.29999923706055,249.4,0,0,0,0,0,0,0,0,0,0,0,1,0,1,0,0,0,0,0,0,1,0
0,0,1,1,58,1,0,75.80000305175781,4415.75,0,1,0,0,0,1,0,0,0,1,0,1,0,1,0,0,0,0,1,0,0,1
0,0,1,0,56,1,1,98.0,5270.6,0,1,0,1,0,1,0,0,0,0,0,0,0,1,0,1,0,1,0,0,1,0
1,0,0,0,2,1,1,80.25,144.55,1,0,0,1,0,0,0,0,0,0,0,0,0,1,0,0,0,0,0,0,1,0
1,0,1,0,32,1,1,78.9000015258789,2447.95,1,1,0,1,0,0,0,0,0,1,0,0,0,0,0,0,0,0,0,0,1,0
1,0,1,1,56,0,1,52.0,2884.9,0,0,1,0,0,1,0,1,0,0,0,1,0,1,0,0,0,1,0,0,0,1
1,0,0,0,36,1,1,84.75,3050.15,1,1,0,1,0,0,0,0,0,0,0,0,0,0,0,1,0,0,0,0,1,0
0,0,0,0,4,1,1,64.4000015258789,253.0,0,1,0,0,0,0,0,0,0,0,0,1,0,1,0,0,0,0,0,0,0,1
1,0,0,0,53,1,0,85.44999694824219,4517.25,1,1,0,1,0,0,0,0,0,0,0,0,0,1,0,0,0,0,0,0,0,0
1,0,0,0,10,1,1,45.79999923706055,436.2,0,0,0,0,0,0,0,0,0,0,0,0,0,0,0,0,0,0,0,1,0,0
1,0,0,0,4,0,0,30.5,118.4,0,0,1,0,0,0,0,0,0,0,0,1,0,0,0,0,0,0,0,0,1,0
1,0,1,1,1,1,0,19.899999618530273,19.9,1,0,0,0,1,0,1,0,1,0,1,0,1,0,1,0,1,0,0,0,0,1
0,0,1,0,51,1,0,69.1500015258789,3649.6,0,0,0,1,0,0,0,0,0,0,0,0,0,0,0,0,0,0,0,0,0,1
1,1,0,0,12,1,1,99.44999694824219,1200.15,1,1,0,1,0,0,0,0,0,1,0,0,0,1,0,1,0,0,0,0,1,0
0,0,0,0,6,0,1,49.25,255.6,0,0,1,0,0,0,0,0,0,0,0,1,0,1,0,1,0,1,0,0,0,1
1,0,1,1,63,0,0,39.349998474121094,2395.05,0,0,1,0,0,0,0,1,0,1,0,1,0,0,0,0,0,0,1,0,0,0
0,0,0,0,1,1,1,70.5999984741211,70.6,1,0,0,1,0,0,0,0,0,0,0,0,0,0,0,0,0,0,0,0,1,0
0,0,1,0,48,1,1,105.0999984741211,5083.55,0,1,0,1,0,0,0,1,0,0,0,1,0,1,0,1,0,0,0,1,0,0
0,0,0,0,5,1,1,81.0,389.6,1,0,0,1,0,0,0,0,0,0,0,0,0,1,0,0,0,0,0,1,0,0
0,0,0,1,35,1,1,20.100000381469727,644.5,0,0,0,0,1,0,1,0,1,0,1,0,1,0,1,0,1,1,0,1,0,0
1,0,0,0,6,1,1,84.8499984741211,523.5,1,0,0,1,0,0,0,1,0,0,0,0,0,1,0,0,0,0,0,0,1,0
1,0,0,0,2,1,0,19.75,39.3,0,0,0,0,1,0,1,0,1,0,1,0,1,0,1,0,1,0,0,0,0,1
0,0,0,0,50,1,0,19.75,989.05,0,0,0,0,1,0,1,0,1,0,1,0,1,0,1,0,1,1,0,0,0,0
0,0,0,0,33,1,1,70.4000015258789,2406.1,0,0,0,1,0,0,0,0,0,0,0,0,0,0,0,0,0,0,0,0,0,0
1,0,0,0,31,1,0,20.450000762939453,638.55,0,0,0,0,1,0,1,0,1,0,1,0,1,0,1,0,1,0,1,0,0,1
0,0,1,1,9,1,0,20.350000381469727,191.1,0,0,0,0,1,0,1,0,1,0,1,0,1,0,1,0,1,0,1,0,0,1
0,0,1,1,54,1,1,86.19999694824219,4524.05,0,1,0,0,0,0,0,1,0,1,0,1,0,1,0,1,0,0,0,0,1,0
0,0,0,0,46,1,1,95.6500015258789,4664.2,0,0,0,1,0,1,0,1,0,1,0,0,0,1,0,0,0,1,0,1,0,0
1,0,0,1,34,1,1,103.80000305175781,3470.8,0,1,0,1,0,1,0,1,0,0,0,0,0,1,0,1,0,1,0,0,1,0
1,0,1,1,71,1,1,97.19999694824219,6910.3,0,1,0,1,0,1,0,0,0,0,0,0,0,1,0,1,0,0,1,0,1,0
0,0,1,1,63,1,0,63.54999923706055,4014.2,0,0,0,0,0,1,0,1,0,1,0,1,0,0,0,0,0,0,1,0,0,1
0,0,0,0,51,1,0,24.950000762939453,1288.0,0,1,0,0,1,0,1,0,1,0,1,0,1,0,1,0,1,0,1,0,0,0
0,1,0,0,26,1,1,89.1500015258789,2277.65,1,1,0,1,0,0,0,1,0,0,0,0,0,1,0,0,0,0,0,0,1,0
0,0,1,0,64,1,1,99.0,6375.8,0,0,0,1,0,1,0,0,0,1,0,0,0,1,0,1,0,0,1,0,0,0
0,1,1,0,1,0,1,24.799999237060547,24.8,1,0,1,0,0,0,0,0,0,0,0,0,0,0,0,0,0,0,0,0,1,0
1,1,1,0,61,1,1,85.55000305175781,5251.75,0,1,0,1,0,0,0,1,0,0,0,1,0,0,0,0,0,1,0,0,0,0
0,0,0,0,15,1,1,94.0,1505.45,0,0,0,1,0,0,0,0,0,1,0,0,0,1,0,1,0,0,0,1,0,0
1,0,0,0,64,1,1,105.6500015258789,6903.1,1,1,0,1,0,0,0,1,0,0,0,1,0,1,0,1,0,1,0,1,0,0
0,0,0,0,18,1,1,50.29999923706055,913.3,0,1,0,0,0,0,0,0,0,0,0,0,0,0,0,0,0,0,0,0,1,0
0,0,1,1,57,1,1,95.0,5535.8,0,0,0,1,0,0,0,1,0,0,0,0,0,1,0,1,0,1,0,0,1,0
1,0,1,1,14,1,1,61.400001525878906,815.55,0,0,0,0,0,1,0,1,0,0,0,0,0,0,0,1,0,0,1,0,0,0
1,1,0,0,18,1,1,80.55000305175781,1411.65,0,1,0,1,0,0,0,1,0,0,0,0,0,0,0,0,0,0,0,1,0,0
0,1,1,0,72,1,0,78.5,5602.25,0,1,0,1,0,1,0,0,0,0,0,0,0,0,0,0,0,0,1,0,0,0
1,0,1,0,70,1,0,114.30000305175781,8244.3,0,1,0,1,0,1,0,1,0,1,0,1,0,1,0,1,0,0,1,1,0,0
0,0,0,0,38,1,0,20.049999237060547,741.5,0,0,0,0,1,0,1,0,1,0,1,0,1,0,1,0,1,0,1,0,0,1
1,0,1,1,68,1,0,62.650001525878906,4375.8,0,0,0,0,0,1,0,1,0,1,0,1,0,0,0,0,0,0,1,1,0,0
1,0,0,0,13,1,1,80.8499984741211,1008.7,1,0,0,1,0,0,0,0,0,0,0,0,0,0,0,1,0,0,0,0,1,0
1,1,1,0,65,1,1,92.69999694824219,5968.4,0,1,0,1,0,1,0,1,0,0,0,0,0,1,0,0,0,0,1,1,0,0
0,0,0,0,30,1,0,100.44999694824219,3096.9,0,1,0,1,0,0,0,0,0,1,0,0,0,1,0,1,0,0,0,0,1,0
1,0,1,0,51,1,1,75.19999694824219,3901.25,0,1,0,0,0,0,0,0,0,0,0,1,0,1,0,1,0,0,1,0,0,0
0,0,0,0,31,1,1,84.75,2613.4,0,1,0,1,0,1,0,0,0,1,0,0,0,0,0,0,0,0,0,1,0,0
0,0,1,0,9,1,0,89.44999694824219,853.1,1,0,0,1,0,0,0,0,0,0,0,0,0,1,0,1,0,0,0,0,1,0
0,0,1,1,72,1,1,79.5,5661.7,0,1,0,0,0,1,0,1,0,1,0,1,0,0,0,1,0,0,1,0,0,0
1,0,0,0,10,1,1,72.1500015258789,794.25,1,1,0,0,0,0,0,0,0,0,0,0,0,1,0,1,0,0,0,1,0,0
0,0,0,0,37,1,1,19.799999237060547,695.05,0,0,0,0,1,0,1,0,1,0,1,0,1,0,1,0,1,1,0,0,1,0
0,0,0,0,2,1,0,76.4000015258789,160.8,1,0,0,0,0,0,0,0,0,1,0,1,0,1,0,1,0,0,0,0,1,0
1,0,0,0,55,1,1,100.9000015258789,5552.05,0,0,0,1,0,1,0,1,0,0,0,0,0,1,0,1,0,1,0,0,0,1
1,0,0,1,33,1,1,95.30000305175781,3275.15,0,1,0,1,0,1,0,0,0,1,0,0,0,0,0,1,0,0,0,0,0,0
0,0,1,1,46,1,0,90.94999694824219,4236.6,0,0,0,1,0,0,0,0,0,1,0,1,0,0,0,1,0,1,0,0,0,0
0,0,0,1,1,1,0,54.5,54.5,0,0,0,0,0,1,0,0,0,0,0,1,0,0,0,0,0,0,0,0,1,0
0,1,0,0,20,1,1,61.599998474121094,1174.35,1,1,0,0,0,0,0,0,0,0,0,0,0,0,0,1,0,0,0,0,0,1
1,0,1,0,9,1,1,79.9000015258789,741.7,1,0,0,1,0,0,0,1,0,1,0,0,0,0,0,0,0,0,0,0,1,0
1,1,0,0,32,1,1,96.1500015258789,3019.25,1,1,0,1,0,0,0,0,0,0,0,0,0,1,0,1,0,0,0,1,0,0
0,0,1,1,19,1,1,49.599998474121094,962.9,0,0,0,0,0,0,0,0,0,1,0,0,0,0,0,0,0,0,0,0,0,0
0,0,1,0,70,1,0,65.30000305175781,4759.75,1,1,0,0,0,1,0,0,0,1,0,1,0,0,0,0,0,0,1,1,0,0
0,0,0,1,61,1,1,25.0,1498.35,0,1,0,0,1,0,1,0,1,0,1,0,1,0,1,0,1,0,1,1,0,0
1,0,0,0,26,1,0,45.45000076293945,1233.15,0,0,0,0,0,0,0,0,0,0,0,0,0,0,0,0,0,0,0,0,1,0
1,0,1,0,45,1,1,107.75,4882.8,0,1,0,1,0,0,0,1,0,1,0,0,0,1,0,1,0,0,0,0,0,0
1,0,1,1,62,1,1,89.0999984741211,5411.65,0,1,0,1,0,0,0,0,0,1,0,0,0,1,0,0,0,0,1,1,0,0
1,0,0,0,1,1,0,19.649999618530273,19.65,1,0,0,0,1,0,1,0,1,0,1,0,1,0,1,0,1,0,0,0,0,1
0,0,0,0,3,1,0,44.75,148.05,0,0,0,0,0,0,0,0,0,0,0,0,0,0,0,0,0,0,0,0,0,1
0,0,1,1,41,1,1,101.5999984741211,3930.55,0,1,0,1,0,1,0,1,0,1,0,0,0,0,0,1,0,1,0,0,0,0
1,0,1,1,67,1,0,103.1500015258789,6895.5,0,0,0,1,0,0,0,1,0,1,0,1,0,1,0,1,0,0,1,0,0,0
1,0,0,0,1,1,1,84.6500015258789,84.65,1,1,0,1,0,0,0,0,0,0,0,0,0,1,0,0,0,0,0,0,0,1
0,0,1,0,71,1,0,95.6500015258789,6856.95,0,1,0,1,0,1,0,1,0,0,0,0,0,1,0,0,0,1,0,0,0,1
0,0,1,1,37,1,0,75.0999984741211,2658.8,0,0,0,0,0,1,0,1,0,0,0,0,0,1,0,1,0,1,0,0,0,0
1,0,1,0,60,1,1,61.349998474121094,3766.2,0,0,0,0,0,1,0,1,0,0,0,1,0,0,0,0,0,0,1,0,0,1
0,1,1,0,1,1,1,69.55000305175781,69.55,1,0,0,1,0,0,0,0,0,0,0,0,0,0,0,0,0,0,0,0,1,0
0,0,0,0,6,1,0,19.700000762939453,129.55,0,0,0,0,1,0,1,0,1,0,1,0,1,0,1,0,1,0,0,1,0,0
0,0,0,0,13,0,1,31.049999237060547,347.25,1,0,1,0,0,0,0,1,0,0,0,0,0,0,0,0,0,0,0,0,1,0
0,0,1,1,11,1,0,51.0,581.7,0,0,0,0,0,1,0,0,0,0,0,0,0,0,0,0,0,0,0,0,0,0
1,0,0,0,7,1,1,51.0,354.05,1,0,0,0,0,1,0,0,0,0,0,0,0,0,0,0,0,0,0,0,0,1
0,0,1,1,10,1,1,88.8499984741211,929.45,0,0,0,1,0,0,0,0,0,0,0,0,0,1,0,1,0,0,0,0,1,0
1,0,1,0,34,1,0,20.049999237060547,679.0,0,0,0,0,1,0,1,0,1,0,1,0,1,0,1,0,1,0,1,1,0,0
0,0,0,0,62,1,1,65.0999984741211,3846.75,0,0,0,0,0,1,0,0,0,0,0,1,0,0,0,1,0,0,1,0,0,1
1,0,1,0,64,1,1,70.1500015258789,4480.7,0,1,0,0,0,0,0,1,0,0,0,1,0,0,0,1,0,1,0,0,0,1
0,0,1,1,1,1,1,44.349998474121094,44.35,1,0,0,0,0,0,0,0,0,0,0,0,0,0,0,0,0,0,0,0,0,0
1,0,0,0,25,1,1,20.75,499.4,0,0,0,0,1,0,1,0,1,0,1,0,1,0,1,0,1,0,1,0,0,1
0,0,0,0,26,1,1,56.04999923706055,1553.2,0,0,0,0,0,0,0,1,0,1,0,0,0,0,0,0,0,1,0,0,0,1
1,0,0,1,10,1,1,19.950000762939453,219.5,0,0,0,0,1,0,1,0,1,0,1,0,1,0,1,0,1,1,0,0,0,0
0,0,0,0,53,1,0,98.5999984741211,5311.85,0,1,0,1,0,1,0,1,0,1,0,0,0,1,0,0,0,1,0,0,0,1
0,0,0,0,7,1,1,79.69999694824219,586.05,1,0,0,1,0,0,0,0,0,0,0,0,0,1,0,0,0,0,0,0,1,0
1,0,0,0,33,1,1,79.0,2576.8,0,0,0,1,0,0,0,1,0,1,0,0,0,0,0,0,0,0,0,1,0,0
0,1,1,0,71,1,0,89.44999694824219,6435.25,0,0,0,1,0,0,0,1,0,1,0,0,0,0,0,1,0,0,1,1,0,0
0,0,0,0,29,1,1,74.19999694824219,1993.25,0,1,0,1,0,0,0,0,0,0,0,0,0,0,0,0,0,0,0,0,1,0
1,0,1,1,24,1,0,81.0,1923.85,0,1,0,0,0,1,0,0,0,0,0,1,0,1,0,1,0,0,0,0,0,0
1,0,1,1,20,1,1,49.599998474121094,939.8,0,0,0,0,0,0,0,0,0,1,0,0,0,0,0,0,0,0,0,0,1,0
0,0,0,0,1,1,1,84.5999984741211,84.6,0,1,0,1,0,0,0,0,0,0,0,0,0,1,0,0,0,0,0,0,1,0
1,0,0,1,54,1,1,55.0,3092.65,1,1,0,0,0,0,0,1,0,0,0,0,0,0,0,0,0,0,0,1,0,0
0,1,0,0,5,1,1,84.8499984741211,415.55,1,0,0,1,0,0,0,0,0,1,0,0,0,1,0,0,0,0,0,0,0,1
0,0,1,1,72,1,1,84.19999694824219,5986.55,0,1,0,0,0,1,0,0,0,1,0,1,0,1,0,1,0,0,1,0,0,0
1,0,1,0,52,1,1,106.30000305175781,5487.0,0,0,0,1,0,1,0,1,0,1,0,1,0,1,0,1,0,0,1,0,1,0
0,0,0,0,9,1,0,69.05000305175781,651.5,0,0,0,1,0,0,0,0,0,0,0,0,0,0,0,0,0,0,0,0,1,0
0,0,0,0,1,1,1,45.400001525878906,45.4,0,0,0,0,0,0,0,0,0,0,0,0,0,0,0,0,0,0,0,0,0,1
1,1,0,0,1,1,1,73.6500015258789,73.65,1,1,0,1,0,0,0,0,0,0,0,0,0,0,0,0,0,0,0,0,1,0
1,0,1,1,33,1,1,73.9000015258789,2405.05,1,0,0,0,0,0,0,0,0,1,0,1,0,1,0,1,0,1,0,0,0,1
0,0,1,0,55,1,1,77.75,4458.15,1,1,0,1,0,0,0,0,0,1,0,0,0,0,0,0,0,0,0,0,1,0
1,0,1,1,69,1,1,99.3499984741211,6856.45,0,1,0,1,0,0,0,0,0,0,0,1,0,1,0,1,0,0,1,0,1,0
1,0,0,0,1,1,1,50.75,50.75,0,0,0,0,0,1,0,0,0,0,0,0,0,0,0,0,0,0,0,0,0,1
1,0,0,0,54,1,0,87.0999984741211,4735.2,0,1,0,0,0,1,0,0,0,1,0,1,0,1,0,1,0,0,1,0,0,0
1,0,0,1,33,1,1,20.149999618530273,682.15,0,0,0,0,1,0,1,0,1,0,1,0,1,0,1,0,1,1,0,0,0,1
1,1,1,0,45,1,1,98.69999694824219,4525.8,0,1,0,1,0,0,0,1,0,1,0,1,0,1,0,0,0,1,0,0,0,0
0,0,0,1,11,0,0,25.200000762939453,321.05,0,0,1,0,0,0,0,0,0,0,0,0,0,0,0,0,0,0,0,0,1,0
1,0,0,0,6,1,1,55.70000076293945,335.65,0,0,0,0,0,1,0,1,0,0,0,0,0,0,0,0,0,0,0,0,0,0
1,0,0,0,21,1,0,65.3499984741211,1424.4,0,0,0,0,0,1,0,0,0,1,0,0,0,1,0,0,0,0,0,0,0,0
0,0,1,1,65,1,1,25.299999237060547,1748.55,0,1,0,0,1,0,1,0,1,0,1,0,1,0,1,0,1,0,1,0,0,0
0,1,1,0,6,1,1,84.3499984741211,474.9,1,1,0,1,0,0,0,0,0,0,0,0,0,0,0,1,0,0,0,0,1,0
0,0,0,0,8,1,0,84.94999694824219,668.4,1,0,0,1,0,1,0,0,0,0,0,0,0,1,0,0,0,0,0,0,1,0
1,0,0,0,11,1,1,73.8499984741211,926.25,1,0,0,1,0,0,0,0,0,0,0,1,0,0,0,0,0,0,0,0,1,0
1,0,1,1,43,1,0,24.25,1077.95,0,1,0,0,1,0,1,0,1,0,1,0,1,0,1,0,1,0,1,0,0,1
1,0,1,1,49,0,1,51.79999923706055,2541.25,1,0,1,0,0,0,0,1,0,0,0,0,0,1,0,1,0,1,0,0,0,0
0,1,1,0,1,1,0,46.0,46.0,1,0,0,0,0,0,0,0,0,0,0,0,0,0,0,0,0,0,0,0,1,0
1,1,0,0,15,1,1,79.4000015258789,1156.1,1,0,0,1,0,0,0,0,0,0,0,0,0,0,0,1,0,0,0,0,1,0
1,0,1,1,60,1,0,60.5,3694.45,0,0,0,0,0,1,0,1,0,1,0,0,0,0,0,0,0,0,1,0,0,0
1,0,0,0,17,0,0,25.100000381469727,382.8,0,0,1,0,0,0,0,0,0,0,0,0,0,0,0,0,0,0,0,1,0,0
1,1,1,0,16,1,1,71.80000305175781,1167.8,1,0,0,1,0,0,0,0,0,0,0,0,0,0,0,0,0,0,0,0,0,0
1,0,1,1,35,1,0,20.049999237060547,746.75,0,0,0,0,1,0,1,0,1,0,1,0,1,0,1,0,1,1,0,0,0,0
1,1,1,0,44,1,0,88.4000015258789,3912.9,1,1,0,1,0,0,0,1,0,0,0,0,0,0,0,1,0,1,0,0,0,1
0,0,1,1,12,0,0,30.25,368.85,0,0,1,0,0,0,0,0,0,0,0,1,0,0,0,0,0,1,0,1,0,0
1,0,0,0,1,1,0,20.200000762939453,20.2,0,0,0,0,1,0,1,0,1,0,1,0,1,0,1,0,1,0,0,0,0,1
0,0,0,0,28,1,1,59.900001525878906,1654.7,0,0,0,0,0,1,0,1,0,0,0,1,0,0,0,0,0,1,0,0,1,0
1,0,1,0,70,1,0,25.149999618530273,1940.85,0,1,0,0,1,0,1,0,1,0,1,0,1,0,1,0,1,0,1,0,0,0
0,0,0,1,5,1,0,46.0,221.7,1,0,0,0,0,0,0,0,0,0,0,0,0,0,0,0,0,0,0,0,0,1
1,0,0,0,18,1,0,101.30000305175781,1794.65,0,0,0,1,0,0,0,1,0,1,0,0,0,1,0,1,0,0,0,1,0,0
1,0,1,0,70,1,1,76.94999694824219,5289.8,0,1,0,0,0,1,0,0,0,0,0,1,0,1,0,1,0,0,1,1,0,0
0,0,1,1,9,1,1,55.29999923706055,501.2,0,1,0,0,0,0,0,1,0,0,0,0,0,0,0,0,0,0,0,0,0,1
0,1,0,0,67,1,1,92.44999694824219,6140.85,0,0,0,1,0,1,0,1,0,0,0,1,0,1,0,0,0,0,1,0,0,0
0,0,0,0,1,1,1,48.45000076293945,48.45,0,0,0,0,0,1,0,0,0,0,0,0,0,0,0,0,0,0,0,0,0,0
0,0,1,1,18,1,0,19.350000381469727,309.25,0,0,0,0,1,0,1,0,1,0,1,0,1,0,1,0,1,0,1,0,0,1
1,0,0,0,4,1,0,51.75,201.1,1,1,0,0,0,0,0,0,0,0,0,0,0,0,0,0,0,0,0,1,0,0
1,1,1,1,71,1,1,86.69999694824219,6179.35,0,0,0,1,0,1,0,1,0,1,0,0,0,0,0,0,0,1,0,0,0,0
1,0,1,1,30,1,1,94.4000015258789,2838.7,1,1,0,1,0,1,0,1,0,0,0,0,0,1,0,0,0,0,0,0,1,0
1,0,1,0,1,1,0,55.70000076293945,55.7,0,0,0,0,0,1,0,0,0,1,0,0,0,0,0,0,0,0,0,0,0,1
0,0,0,0,55,1,1,84.25,4589.85,0,1,0,1,0,1,0,0,0,1,0,0,0,0,0,0,0,1,0,1,0,0
1,0,0,0,59,1,1,64.6500015258789,3735.45,0,0,0,0,0,0,0,0,0,1,0,1,0,1,0,0,0,0,0,0,1,0
0,0,0,0,1,1,1,70.1500015258789,70.15,1,0,0,1,0,0,0,0,0,0,0,0,0,0,0,0,0,0,0,0,0,1
0,0,1,0,7,1,1,69.19999694824219,477.55,0,0,0,1,0,0,0,0,0,0,0,0,0,0,0,0,0,0,0,0,0,0
1,0,1,1,45,1,0,54.650001525878906,2553.7,0,0,0,0,0,1,0,0,0,0,0,1,0,0,0,0,0,0,1,0,0,0
0,0,1,1,54,1,1,24.75,1342.15,0,1,0,0,1,0,1,0,1,0,1,0,1,0,1,0,1,1,0,0,0,0
1,0,1,1,51,1,1,23.950000762939453,1216.35,0,1,0,0,1,0,1,0,1,0,1,0,1,0,1,0,1,1,0,0,0,1
0,1,1,0,72,1,0,105.0,7578.05,0,1,0,1,0,0,0,1,0,1,0,0,0,1,0,1,0,1,0,1,0,0
1,0,1,0,44,1,1,59.849998474121094,2603.95,0,0,0,0,0,1,0,1,0,0,0,1,0,0,0,0,0,1,0,0,0,0
1,0,0,0,2,1,0,20.049999237060547,42.7,0,0,0,0,1,0,1,0,1,0,1,0,1,0,1,0,1,0,0,0,0,1
0,0,0,0,66,1,1,92.1500015258789,6056.9,0,1,0,1,0,0,0,0,0,1,0,0,0,1,0,0,0,1,0,0,0,0
1,0,1,1,68,0,0,44.79999923706055,2983.65,0,0,1,0,0,1,0,1,0,0,0,0,0,1,0,0,0,1,0,0,0,1
0,0,0,0,31,1,0,20.899999618530273,689.35,0,0,0,0,1,0,1,0,1,0,1,0,1,0,1,0,1,0,1,1,0,0
0,1,0,0,21,1,1,95.4000015258789,2025.1,0,1,0,1,0,0,0,0,0,0,0,0,0,1,0,1,0,0,0,0,0,0
1,0,0,1,21,1,0,80.3499984741211,1747.2,0,1,0,1,0,1,0,0,0,0,0,0,0,0,0,0,0,0,0,0,1,0
0,0,1,1,55,1,1,85.0999984741211,4657.95,0,1,0,0,0,1,0,0,0,1,0,1,0,1,0,1,0,0,1,0,0,0
1,0,0,0,9,0,1,34.70000076293945,296.1,1,0,1,0,0,0,0,0,0,0,0,0,0,1,0,0,0,0,0,1,0,0
1,1,1,0,71,1,1,115.05000305175781,8016.6,0,1,0,1,0,1,0,1,0,1,0,1,0,1,0,1,0,0,1,0,0,0
0,0,0,0,1,1,1,81.0999984741211,81.1,1,0,0,1,0,0,0,0,0,0,0,0,0,0,0,1,0,0,0,0,1,0
1,0,1,1,22,1,0,19.950000762939453,433.5,0,0,0,0,1,0,1,0,1,0,1,0,1,0,1,0,1,1,0,0,0,1
0,0,1,1,1,1,0,20.549999237060547,20.55,1,0,0,0,1,0,1,0,1,0,1,0,1,0,1,0,1,0,0,0,0,1
0,0,0,0,61,1,1,106.5999984741211,6428.4,1,1,0,1,0,0,0,0,0,1,0,1,0,1,0,1,0,0,1,0,1,0
0,0,1,0,67,1,0,86.1500015258789,5883.85,0,1,0,0,0,0,0,1,0,1,0,1,0,1,0,1,0,0,1,0,0,0
0,1,0,0,14,1,0,78.8499984741211,1043.8,0,0,0,1,0,1,0,1,0,0,0,0,0,0,0,0,0,0,0,0,1,0
1,0,1,0,59,1,1,106.75,6252.9,1,1,0,1,0,1,0,1,0,1,0,1,0,1,0,0,0,0,0,0,1,0
1,1,1,0,21,1,0,86.55000305175781,1857.25,0,0,0,1,0,0,0,0,0,1,0,0,0,1,0,0,0,0,0,0,0,0
1,0,0,0,4,0,0,42.400001525878906,146.4,0,0,1,0,0,1,0,1,0,0,0,1,0,0,0,0,0,0,0,0,0,1
0,0,0,0,3,1,1,89.44999694824219,240.45,1,0,0,1,0,0,0,0,0,0,0,0,0,1,0,1,0,0,0,0,1,0
1,0,1,0,70,1,0,24.25,1724.15,0,1,0,0,1,0,1,0,1,0,1,0,1,0,1,0,1,0,1,0,0,0
0,0,0,0,3,1,1,97.9000015258789,315.3,1,0,0,1,0,0,0,1,0,0,0,1,0,1,0,1,0,0,0,0,1,0
1,1,0,0,21,1,0,20.5,429.55,0,0,0,0,1,0,1,0,1,0,1,0,1,0,1,0,1,1,0,0,0,0
1,0,0,0,20,1,1,19.600000381469727,356.15,0,0,0,0,1,0,1,0,1,0,1,0,1,0,1,0,1,0,0,1,0,0
1,0,1,1,22,1,0,20.25,488.25,0,0,0,0,1,0,1,0,1,0,1,0,1,0,1,0,1,1,0,0,0,0
1,0,0,0,1,1,1,55.70000076293945,55.7,1,0,0,0,0,0,0,0,0,0,0,0,0,0,0,1,0,0,0,0,0,1
0,0,0,0,63,1,1,20.600000381469727,1298.7,0,0,0,0,1,0,1,0,1,0,1,0,1,0,1,0,1,0,1,0,0,1
0,0,1,1,70,1,0,19.799999237060547,1378.75,0,0,0,0,1,0,1,0,1,0,1,0,1,0,1,0,1,0,1,0,0,0
1,0,0,0,13,1,1,79.80000305175781,973.45,1,0,0,1,0,0,0,1,0,1,0,0,0,0,0,0,0,0,0,0,1,0
0,0,0,0,5,1,0,80.19999694824219,384.25,0,0,0,1,0,0,0,0,0,0,0,0,0,1,0,0,0,0,0,0,1,0
0,0,1,1,72,1,1,116.4000015258789,8543.25,0,1,0,1,0,1,0,1,0,1,0,1,0,1,0,1,0,0,1,1,0,0
0,0,0,0,13,0,1,31.649999618530273,389.95,0,0,1,0,0,0,0,1,0,0,0,0,0,0,0,0,0,0,0,0,1,0
1,0,1,0,61,1,0,94.1500015258789,5731.85,0,0,0,1,0,0,0,1,0,1,0,1,0,0,0,1,0,0,0,1,0,0
1,0,0,0,1,1,0,20.649999618530273,20.65,0,0,0,0,1,0,1,0,1,0,1,0,1,0,1,0,1,0,0,0,1,0
0,1,1,0,56,1,1,76.8499984741211,4275.75,0,1,0,1,0,0,0,0,0,0,0,1,0,0,0,0,0,0,0,0,0,0
0,0,0,0,4,1,0,20.149999618530273,84.5,0,0,0,0,1,0,1,0,1,0,1,0,1,0,1,0,1,0,0,0,0,1
1,0,0,0,35,1,0,55.25,1924.1,0,1,0,0,0,1,0,0,0,0,0,0,0,0,0,0,0,0,1,0,0,1
0,0,1,0,18,0,1,39.04999923706055,669.85,1,0,1,0,0,0,0,0,0,1,0,0,0,1,0,0,0,0,0,0,1,0
1,0,1,0,72,1,0,82.1500015258789,5784.3,0,1,0,0,0,0,0,1,0,1,0,0,0,1,0,1,0,0,1,0,0,0
0,1,0,0,49,1,0,103.0,5166.2,0,1,0,1,0,1,0,1,0,1,0,1,0,0,0,1,0,1,0,0,0,0
0,0,1,0,44,1,1,95.0999984741211,4060.55,0,1,0,1,0,1,0,1,0,1,0,1,0,0,0,0,0,0,0,1,0,0
0,1,1,0,3,1,1,83.9000015258789,267.4,1,0,0,1,0,0,0,0,0,0,0,1,0,1,0,0,0,0,0,0,0,1
0,0,1,1,37,1,1,95.1500015258789,3532.85,0,1,0,1,0,0,0,1,0,1,0,0,0,0,0,1,0,0,0,0,1,0
1,0,1,0,61,1,1,79.80000305175781,4914.8,0,1,0,0,0,0,0,1,0,1,0,0,0,1,0,1,0,1,0,0,1,0
1,0,1,0,70,1,1,74.80000305175781,5315.8,0,1,0,0,0,1,0,0,0,1,0,1,0,0,0,1,0,0,1,1,0,0
0,1,0,0,1,1,1,69.8499984741211,69.85,1,0,0,1,0,0,0,0,0,0,0,0,0,0,0,0,0,0,0,0,1,0
0,0,0,0,41,1,0,20.450000762939453,775.6,0,0,0,0,1,0,1,0,1,0,1,0,1,0,1,0,1,0,0,0,1,0
1,0,1,1,70,1,0,78.3499984741211,5445.95,0,1,0,0,0,1,0,1,0,1,0,1,0,0,0,1,0,1,0,0,0,0
0,0,0,0,1,1,1,53.54999923706055,53.55,1,0,0,0,0,0,0,0,0,0,0,0,0,1,0,0,0,0,0,0,0,1
1,0,0,0,51,1,0,19.100000381469727,1007.8,0,0,0,0,1,0,1,0,1,0,1,0,1,0,1,0,1,1,0,0,1,0
0,0,1,1,42,1,0,20.0,833.55,0,0,0,0,1,0,1,0,1,0,1,0,1,0,1,0,1,0,1,0,0,1
0,0,1,1,70,1,0,93.9000015258789,6579.05,1,1,0,1,0,1,0,1,0,1,0,1,0,0,0,0,0,0,1,0,0,0
1,0,0,0,48,1,0,19.950000762939453,1004.5,0,0,0,0,1,0,1,0,1,0,1,0,1,0,1,0,1,1,0,0,0,0
1,0,1,1,68,1,1,113.1500015258789,7856.0,1,1,0,1,0,1,0,1,0,1,0,1,0,1,0,1,0,0,1,0,1,0
0,0,0,0,48,1,0,24.0,1183.05,0,1,0,0,1,0,1,0,1,0,1,0,1,0,1,0,1,0,1,1,0,0
0,1,1,0,26,1,0,84.94999694824219,2169.75,1,0,0,1,0,0,0,1,0,0,0,0,0,0,0,1,0,0,0,0,1,0
1,0,1,0,11,1,1,80.5,896.9,1,1,0,1,0,0,0,1,0,0,0,0,0,0,0,0,0,0,0,0,0,0
1,0,0,0,1,1,1,19.299999237060547,19.3,1,0,0,0,1,0,1,0,1,0,1,0,1,0,1,0,1,0,0,0,0,1
0,0,0,0,27,1,0,19.149999618530273,501.35,0,0,0,0,1,0,1,0,1,0,1,0,1,0,1,0,1,1,0,0,0,1
0,1,0,0,46,1,1,91.30000305175781,4126.35,0,0,0,1,0,0,0,1,0,1,0,0,0,1,0,0,0,1,0,0,0,0
1,0,0,0,1,1,1,49.650001525878906,49.65,1,0,0,0,0,0,0,0,0,1,0,0,0,0,0,0,0,0,0,0,0,1
0,0,0,0,46,1,0,54.349998474121094,2460.15,1,0,0,0,0,0,0,0,0,1,0,1,0,0,0,0,0,0,1,1,0,0
1,0,1,1,25,1,1,19.149999618530273,477.6,0,0,0,0,1,0,1,0,1,0,1,0,1,0,1,0,1,0,0,0,0,1
1,0,0,0,4,1,1,88.44999694824219,370.65,1,0,0,1,0,0,0,0,0,0,0,0,0,1,0,1,0,0,0,0,1,0
1,0,0,0,13,1,0,19.75,265.75,0,0,0,0,1,0,1,0,1,0,1,0,1,0,1,0,1,0,1,0,0,1
1,0,1,0,31,1,1,75.5,2424.45,0,0,0,0,0,1,0,1,0,1,0,1,0,0,0,1,0,1,0,1,0,0
0,0,1,1,23,1,1,83.75,1849.95,0,1,0,1,0,0,0,0,0,0,0,0,0,1,0,0,0,0,0,0,1,0
0,0,0,0,2,1,0,19.399999618530273,61.05,0,0,0,0,1,0,1,0,1,0,1,0,1,0,1,0,1,0,0,0,0,1
0,0,0,0,65,1,0,26.5,1698.55,0,1,0,0,1,0,1,0,1,0,1,0,1,0,1,0,1,0,1,0,0,0
1,1,0,0,22,1,1,90.5,1910.6,1,1,0,1,0,0,0,0,0,0,0,1,0,1,0,0,0,0,0,0,0,0
0,0,1,1,55,1,0,19.149999618530273,998.1,0,0,0,0,1,0,1,0,1,0,1,0,1,0,1,0,1,1,0,1,0,0
1,0,1,0,9,1,1,94.8499984741211,890.6,1,0,0,1,0,0,0,1,0,1,0,1,0,1,0,0,0,0,0,0,0,1
1,0,1,1,7,1,1,69.94999694824219,529.5,1,0,0,1,0,0,0,0,0,0,0,0,0,0,0,0,0,0,0,0,0,0
0,0,1,1,35,0,0,40.900001525878906,1383.6,0,0,1,0,0,0,0,0,0,0,0,1,0,1,0,0,0,1,0,0,0,1
1,0,0,0,6,1,1,80.25,493.4,0,0,0,0,0,1,0,0,0,1,0,1,0,1,0,1,0,0,1,0,0,1
0,0,0,0,1,1,1,48.599998474121094,48.6,1,0,0,0,0,1,0,0,0,0,0,0,0,0,0,0,0,0,0,1,0,0
1,0,0,0,17,1,1,70.80000305175781,1207.0,0,0,0,1,0,0,0,0,0,0,0,0,0,0,0,0,0,0,0,0,1,0
1,0,1,1,10,1,0,60.20000076293945,563.5,0,0,0,0,0,0,0,0,0,1,0,0,0,1,0,0,0,0,0,0,0,1
1,0,0,1,15,1,0,55.20000076293945,864.55,0,0,0,0,0,0,0,0,0,1,0,1,0,0,0,0,0,1,0,1,0,0
0,1,0,0,40,0,1,55.79999923706055,2109.35,1,0,1,0,0,1,0,1,0,0,0,0,0,1,0,1,0,0,0,0,1,0
0,0,1,1,13,1,0,54.150001525878906,701.05,0,0,0,0,0,1,0,0,0,0,0,1,0,0,0,0,0,1,0,0,0,0
1,0,1,0,29,1,1,80.1500015258789,2265.25,1,1,0,1,0,0,0,1,0,0,0,0,0,0,0,0,0,0,0,0,0,0
0,0,0,0,3,1,1,75.5,220.6,1,1,0,1,0,0,0,0,0,0,0,0,0,0,0,0,0,0,0,0,1,0
0,1,1,0,58,1,1,100.4000015258789,5749.8,0,1,0,1,0,0,0,0,0,0,0,1,0,1,0,1,0,0,0,0,0,0
0,0,0,0,45,1,1,62.54999923706055,2796.45,0,0,0,0,0,1,0,1,0,0,0,1,0,0,0,0,0,1,0,1,0,0
0,0,1,1,72,1,1,70.44999694824219,5165.7,0,1,0,0,0,1,0,1,0,1,0,1,0,0,0,0,0,0,1,0,0,0
1,0,1,1,68,1,1,85.5,5696.6,0,1,0,1,0,1,0,1,0,0,0,0,0,0,0,0,0,1,0,0,0,0
1,0,0,0,1,1,1,20.200000762939453,20.2,1,0,0,0,1,0,1,0,1,0,1,0,1,0,1,0,1,0,0,0,0,0
0,0,1,1,38,1,0,54.5,2076.05,0,0,0,0,0,1,0,1,0,0,0,0,0,0,0,0,0,0,0,0,1,0
1,0,0,0,2,1,0,20.75,44.2,0,0,0,0,1,0,1,0,1,0,1,0,1,0,1,0,1,0,0,0,0,1
1,0,0,0,11,1,0,20.350000381469727,215.25,0,0,0,0,1,0,1,0,1,0,1,0,1,0,1,0,1,0,0,0,0,1
0,1,1,0,20,1,1,91.0,1859.5,0,0,0,1,0,0,0,0,0,0,0,0,0,1,0,1,0,1,0,0,0,0
1,0,1,0,72,1,1,104.80000305175781,7470.1,0,1,0,1,0,0,0,1,0,1,0,0,0,1,0,1,0,0,1,0,0,0
0,0,1,0,3,1,1,74.75,229.5,1,1,0,1,0,0,0,0,0,0,0,0,0,0,0,0,0,0,0,1,0,0
1,0,0,0,23,1,1,104.05000305175781,2470.1,1,1,0,1,0,0,0,0,0,1,0,1,0,1,0,1,0,0,0,0,0,1
1,0,0,0,40,1,1,51.099998474121094,2092.9,0,0,0,0,0,0,0,0,0,0,0,1,0,0,0,0,0,0,0,0,1,0
1,1,1,0,62,1,1,89.80000305175781,5629.55,0,1,0,1,0,0,0,1,0,0,0,0,0,0,0,1,0,0,0,0,0,0
0,0,0,1,22,1,1,20.549999237060547,469.85,0,0,0,0,1,0,1,0,1,0,1,0,1,0,1,0,1,0,0,0,1,0
0,0,0,0,11,1,0,64.05000305175781,733.95,0,0,0,0,0,1,0,0,0,1,0,0,0,0,0,1,0,0,0,0,0,0
1,1,1,0,7,1,1,74.8499984741211,485.25,0,1,0,1,0,0,0,0,0,0,0,0,0,0,0,0,0,0,0,0,1,0
0,0,0,0,13,1,1,96.6500015258789,1244.5,1,1,0,1,0,1,0,1,0,0,0,0,0,1,0,0,0,0,0,0,1,0
1,1,0,0,1,1,0,20.049999237060547,20.05,1,0,0,0,1,0,1,0,1,0,1,0,1,0,1,0,1,0,0,0,0,1
0,0,0,0,39,1,1,103.44999694824219,3994.45,1,1,0,1,0,0,0,1,0,1,0,0,0,1,0,1,0,0,0,0,1,0
1,0,1,0,3,0,0,25.0,78.25,0,0,1,0,0,0,0,0,0,0,0,0,0,0,0,0,0,0,0,0,0,1
1,0,0,0,58,1,0,20.299999237060547,1131.5,0,0,0,0,1,0,1,0,1,0,1,0,1,0,1,0,1,0,1,1,0,0
1,0,0,1,6,1,0,26.350000381469727,184.05,0,1,0,0,1,0,1,0,1,0,1,0,1,0,1,0,1,0,0,0,0,1
0,0,1,1,1,1,1,19.899999618530273,19.9,1,0,0,0,1,0,1,0,1,0,1,0,1,0,1,0,1,0,0,0,1,0
0,0,1,0,22,1,1,54.70000076293945,1178.75,0,0,0,0,0,0,0,1,0,1,0,0,0,0,0,0,0,0,0,0,0,1
1,0,1,0,14,0,0,46.349998474121094,667.7,1,0,1,0,0,0,0,0,0,0,0,0,0,1,0,1,0,0,0,0,1,0
1,0,1,1,64,1,0,90.25,5629.15,0,1,0,1,0,0,0,0,0,1,0,0,0,0,0,1,0,1,0,1,0,0
1,0,0,0,1,1,0,19.950000762939453,19.95,1,0,0,0,1,0,1,0,1,0,1,0,1,0,1,0,1,0,0,0,1,0
1,0,0,0,6,1,0,20.649999618530273,109.3,0,0,0,0,1,0,1,0,1,0,1,0,1,0,1,0,1,0,0,0,0,1
1,0,0,0,1,1,0,79.5999984741211,79.6,1,0,0,1,0,0,0,0,0,0,0,0,0,0,0,1,0,0,0,0,1,0
1,0,0,1,39,1,0,25.450000762939453,958.45,0,1,0,0,1,0,1,0,1,0,1,0,1,0,1,0,1,1,0,0,0,0
0,0,0,0,20,1,0,19.5,403.15,0,0,0,0,1,0,1,0,1,0,1,0,1,0,1,0,1,1,0,0,0,1
1,0,0,0,1,1,1,75.9000015258789,75.9,1,0,0,1,0,0,0,0,0,0,0,1,0,0,0,0,0,0,0,0,1,0
1,0,1,0,1,1,0,76.19999694824219,76.2,1,0,0,1,0,0,0,0,0,1,0,0,0,0,0,0,0,0,0,0,1,0
1,0,1,0,64,1,1,66.1500015258789,4392.5,0,1,0,0,0,1,0,0,0,0,0,0,0,1,0,0,0,1,0,1,0,0
1,0,0,1,1,1,0,19.25,19.25,1,0,0,0,1,0,1,0,1,0,1,0,1,0,1,0,1,0,0,0,0,1
0,0,1,0,46,1,1,69.0999984741211,3168.0,0,0,0,0,0,0,0,1,0,0,0,0,0,1,0,1,0,0,0,1,0,0
0,1,1,1,28,0,1,39.099998474121094,1096.6,0,0,1,0,0,0,0,1,0,0,0,0,0,0,0,1,0,1,0,0,1,0
0,0,1,0,33,1,0,20.049999237060547,669.45,0,0,0,0,1,0,1,0,1,0,1,0,1,0,1,0,1,0,0,0,0,1
1,0,1,1,39,1,0,59.79999923706055,2343.85,0,0,0,0,0,1,0,1,0,1,0,0,0,0,0,0,0,1,0,0,1,0
0,0,1,0,42,1,1,84.30000305175781,3588.4,1,1,0,1,0,0,0,0,0,1,0,1,0,0,0,0,0,0,0,0,1,0
0,0,0,0,1,1,1,48.599998474121094,48.6,0,0,0,0,0,0,0,1,0,0,0,0,0,0,0,0,0,0,0,0,1,0
0,0,0,0,7,1,1,79.0,522.95,1,0,0,1,0,0,0,0,0,0,0,0,0,1,0,0,0,0,0,0,1,0
1,1,1,0,70,1,0,105.3499984741211,7511.9,0,0,0,1,0,1,0,1,0,1,0,0,0,1,0,1,0,0,1,1,0,0
1,0,0,0,65,1,1,25.100000381469727,1725.0,0,1,0,0,1,0,1,0,1,0,1,0,1,0,1,0,1,0,1,0,0,0
1,0,0,0,1,1,0,49.75,49.75,0,0,0,0,0,1,0,0,0,0,0,0,0,0,0,0,0,0,0,0,1,0
1,0,1,0,18,1,1,94.75,1691.9,0,1,0,1,0,0,0,0,0,0,0,0,0,1,0,1,0,0,0,0,1,0
1,0,1,0,24,1,1,93.0,2248.05,0,1,0,1,0,0,0,0,0,0,0,0,0,1,0,1,0,0,0,0,1,0
1,0,0,0,63,1,1,71.9000015258789,4479.2,0,1,0,0,0,1,0,0,0,1,0,1,0,0,0,1,0,0,1,0,0,0
0,0,0,1,44,1,1,77.55000305175781,3471.1,0,1,0,0,0,0,0,1,0,0,0,0,0,1,0,1,0,1,0,0,0,1
1,0,0,0,4,1,1,19.850000381469727,63.0,0,0,0,0,1,0,1,0,1,0,1,0,1,0,1,0,1,0,0,0,1,0
0,0,0,0,1,1,1,70.25,70.25,1,0,0,1,0,0,0,0,0,0,0,0,0,0,0,0,0,0,0,0,1,0
0,0,1,1,37,1,1,95.25,3314.15,0,1,0,1,0,0,0,0,0,0,0,0,0,1,0,1,0,0,0,0,1,0
0,1,0,0,10,1,1,84.5999984741211,865.55,1,0,0,1,0,0,0,0,0,1,0,0,0,0,0,1,0,0,0,1,0,0
1,0,0,0,34,0,1,25.049999237060547,852.7,0,0,1,0,0,0,0,0,0,0,0,0,0,0,0,0,0,0,0,0,0,0
1,0,1,0,35,0,0,53.150001525878906,1930.9,0,0,1,0,0,1,0,0,0,1,0,0,0,1,0,1,0,1,0,1,0,0
0,0,1,0,4,1,0,20.149999618530273,91.4,0,0,0,0,1,0,1,0,1,0,1,0,1,0,1,0,1,0,0,0,1,0
0,1,1,0,39,1,1,101.25,3949.15,0,1,0,1,0,0,0,0,0,0,0,1,0,1,0,1,0,0,0,0,1,0
1,1,1,0,43,1,1,100.55000305175781,4304.0,0,0,0,1,0,0,0,1,0,1,0,0,0,1,0,1,0,1,0,0,0,0
0,0,1,1,17,1,0,24.100000381469727,409.9,1,1,0,0,1,0,1,0,1,0,1,0,1,0,1,0,1,0,0,0,0,1
0,0,1,0,61,1,0,25.299999237060547,1554.9,0,1,0,0,1,0,1,0,1,0,1,0,1,0,1,0,1,0,1,0,0,0
0,0,1,0,49,1,0,71.80000305175781,3472.05,0,1,0,0,0,1,0,1,0,1,0,0,0,0,0,1,0,1,0,0,1,0
1,0,0,0,4,1,0,19.700000762939453,117.8,0,0,0,0,1,0,1,0,1,0,1,0,1,0,1,0,1,1,0,0,0,1
0,0,1,1,64,0,0,49.849998474121094,3210.35,0,0,1,0,0,0,0,1,0,1,0,1,0,0,0,1,0,0,1,0,1,0
1,0,0,0,3,1,1,69.5999984741211,207.4,0,0,0,1,0,0,0,0,0,0,0,0,0,0,0,0,0,0,0,0,0,1
1,0,1,1,1,1,0,19.75,19.75,0,0,0,0,1,0,1,0,1,0,1,0,1,0,1,0,1,0,0,0,1,0
1,0,1,0,40,1,0,80.80000305175781,3132.75,0,0,0,1,0,0,0,1,0,1,0,0,0,0,0,0,0,1,0,0,1,0
0,0,0,1,1,1,1,60.0,60.0,1,0,0,0,0,1,0,1,0,0,0,1,0,0,0,0,0,0,0,0,1,0
1,0,0,0,8,1,1,86.55000305175781,649.65,1,1,0,1,0,0,0,0,0,0,0,0,0,0,0,1,0,0,0,0,1,0
0,1,1,0,1,1,1,20.850000381469727,20.85,1,0,0,0,1,0,1,0,1,0,1,0,1,0,1,0,1,0,0,0,0,1
0,1,1,0,34,1,0,64.19999694824219,2106.3,0,0,0,0,0,0,0,0,0,1,0,1,0,1,0,0,0,1,0,0,0,0
0,0,1,0,1,0,0,35.0,35.0,0,0,1,0,0,0,0,0,0,0,0,0,0,0,0,1,0,0,0,0,1,0
0,0,0,0,39,0,1,50.75,2011.4,1,0,1,0,0,0,0,0,0,1,0,0,0,1,0,1,0,0,0,0,1,0
0,1,1,0,58,1,1,105.5,6205.5,1,0,0,1,0,1,0,1,0,0,0,1,0,1,0,1,0,1,0,1,0,0
1,0,1,1,45,1,0,19.200000762939453,903.7,0,0,0,0,1,0,1,0,1,0,1,0,1,0,1,0,1,0,1,0,1,0
1,1,0,0,6,1,1,85.1500015258789,503.6,1,0,0,1,0,1,0,0,0,0,0,0,0,1,0,0,0,0,0,0,0,0
1,0,0,0,43,1,1,90.6500015258789,3882.3,0,0,0,1,0,1,0,1,0,1,0,1,0,0,0,0,0,1,0,1,0,0
1,0,1,1,41,1,1,20.0,879.8,0,0,0,0,1,0,1,0,1,0,1,0,1,0,1,0,1,0,1,0,0,1
1,0,0,0,5,1,1,74.6500015258789,383.65,0,0,0,1,0,0,0,1,0,0,0,0,0,0,0,0,0,0,0,0,1,0
1,0,0,0,72,0,1,61.20000076293945,4390.25,0,0,1,0,0,1,0,0,0,1,0,1,0,1,0,1,0,0,1,1,0,0
1,0,0,0,4,1,0,19.950000762939453,68.2,0,0,0,0,1,0,1,0,1,0,1,0,1,0,1,0,1,1,0,0,0,1
1,0,1,1,9,1,0,54.79999923706055,452.8,0,0,0,0,0,0,0,1,0,0,0,1,0,0,0,0,0,0,0,0,0,1
1,1,1,0,72,1,1,73.44999694824219,5329.0,0,1,0,0,0,0,0,0,0,1,0,0,0,1,0,1,0,0,1,1,0,0
0,0,1,0,33,1,1,51.45000076293945,1758.9,0,0,0,0,0,0,0,0,0,0,0,1,0,0,0,0,0,1,0,0,0,1
0,0,1,0,72,1,0,80.44999694824219,5737.6,0,1,0,1,0,1,0,0,0,0,0,0,0,0,0,0,0,0,1,0,0,0
1,0,1,0,22,1,1,54.20000076293945,1152.7,1,0,0,0,0,1,0,0,0,0,0,1,0,0,0,0,0,0,0,0,1,0
0,0,1,0,70,1,1,109.5,7674.55,1,1,0,1,0,0,0,1,0,1,0,1,0,1,0,1,0,1,0,0,1,0
1,0,1,1,21,1,0,104.4000015258789,2157.95,1,1,0,1,0,0,0,1,0,1,0,0,0,1,0,1,0,0,0,0,1,0
1,0,0,0,15,1,0,85.30000305175781,1219.85,0,0,0,1,0,0,0,0,0,1,0,0,0,1,0,0,0,0,0,0,1,0
1,1,1,0,29,1,1,79.30000305175781,2414.55,0,1,0,1,0,0,0,0,0,0,0,1,0,0,0,0,0,0,0,0,1,0
0,0,1,1,15,1,0,76.5,1155.6,0,0,0,0,0,0,0,1,0,1,0,1,0,1,0,1,0,0,0,0,0,0
1,1,1,1,71,1,1,105.0999984741211,7548.1,1,1,0,1,0,1,0,1,0,0,0,0,0,1,0,1,0,0,0,1,0,0
1,1,0,0,72,1,0,25.399999618530273,1809.35,0,1,0,0,1,0,1,0,1,0,1,0,1,0,1,0,1,0,1,0,0,0
0,0,1,0,19,1,1,86.8499984741211,1564.4,0,1,0,1,0,0,0,0,0,0,0,0,0,1,0,0,0,0,0,0,1,0
1,0,0,0,1,1,0,19.649999618530273,19.65,0,0,0,0,1,0,1,0,1,0,1,0,1,0,1,0,1,0,0,0,0,1
0,0,0,0,1,1,1,75.69999694824219,75.7,1,0,0,1,0,0,0,1,0,0,0,0,0,0,0,0,0,0,0,0,1,0
0,0,0,0,2,1,0,45.54999923706055,84.4,0,0,0,0,0,0,0,0,0,0,0,0,0,0,0,0,0,0,0,0,1,0
0,1,1,1,11,1,1,78.0999984741211,864.85,0,1,0,1,0,0,0,0,0,1,0,0,0,0,0,0,0,0,0,1,0,0
0,0,0,0,12,1,0,19.299999237060547,228.75,0,0,0,0,1,0,1,0,1,0,1,0,1,0,1,0,1,1,0,0,0,1
0,0,1,0,70,1,1,110.5,7752.05,0,1,0,1,0,0,0,1,0,1,0,1,0,1,0,1,0,0,1,0,1,0
0,1,1,0,20,1,0,90.80000305175781,1951.0,1,1,0,1,0,0,0,0,0,1,0,0,0,1,0,0,0,0,0,0,1,0
0,0,0,0,23,1,1,20.299999237060547,470.6,0,0,0,0,1,0,1,0,1,0,1,0,1,0,1,0,1,0,0,0,0,0
1,1,0,0,49,1,0,81.3499984741211,4060.9,0,1,0,0,0,1,0,1,0,1,0,1,0,0,0,1,0,0,1,1,0,0
0,0,1,1,4,1,1,97.94999694824219,384.5,1,1,0,1,0,0,0,1,0,0,0,0,0,1,0,1,0,0,0,0,1,0
1,0,0,0,32,1,1,108.1500015258789,3432.9,1,1,0,1,0,1,0,1,0,0,0,1,0,1,0,1,0,0,0,1,0,0
1,0,0,1,2,1,1,55.29999923706055,108.65,0,0,0,0,0,0,0,0,0,0,0,0,0,0,0,1,0,0,0,0,1,0
1,1,1,0,69,0,0,56.54999923706055,3952.65,0,0,1,0,0,1,0,1,0,0,0,0,0,1,0,1,0,0,1,1,0,0
1,0,0,0,6,1,1,80.5,463.05,1,0,0,1,0,0,0,0,0,0,0,0,0,1,0,0,0,0,0,1,0,0
0,0,1,1,24,1,1,19.700000762939453,494.05,0,0,0,0,1,0,1,0,1,0,1,0,1,0,1,0,1,0,1,0,0,1
0,0,0,0,32,1,1,104.05000305175781,3416.85,0,1,0,1,0,0,0,1,0,1,0,0,0,1,0,1,0,1,0,1,0,0
0,0,0,0,27,1,0,52.849998474121094,1498.65,0,0,0,0,0,1,0,1,0,0,0,0,0,0,0,0,0,0,1,0,0,0
0,1,1,0,27,1,1,104.30000305175781,2867.75,1,1,0,1,0,1,0,0,0,0,0,1,0,1,0,1,0,0,0,0,0,0
1,0,0,0,58,1,0,80.6500015258789,4807.35,0,1,0,1,0,0,0,0,0,0,0,1,0,0,0,0,0,0,0,0,0,0
1,0,0,0,1,1,1,71.3499984741211,71.35,1,0,0,1,0,0,0,0,0,0,0,0,0,0,0,0,0,0,0,0,0,1
0,0,1,1,18,1,1,24.649999618530273,471.35,0,1,0,0,1,0,1,0,1,0,1,0,1,0,1,0,1,0,1,1,0,0
0,0,1,1,47,1,1,21.299999237060547,1041.8,0,0,0,0,1,0,1,0,1,0,1,0,1,0,1,0,1,0,1,0,0,0
0,0,1,1,70,1,1,110.19999694824219,7689.8,0,1,0,1,0,0,0,1,0,1,0,1,0,1,0,1,0,0,1,0,1,0
0,0,0,0,13,1,0,89.4000015258789,1132.35,1,1,0,1,0,0,0,1,0,1,0,1,0,0,0,0,0,0,0,0,1,0
0,0,1,1,36,1,0,51.04999923706055,1815.0,0,0,0,0,0,1,0,0,0,0,0,0,0,0,0,0,0,0,0,1,0,0
1,0,0,0,67,1,1,19.799999237060547,1311.3,0,0,0,0,1,0,1,0,1,0,1,0,1,0,1,0,1,0,1,0,0,1
0,0,0,0,10,1,1,19.899999618530273,199.45,0,0,0,0,1,0,1,0,1,0,1,0,1,0,1,0,1,0,0,0,0,1
1,1,0,0,19,1,1,87.30000305175781,1637.3,0,0,0,1,0,1,0,0,0,0,0,0,0,0,0,1,0,0,0,0,1,0
0,0,1,1,71,1,0,19.850000381469727,1326.35,0,0,0,0,1,0,1,0,1,0,1,0,1,0,1,0,1,0,1,0,0,0
1,0,1,1,72,1,1,89.4000015258789,6376.55,0,1,0,0,0,1,0,1,0,1,0,1,0,1,0,1,0,0,1,0,0,1
0,0,1,1,48,1,0,20.0,935.9,0,0,0,0,1,0,1,0,1,0,1,0,1,0,1,0,1,0,1,0,0,1
1,0,0,0,1,1,0,20.049999237060547,20.05,0,0,0,0,1,0,1,0,1,0,1,0,1,0,1,0,1,0,0,0,0,1
1,0,1,1,18,1,0,83.25,1611.15,0,0,0,0,0,1,0,0,0,1,0,1,0,1,0,1,0,0,0,0,1,0
1,0,0,0,1,1,0,20.600000381469727,20.6,1,0,0,0,1,0,1,0,1,0,1,0,1,0,1,0,1,0,0,0,0,1
1,1,1,0,67,1,0,102.9000015258789,6989.7,0,1,0,1,0,0,0,1,0,0,0,1,0,1,0,1,0,0,1,0,0,0
1,0,1,1,69,0,0,39.099998474121094,2779.5,0,0,1,0,0,1,0,0,0,1,0,1,0,0,0,0,0,0,1,0,0,1
1,0,0,0,19,1,1,99.94999694824219,1931.75,1,1,0,1,0,0,0,1,0,0,0,0,0,1,0,1,0,0,0,0,1,0
1,1,1,0,72,1,1,114.5,8331.95,0,1,0,1,0,1,0,1,0,1,0,1,0,1,0,1,0,0,1,0,0,1
0,1,0,0,38,1,0,20.200000762939453,735.9,0,0,0,0,1,0,1,0,1,0,1,0,1,0,1,0,1,0,1,0,0,1
1,1,1,0,40,1,0,55.79999923706055,2283.3,0,0,0,0,0,0,0,0,0,0,0,0,0,0,0,1,0,1,0,0,1,0
0,0,1,1,61,1,1,24.200000762939453,1445.2,0,1,0,0,1,0,1,0,1,0,1,0,1,0,1,0,1,0,1,0,0,1
0,0,0,0,10,1,1,81.0,818.05,1,1,0,1,0,0,0,1,0,0,0,0,0,0,0,0,0,0,0,1,0,0
1,0,1,0,32,1,1,72.80000305175781,2333.05,0,1,0,0,0,1,0,0,0,0,0,1,0,1,0,0,0,1,0,1,0,0
0,0,0,0,21,1,1,99.8499984741211,1992.55,0,1,0,1,0,0,0,1,0,0,0,0,0,1,0,1,0,0,0,1,0,0
0,1,0,0,59,1,1,99.5,5890.0,0,1,0,1,0,0,0,0,0,1,0,0,0,1,0,1,0,1,0,0,1,0
0,1,1,0,13,1,1,70.1500015258789,916.75,1,0,0,1,0,0,0,0,0,0,0,0,0,0,0,0,0,0,0,0,1,0
0,0,0,0,47,1,0,20.25,1029.8,0,0,0,0,1,0,1,0,1,0,1,0,1,0,1,0,1,0,1,1,0,0
1,0,1,1,69,1,1,26.0,1796.55,0,1,0,0,1,0,1,0,1,0,1,0,1,0,1,0,1,0,1,0,0,0
1,0,0,0,2,1,1,19.899999618530273,33.7,0,0,0,0,1,0,1,0,1,0,1,0,1,0,1,0,1,0,0,1,0,0
0,0,1,1,22,1,0,19.049999237060547,454.05,0,0,0,0,1,0,1,0,1,0,1,0,1,0,1,0,1,0,0,0,0,0
1,1,1,0,15,1,1,96.5,1392.25,0,1,0,1,0,1,0,0,0,1,0,0,0,1,0,0,0,0,0,0,1,0
0,0,0,0,53,1,0,19.850000381469727,1049.6,0,0,0,0,1,0,1,0,1,0,1,0,1,0,1,0,1,0,1,1,0,0
0,1,1,0,28,1,0,25.700000762939453,734.6,0,1,0,0,1,0,1,0,1,0,1,0,1,0,1,0,1,0,0,0,0,1
1,0,0,0,22,1,0,20.299999237060547,475.1,0,0,0,0,1,0,1,0,1,0,1,0,1,0,1,0,1,1,0,0,0,1
0,0,0,0,1,1,1,70.1500015258789,70.15,1,0,0,1,0,0,0,0,0,0,0,0,0,0,0,0,0,0,0,0,0,1
1,1,1,0,16,1,1,91.55000305175781,1540.05,0,0,0,1,0,0,0,0,0,1,0,1,0,0,0,1,0,0,0,0,1,0
0,0,1,1,48,0,0,39.400001525878906,1978.65,0,0,1,0,0,1,0,1,0,0,0,1,0,0,0,0,0,0,1,0,0,1
1,1,1,0,30,1,1,105.69999694824219,3181.8,0,1,0,1,0,1,0,1,0,1,0,1,0,1,0,0,0,0,0,0,0,0
0,0,0,0,3,1,1,70.25,229.7,0,0,0,1,0,0,0,0,0,0,0,0,0,0,0,0,0,0,0,0,1,0
1,1,0,0,57,1,0,93.75,5625.55,0,1,0,1,0,1,0,0,0,0,0,1,0,0,0,1,0,0,1,0,1,0
0,1,1,0,68,1,1,96.55000305175781,6581.9,1,1,0,1,0,1,0,1,0,0,0,0,0,0,0,1,0,1,0,1,0,0
0,0,1,0,23,1,0,60.0,1347.15,0,0,0,0,0,0,0,0,0,0,0,1,0,1,0,0,0,1,0,0,0,0
0,0,1,0,65,1,1,59.79999923706055,3808.2,0,0,0,0,0,0,0,0,0,0,0,1,0,1,0,0,0,0,1,1,0,0
1,0,1,0,44,1,1,90.6500015258789,3974.15,0,0,0,1,0,0,0,0,0,0,0,0,0,1,0,1,0,1,0,0,0,0
0,0,1,1,71,1,1,109.0,7661.8,0,1,0,1,0,1,0,1,0,1,0,0,0,1,0,1,0,0,1,0,0,0
0,0,1,0,37,1,0,68.0999984741211,2479.25,0,1,0,0,0,1,0,0,0,1,0,1,0,0,0,0,0,1,0,1,0,0
0,0,0,0,12,1,0,20.399999618530273,266.6,0,0,0,0,1,0,1,0,1,0,1,0,1,0,1,0,1,0,0,0,0,1
1,0,1,1,69,1,1,81.94999694824219,5601.4,0,1,0,0,0,0,0,1,0,1,0,1,0,1,0,1,0,0,1,0,0,0
0,0,0,0,35,1,0,60.54999923706055,1982.6,0,0,0,0,0,1,0,1,0,1,0,0,0,0,0,0,0,0,0,0,1,0
1,0,0,0,5,1,1,65.5999984741211,339.9,0,0,0,0,0,0,0,1,0,0,0,1,0,0,0,1,0,0,0,0,0,0
1,0,1,1,58,1,0,82.5,4828.05,0,1,0,1,0,0,0,0,0,0,0,0,0,1,0,0,0,0,1,0,0,0
1,0,1,0,72,1,1,82.30000305175781,5980.55,0,1,0,0,0,1,0,1,0,1,0,1,0,0,0,1,0,0,1,0,0,0
1,0,1,0,72,1,0,68.1500015258789,4808.7,0,1,0,0,0,1,0,1,0,1,0,1,0,0,0,0,0,0,1,0,0,1
0,0,0,0,1,1,0,20.299999237060547,20.3,0,0,0,0,1,0,1,0,1,0,1,0,1,0,1,0,1,0,0,1,0,0
0,0,0,0,39,1,1,95.55000305175781,3692.85,1,0,0,1,0,1,0,0,0,1,0,1,0,1,0,0,0,1,0,0,1,0
1,0,1,1,53,1,0,20.200000762939453,1068.15,0,0,0,0,1,0,1,0,1,0,1,0,1,0,1,0,1,1,0,1,0,0
0,0,0,0,27,1,1,89.19999694824219,2383.6,0,0,0,1,0,0,0,0,0,1,0,1,0,0,0,1,0,0,0,0,1,0
0,1,0,0,1,1,1,69.6500015258789,69.65,1,0,0,1,0,0,0,0,0,0,0,0,0,0,0,0,0,0,0,0,1,0
0,1,0,0,1,1,1,89.30000305175781,89.3,1,0,0,1,0,0,0,0,0,0,0,0,0,1,0,1,0,0,0,0,1,0
0,0,1,0,18,1,0,74.80000305175781,1438.05,0,0,0,1,0,1,0,0,0,0,0,0,0,0,0,0,0,0,0,0,1,0
1,0,1,1,46,1,1,20.200000762939453,917.45,0,0,0,0,1,0,1,0,1,0,1,0,1,0,1,0,1,0,1,0,0,1
0,0,1,0,72,1,1,84.4000015258789,6096.45,0,1,0,0,0,1,0,0,0,1,0,1,0,1,0,1,0,0,1,1,0,0
0,0,0,0,36,1,1,87.55000305175781,3078.1,1,0,0,1,0,0,0,0,0,1,0,1,0,0,0,1,0,0,0,0,1,0
0,0,1,0,4,0,1,25.149999618530273,99.95,0,0,1,0,0,0,0,0,0,0,0,0,0,0,0,0,0,0,0,0,1,0
0,0,0,0,25,1,0,19.799999237060547,475.2,0,0,0,0,1,0,1,0,1,0,1,0,1,0,1,0,1,0,1,1,0,0
0,0,1,1,40,0,1,50.849998474121094,2036.55,0,0,1,0,0,0,0,1,0,0,0,0,0,1,0,1,0,0,0,0,1,0
1,0,1,0,63,1,1,102.4000015258789,6444.05,0,1,0,1,0,0,0,1,0,1,0,0,0,1,0,1,0,0,0,0,1,0
0,1,0,0,15,1,1,96.30000305175781,1426.75,1,0,0,1,0,1,0,0,0,1,0,1,0,0,0,1,0,0,0,0,0,1
1,0,0,0,14,1,1,55.5,767.55,0,1,0,0,0,0,0,1,0,0,0,0,0,0,0,0,0,0,0,1,0,0
1,1,1,0,72,1,1,109.75,7932.5,0,1,0,1,0,0,0,1,0,1,0,1,0,1,0,1,0,0,1,0,0,0
1,0,0,0,39,1,1,106.4000015258789,4040.65,0,1,0,1,0,1,0,1,0,0,0,0,0,1,0,1,0,0,0,0,1,0
0,0,1,1,47,0,1,60.0,2768.65,0,0,1,0,0,1,0,1,0,1,0,0,0,1,0,1,0,0,1,1,0,0
1,0,1,0,19,1,1,88.80000305175781,1672.35,0,1,0,1,0,1,0,1,0,0,0,1,0,0,0,0,0,0,0,1,0,0
0,0,0,0,5,1,1,85.19999694824219,474.8,1,1,0,1,0,0,0,0,0,0,0,0,0,1,0,0,0,0,0,0,1,0
0,0,0,0,13,0,1,35.099998474121094,446.1,1,0,1,0,0,0,0,0,0,0,0,0,0,0,0,1,0,0,0,0,1,0
0,0,0,0,17,1,0,80.05000305175781,1345.65,0,1,0,1,0,0,0,0,0,1,0,0,0,0,0,0,0,0,0,0,0,0
1,1,1,0,34,1,1,75.55000305175781,2425.4,0,1,0,1,0,0,0,0,0,0,0,0,0,0,0,0,0,0,0,0,1,0
0,0,0,0,42,1,1,49.54999923706055,2077.95,0,0,0,0,0,0,0,1,0,0,0,0,0,0,0,0,0,0,0,0,1,0
1,0,1,0,5,1,1,81.30000305175781,416.3,1,1,0,1,0,0,0,1,0,0,0,0,0,0,0,0,0,0,0,0,1,0
0,0,1,1,71,1,0,23.899999618530273,1663.5,0,1,0,0,1,0,1,0,1,0,1,0,1,0,1,0,1,0,1,1,0,0
1,1,1,0,19,1,0,66.4000015258789,1286.05,0,0,0,0,0,1,0,0,0,1,0,0,0,1,0,0,0,0,0,0,0,0
0,0,0,1,2,1,1,19.600000381469727,35.85,1,0,0,0,1,0,1,0,1,0,1,0,1,0,1,0,1,0,0,0,1,0
1,0,0,0,57,1,0,18.799999237060547,1094.35,0,0,0,0,1,0,1,0,1,0,1,0,1,0,1,0,1,0,1,1,0,0
1,0,1,0,72,1,1,108.4000015258789,7719.5,0,1,0,1,0,0,0,1,0,1,0,1,0,1,0,1,0,0,1,0,1,0
0,0,0,0,6,1,1,85.94999694824219,514.6,0,0,0,1,0,0,0,1,0,0,0,0,0,0,0,1,0,0,0,0,0,1
0,0,1,1,17,1,1,85.44999694824219,1451.6,1,1,0,1,0,0,0,0,0,0,0,0,0,0,0,1,0,0,0,0,1,0
1,0,1,0,61,1,0,80.9000015258789,4932.5,0,1,0,0,0,0,0,1,0,1,0,0,0,1,0,1,0,0,1,0,0,0
1,0,1,1,1,1,1,71.0,71.0,1,0,0,1,0,0,0,0,0,0,0,0,0,0,0,0,0,0,0,0,1,0
1,0,1,1,48,1,0,111.80000305175781,5443.65,0,1,0,1,0,1,0,1,0,1,0,1,0,1,0,1,0,0,1,1,0,0
1,0,0,0,16,1,1,20.600000381469727,330.25,0,0,0,0,1,0,1,0,1,0,1,0,1,0,1,0,1,0,0,1,0,0
1,1,0,0,9,1,1,85.05000305175781,746.5,1,1,0,1,0,0,0,0,0,0,0,0,0,0,0,1,0,0,0,0,1,0
0,0,0,0,3,1,0,44.599998474121094,122.7,0,0,0,0,0,0,0,0,0,0,0,0,0,0,0,0,0,0,0,0,1,0
1,0,0,1,1,1,1,44.400001525878906,44.4,1,0,0,0,0,0,0,0,0,0,0,0,0,0,0,0,0,0,0,0,1,0
1,0,0,0,65,1,0,105.0999984741211,6631.85,0,1,0,1,0,0,0,1,0,1,0,0,0,1,0,1,0,0,1,1,0,0
0,0,1,1,70,1,1,115.1500015258789,8250.0,0,1,0,1,0,1,0,1,0,1,0,1,0,1,0,1,0,0,1,1,0,0
1,0,1,0,60,1,1,59.79999923706055,3561.15,0,0,0,0,0,1,0,0,0,0,0,0,0,1,0,0,0,1,0,0,0,1
0,0,1,0,69,1,1,26.299999237060547,1763.55,0,1,0,0,1,0,1,0,1,0,1,0,1,0,1,0,1,1,0,0,1,0
0,1,0,0,35,1,0,70.55000305175781,2419.0,0,0,0,1,0,0,0,0,0,0,0,0,0,0,0,0,0,0,0,0,1,0
0,0,0,0,22,1,1,20.049999237060547,470.2,0,0,0,0,1,0,1,0,1,0,1,0,1,0,1,0,1,0,0,0,0,1
1,0,1,1,66,1,0,79.8499984741211,5234.95,0,1,0,0,0,0,0,1,0,1,0,0,0,1,0,1,0,0,1,0,0,0
1,1,1,0,1,1,1,70.30000305175781,70.3,1,0,0,1,0,0,0,0,0,0,0,0,0,0,0,0,0,0,0,0,1,0
0,0,1,0,1,1,1,79.3499984741211,79.35,1,0,0,1,0,0,0,0,0,0,0,0,0,1,0,0,0,0,0,0,0,0
1,0,1,1,34,1,1,90.05000305175781,3097.0,0,1,0,1,0,0,0,0,0,1,0,0,0,0,0,1,0,0,0,1,0,0
0,0,1,1,72,1,0,24.450000762939453,1709.1,0,1,0,0,1,0,1,0,1,0,1,0,1,0,1,0,1,0,1,0,0,0
1,0,1,1,31,0,0,59.95000076293945,1848.8,0,0,1,0,0,1,0,0,0,1,0,1,0,1,0,1,0,1,0,0,1,0
1,0,0,1,30,1,0,25.350000381469727,723.3,0,1,0,0,1,0,1,0,1,0,1,0,1,0,1,0,1,1,0,0,0,0
0,0,0,0,9,1,1,90.80000305175781,809.75,1,0,0,1,0,0,0,0,0,0,0,0,0,1,0,1,0,0,0,0,0,0
1,0,1,1,20,1,1,70.44999694824219,1470.95,1,0,0,1,0,0,0,0,0,0,0,0,0,0,0,0,0,0,0,0,1,0
1,1,1,0,19,0,1,34.29999923706055,577.15,0,0,1,0,0,0,0,1,0,1,0,0,0,0,0,0,0,0,0,1,0,0
0,0,1,0,65,1,1,105.05000305175781,6914.95,0,1,0,1,0,1,0,0,0,1,0,0,0,1,0,1,0,0,0,0,1,0
0,0,1,1,30,1,0,19.299999237060547,602.9,0,0,0,0,1,0,1,0,1,0,1,0,1,0,1,0,1,0,1,0,0,1
1,0,0,0,6,1,0,19.149999618530273,124.4,0,0,0,0,1,0,1,0,1,0,1,0,1,0,1,0,1,1,0,0,0,1
0,0,0,0,2,0,0,51.400001525878906,96.8,0,0,1,0,0,0,0,1,0,0,0,0,0,1,0,1,0,0,0,0,1,0
1,0,1,1,53,1,0,71.8499984741211,3827.9,0,1,0,0,0,1,0,0,0,0,0,1,0,0,0,1,0,0,0,0,1,0
1,1,1,0,7,1,1,75.4000015258789,533.05,0,1,0,1,0,0,0,0,0,0,0,0,0,0,0,0,0,0,0,0,1,0
0,0,1,1,61,1,1,49.70000076293945,2961.4,0,0,0,0,0,1,0,0,0,0,0,0,0,0,0,0,0,1,0,0,0,0
1,1,0,0,70,0,1,45.25,3264.45,1,0,1,0,0,0,0,0,0,0,0,0,0,1,0,1,0,1,0,0,1,0
0,0,0,0,13,1,1,78.75,995.35,0,1,0,0,0,1,0,0,0,1,0,0,0,1,0,1,0,0,0,0,1,0
1,1,1,0,35,1,1,81.5999984741211,2815.25,0,1,0,1,0,0,0,0,0,1,0,0,0,0,0,0,0,1,0,0,0,0
0,0,1,0,2,1,1,70.4000015258789,154.8,0,0,0,1,0,0,0,0,0,0,0,0,0,0,0,0,0,0,0,1,0,0
0,0,0,0,3,1,1,75.80000305175781,246.3,1,1,0,1,0,0,0,0,0,0,0,0,0,0,0,0,0,0,0,0,1,0
0,0,0,0,3,1,0,76.0999984741211,257.6,0,1,0,1,0,0,0,0,0,0,0,0,0,0,0,0,0,0,0,0,1,0
0,0,0,0,62,1,1,94.0,5757.2,0,1,0,1,0,0,0,0,0,0,0,0,0,1,0,1,0,1,0,0,0,0
1,0,1,1,72,1,0,103.94999694824219,7517.7,0,1,0,1,0,1,0,1,0,1,0,1,0,0,0,1,0,0,1,1,0,0
1,0,1,0,63,1,1,19.950000762939453,1234.8,0,0,0,0,1,0,1,0,1,0,1,0,1,0,1,0,1,0,1,0,0,0
1,1,0,0,20,1,0,71.30000305175781,1389.2,1,0,0,1,0,0,0,0,0,0,0,0,0,0,0,0,0,0,0,1,0,0
0,1,0,0,35,1,1,110.80000305175781,3836.3,0,1,0,1,0,1,0,1,0,1,0,1,0,1,0,1,0,1,0,0,0,0
1,1,1,0,21,1,1,69.0999984741211,1474.75,1,0,0,1,0,0,0,0,0,0,0,0,0,0,0,0,0,0,0,0,1,0
1,0,1,0,62,1,0,96.0999984741211,6001.45,0,1,0,1,0,1,0,1,0,0,0,0,0,0,0,1,0,1,0,0,1,0
0,0,0,0,15,1,1,48.79999923706055,720.1,0,1,0,0,0,0,0,0,0,0,0,0,0,0,0,0,0,0,0,0,0,1
0,0,0,0,55,1,1,50.54999923706055,2832.75,0,0,0,0,0,1,0,0,0,0,0,0,0,0,0,0,0,0,0,1,0,0
0,0,0,0,11,1,1,44.650001525878906,472.25,0,0,0,0,0,0,0,0,0,0,0,0,0,0,0,0,0,0,0,0,0,1
0,0,1,1,17,1,0,88.25,1460.65,1,1,0,1,0,0,0,0,0,1,0,0,0,1,0,0,0,0,0,0,1,0
0,0,0,0,61,1,0,19.450000762939453,1336.35,0,0,0,0,1,0,1,0,1,0,1,0,1,0,1,0,1,1,0,0,0,0
0,0,1,0,71,1,0,89.30000305175781,6388.65,0,1,0,0,0,1,0,1,0,1,0,1,0,1,0,1,0,0,1,1,0,0
0,0,0,0,2,1,0,70.0,153.05,1,0,0,1,0,0,0,0,0,0,0,0,0,0,0,0,0,0,0,0,0,0
1,0,0,0,35,1,0,19.25,677.9,0,0,0,0,1,0,1,0,1,0,1,0,1,0,1,0,1,0,1,0,0,1
0,0,0,0,17,1,0,70.5,1165.6,0,0,0,1,0,0,0,0,0,0,0,0,0,0,0,0,0,0,0,0,0,0
0,0,0,0,21,1,1,97.3499984741211,2119.5,1,1,0,1,0,0,0,0,0,0,0,0,0,1,0,1,0,0,0,0,1,0
0,0,1,0,47,1,0,19.649999618530273,921.55,0,0,0,0,1,0,1,0,1,0,1,0,1,0,1,0,1,0,1,0,0,0
0,0,1,0,3,1,0,20.850000381469727,72.0,0,0,0,0,1,0,1,0,1,0,1,0,1,0,1,0,1,0,0,0,0,1
1,0,0,0,3,1,1,19.649999618530273,68.35,0,0,0,0,1,0,1,0,1,0,1,0,1,0,1,0,1,0,0,0,0,1
1,1,1,0,44,1,1,19.350000381469727,847.25,0,0,0,0,1,0,1,0,1,0,1,0,1,0,1,0,1,0,1,1,0,0
0,0,0,0,1,1,1,44.0,44.0,0,0,0,0,0,0,0,0,0,0,0,0,0,0,0,0,0,0,0,0,0,1
0,0,1,1,44,1,0,94.4000015258789,4295.35,0,1,0,1,0,0,0,1,0,1,0,0,0,0,0,1,0,1,0,0,1,0
1,0,1,1,5,1,1,25.899999618530273,135.0,1,1,0,0,1,0,1,0,1,0,1,0,1,0,1,0,1,0,0,0,0,0
1,0,0,0,24,1,1,55.650001525878906,1400.55,1,1,0,0,0,1,0,0,0,0,0,0,0,0,0,0,0,0,0,0,0,0
0,0,0,1,1,1,1,69.6500015258789,69.65,1,0,0,1,0,0,0,0,0,0,0,0,0,0,0,0,0,0,0,0,1,0
0,0,0,0,18,1,1,75.4000015258789,1380.4,0,0,0,1,0,1,0,0,0,0,0,0,0,0,0,0,0,0,0,0,1,0
0,0,0,0,10,1,1,100.5999984741211,1060.2,1,1,0,1,0,0,0,0,0,1,0,0,0,1,0,1,0,0,0,0,1,0
0,0,1,0,65,1,0,71.0,4386.2,0,0,0,0,0,1,0,1,0,1,0,0,0,0,0,1,0,0,1,0,0,0
0,1,0,0,1,1,1,86.0,86.0,1,0,0,1,0,0,0,1,0,0,0,0,0,0,0,1,0,0,0,0,1,0
0,0,0,0,53,1,1,106.94999694824219,5785.5,1,1,0,1,0,1,0,0,0,1,0,0,0,1,0,1,0,1,0,1,0,0
1,0,0,0,3,1,0,21.200000762939453,52.05,0,0,0,0,1,0,1,0,1,0,1,0,1,0,1,0,1,1,0,0,0,1
1,0,1,0,33,1,1,61.04999923706055,2018.4,0,0,0,0,0,1,0,1,0,0,0,1,0,0,0,0,0,0,1,0,0,1
1,0,0,0,3,0,1,29.600000381469727,79.45,1,0,1,0,0,0,0,1,0,0,0,0,0,0,0,0,0,0,0,0,1,0
0,0,0,0,34,1,1,79.94999694824219,2727.3,0,0,0,0,0,1,0,0,0,1,0,1,0,1,0,1,0,1,0,0,0,0
0,0,1,1,14,1,1,19.700000762939453,263.65,0,0,0,0,1,0,1,0,1,0,1,0,1,0,1,0,1,0,1,0,0,1
0,0,0,0,13,1,1,20.299999237060547,275.4,0,0,0,0,1,0,1,0,1,0,1,0,1,0,1,0,1,0,0,0,0,1
1,1,1,0,46,0,1,59.900001525878906,2816.65,1,0,1,0,0,0,0,1,0,1,0,1,0,1,0,1,0,1,0,0,0,0
1,0,1,1,23,1,0,24.350000381469727,538.5,0,1,0,0,1,0,1,0,1,0,1,0,1,0,1,0,1,1,0,0,0,1
0,0,1,1,47,1,0,19.75,948.9,0,0,0,0,1,0,1,0,1,0,1,0,1,0,1,0,1,0,1,0,0,1
1,0,0,1,17,1,1,50.29999923706055,846.8,0,0,0,0,0,1,0,0,0,0,0,0,0,0,0,0,0,0,0,0,0,1
0,0,1,1,49,1,1,95.5999984741211,4783.5,1,1,0,1,0,0,0,0,0,0,0,0,0,1,0,1,0,0,0,0,1,0
1,1,1,0,59,0,1,50.25,2997.45,0,0,1,0,0,0,0,1,0,0,0,0,0,1,0,1,0,0,0,0,1,0
0,0,0,0,69,1,1,85.3499984741211,5897.4,0,1,0,0,0,1,0,0,0,1,0,1,0,1,0,1,0,0,1,1,0,0
1,0,0,0,11,0,1,41.599998474121094,470.6,1,0,1,0,0,0,0,0,0,1,0,0,0,1,0,0,0,1,0,0,1,0
1,0,0,0,10,1,1,51.650001525878906,524.5,0,0,0,0,0,1,0,0,0,0,0,0,0,0,0,0,0,0,0,0,0,1
1,0,1,1,12,1,1,24.0,269.65,0,1,0,0,1,0,1,0,1,0,1,0,1,0,1,0,1,0,1,0,0,0
1,0,0,0,45,1,1,100.8499984741211,4740.0,1,1,0,1,0,0,0,1,0,0,0,0,0,1,0,1,0,0,0,1,0,0
0,0,1,1,39,1,1,59.849998474121094,2341.5,0,0,0,0,0,0,0,0,0,1,0,0,0,1,0,0,0,0,0,0,0,1
1,1,1,0,71,1,0,25.450000762939453,1789.65,0,1,0,0,1,0,1,0,1,0,1,0,1,0,1,0,1,0,1,1,0,0
1,0,1,1,71,1,0,23.899999618530273,1626.4,0,1,0,0,1,0,1,0,1,0,1,0,1,0,1,0,1,0,1,1,0,0
0,0,1,1,33,1,0,24.149999618530273,800.3,0,1,0,0,1,0,1,0,1,0,1,0,1,0,1,0,1,1,0,1,0,0
1,1,0,0,67,1,1,75.69999694824219,5060.85,0,1,0,1,0,0,0,0,0,0,0,0,0,0,0,0,0,0,0,0,0,1
1,0,1,1,37,0,0,40.20000076293945,1448.8,1,0,1,0,0,1,0,1,0,1,0,0,0,0,0,0,0,0,0,0,0,0
1,0,1,1,49,1,0,84.5,4254.85,1,1,0,1,0,0,0,0,0,0,0,0,0,1,0,0,0,0,0,0,1,0
0,0,1,0,9,1,0,50.849998474121094,466.6,0,0,0,0,0,0,0,1,0,0,0,0,0,0,0,0,0,0,0,0,0,1
1,0,1,0,52,1,1,91.5999984741211,4627.8,0,1,0,1,0,1,0,0,0,1,0,1,0,0,0,0,0,0,1,1,0,0
0,0,0,0,70,1,0,98.9000015258789,6838.6,0,1,0,1,0,0,0,1,0,0,0,0,0,1,0,1,0,1,0,0,1,0
1,0,0,0,1,1,1,85.0,85.0,0,0,0,1,0,0,0,1,0,0,0,0,0,0,0,1,0,0,0,0,1,0
0,1,0,0,14,1,1,78.94999694824219,1101.85,1,1,0,1,0,0,0,1,0,0,0,0,0,0,0,0,0,0,0,0,1,0
1,0,0,0,1,1,1,44.29999923706055,44.3,0,0,0,0,0,0,0,0,0,0,0,0,0,0,0,0,0,0,0,0,0,1
1,0,0,0,1,1,0,20.200000762939453,20.2,1,0,0,0,1,0,1,0,1,0,1,0,1,0,1,0,1,0,0,0,0,1
0,0,0,0,52,1,1,80.19999694824219,4297.6,0,1,0,1,0,0,0,1,0,0,0,0,0,0,0,0,0,1,0,0,0,1
1,0,0,0,6,1,0,60.900001525878906,414.1,0,0,0,0,0,0,0,0,0,1,0,0,0,1,0,0,0,0,0,0,0,1
1,0,1,0,7,0,0,34.20000076293945,256.6,0,0,1,0,0,1,0,1,0,0,0,0,0,0,0,0,0,0,0,0,0,1
0,1,0,0,47,1,1,85.19999694824219,3969.35,1,1,0,1,0,0,0,1,0,1,0,0,0,0,0,0,0,0,0,0,0,0
0,0,0,0,26,1,1,87.1500015258789,2274.1,0,0,0,1,0,1,0,0,0,1,0,1,0,0,0,0,0,1,0,1,0,0
1,0,1,1,25,1,0,54.29999923706055,1296.8,0,0,0,0,0,1,0,0,0,0,0,1,0,0,0,0,0,0,0,0,1,0
1,0,0,0,69,1,1,19.100000381469727,1268.85,0,0,0,0,1,0,1,0,1,0,1,0,1,0,1,0,1,0,1,0,0,1
0,0,0,0,72,1,1,112.75,8192.6,0,1,0,1,0,1,0,1,0,1,0,1,0,1,0,1,0,0,1,1,0,0
1,0,0,0,4,1,1,19.950000762939453,59.25,0,0,0,0,1,0,1,0,1,0,1,0,1,0,1,0,1,0,0,0,0,1
1,0,1,1,59,1,0,19.5,1147.85,0,0,0,0,1,0,1,0,1,0,1,0,1,0,1,0,1,0,1,0,0,1
1,0,0,0,67,1,0,65.55000305175781,4361.55,0,0,0,0,0,1,0,0,0,1,0,0,0,0,0,1,0,0,1,0,0,0
0,1,0,0,26,1,1,78.80000305175781,2006.1,0,0,0,1,0,0,0,0,0,0,0,0,0,0,0,1,0,0,0,0,1,0
0,0,0,0,27,1,0,78.19999694824219,2078.95,0,0,0,0,0,0,0,1,0,1,0,1,0,1,0,1,0,1,0,0,0,1
1,0,1,1,72,1,0,105.25,7609.75,0,1,0,1,0,1,0,0,0,1,0,0,0,1,0,1,0,0,1,0,0,0
0,0,0,0,6,1,1,89.25,487.05,0,0,0,1,0,0,0,0,0,1,0,1,0,0,0,1,0,0,0,0,1,0
1,0,1,1,62,1,0,20.649999618530273,1218.45,0,0,0,0,1,0,1,0,1,0,1,0,1,0,1,0,1,0,1,1,0,0
1,0,0,0,20,1,1,68.69999694824219,1416.2,0,1,0,0,0,0,0,1,0,0,0,1,0,1,0,0,0,1,0,0,1,0
1,0,0,0,6,1,0,78.6500015258789,483.3,0,0,0,0,0,1,0,0,0,1,0,1,0,1,0,1,0,0,0,1,0,0
1,0,0,0,51,1,0,24.75,1234.6,0,1,0,0,1,0,1,0,1,0,1,0,1,0,1,0,1,0,1,0,0,1
0,0,1,1,61,1,0,19.75,1311.6,0,0,0,0,1,0,1,0,1,0,1,0,1,0,1,0,1,0,1,1,0,0
1,1,1,0,62,1,1,89.0999984741211,5618.3,0,1,0,1,0,1,0,1,0,1,0,0,0,0,0,0,0,0,0,0,1,0
0,0,0,0,72,1,1,84.69999694824219,6185.15,0,1,0,1,0,1,0,0,0,0,0,1,0,0,0,0,0,0,1,0,0,0
1,1,1,0,13,1,1,98.0,1237.85,1,0,0,1,0,0,0,1,0,1,0,0,0,1,0,1,0,0,0,0,1,0
1,0,1,0,5,1,1,94.44999694824219,498.1,1,0,0,1,0,0,0,0,0,1,0,0,0,1,0,1,0,0,0,0,1,0
1,1,0,0,3,1,1,105.0,294.45,1,1,0,1,0,0,0,1,0,1,0,0,0,1,0,1,0,0,0,0,1,0
0,1,1,0,26,1,1,93.8499984741211,2381.55,1,1,0,1,0,0,0,1,0,1,0,0,0,0,0,1,0,0,0,0,1,0
1,1,0,0,13,1,1,59.900001525878906,788.35,0,0,0,0,0,0,0,1,0,0,0,0,0,1,0,0,0,0,0,0,1,0
0,0,1,1,38,1,1,19.950000762939453,756.4,0,0,0,0,1,0,1,0,1,0,1,0,1,0,1,0,1,0,1,0,0,1
0,1,1,0,8,1,1,84.0,613.4,1,1,0,1,0,0,0,0,0,0,0,0,0,0,0,1,0,0,0,0,1,0
1,1,1,1,34,1,1,108.9000015258789,3625.2,0,1,0,1,0,0,0,1,0,1,0,1,0,1,0,1,0,0,0,0,1,0
1,0,0,0,18,0,0,33.599998474121094,550.35,0,0,1,0,0,1,0,0,0,1,0,0,0,0,0,0,0,0,0,0,0,1
1,0,1,1,56,1,1,85.8499984741211,4793.8,0,0,0,1,0,0,0,1,0,1,0,1,0,0,0,0,0,1,0,0,0,1
0,0,0,0,36,0,1,34.849998474121094,1267.2,0,0,1,0,0,0,0,1,0,0,0,1,0,0,0,0,0,0,0,0,0,0
0,0,1,0,9,0,1,48.75,442.2,1,0,1,0,0,0,0,0,0,1,0,0,0,1,0,1,0,0,0,0,1,0
1,0,0,0,1,1,1,84.8499984741211,84.85,1,0,0,1,0,0,0,0,0,1,0,0,0,1,0,0,0,0,0,0,1,0
1,0,0,0,12,1,0,56.650001525878906,654.85,1,0,0,0,0,1,0,0,0,0,0,1,0,0,0,0,0,0,0,0,0,1
0,1,1,1,57,1,1,95.30000305175781,5567.45,0,0,0,1,0,0,0,1,0,1,0,1,0,1,0,0,0,0,0,1,0,0
0,0,0,0,42,1,0,73.9000015258789,3160.55,1,0,0,0,0,1,0,1,0,1,0,1,0,0,0,1,0,1,0,1,0,0
0,0,1,1,33,1,1,24.5,740.3,1,1,0,0,1,0,1,0,1,0,1,0,1,0,1,0,1,0,1,0,0,1
1,0,1,0,70,1,0,84.5999984741211,5706.2,0,0,0,1,0,1,0,1,0,0,0,1,0,0,0,0,0,0,1,0,0,0
0,0,0,0,68,0,0,44.95000076293945,3085.35,0,0,1,0,0,0,0,1,0,0,0,1,0,0,0,1,0,0,0,0,1,0
1,0,0,1,1,0,1,24.700000762939453,24.7,0,0,1,0,0,0,0,0,0,0,0,0,0,0,0,0,0,0,0,0,1,0
0,0,0,0,37,1,0,100.30000305175781,3541.4,0,1,0,1,0,0,0,0,0,0,0,1,0,1,0,1,0,0,0,1,0,0
0,0,0,1,4,1,1,25.450000762939453,84.2,0,1,0,0,1,0,1,0,1,0,1,0,1,0,1,0,1,0,0,0,0,1
1,0,0,0,1,1,1,50.70000076293945,50.7,0,0,0,0,0,1,0,0,0,0,0,0,0,0,0,0,0,0,0,0,0,1
1,0,0,0,20,0,1,55.0,1165.55,0,0,1,0,0,1,0,1,0,1,0,1,0,1,0,0,0,0,0,1,0,0
1,0,1,1,72,1,0,68.4000015258789,4855.35,0,0,0,0,0,1,0,1,0,0,0,1,0,1,0,0,0,0,1,0,0,0
0,0,0,0,31,1,1,89.9000015258789,2806.9,1,1,0,1,0,0,0,0,0,1,0,0,0,0,0,1,0,0,0,0,1,0
1,1,1,0,18,1,0,78.55000305175781,1422.65,1,0,0,1,0,0,0,0,0,0,0,0,0,0,0,1,0,0,0,0,1,0
1,0,1,0,11,1,1,55.04999923706055,608.15,0,0,0,0,0,0,0,0,0,0,0,0,0,1,0,0,0,0,0,0,0,0
0,0,1,1,33,1,0,19.799999237060547,641.35,0,0,0,0,1,0,1,0,1,0,1,0,1,0,1,0,1,0,1,1,0,0
0,1,0,0,62,1,0,84.44999694824219,4959.15,0,1,0,1,0,0,0,0,0,0,0,0,0,1,0,0,0,1,0,0,1,0
0,0,0,0,1,0,0,35.900001525878906,35.9,0,0,1,0,0,0,0,0,0,1,0,1,0,0,0,0,0,0,0,0,0,1
1,0,1,0,16,1,0,80.75,1321.3,0,0,0,1,0,1,0,1,0,0,0,0,0,0,0,0,0,0,0,0,0,0
1,0,1,1,22,1,1,78.6500015258789,1663.75,0,1,0,0,0,0,0,0,0,1,0,1,0,1,0,1,0,1,0,0,0,1
0,0,1,1,49,1,0,61.75,3024.15,0,0,0,0,0,1,0,0,0,1,0,1,0,0,0,0,0,0,0,0,0,0
1,0,1,1,36,1,1,63.70000076293945,2188.5,0,0,0,0,0,1,0,0,0,1,0,0,0,0,0,1,0,1,0,1,0,0
1,0,1,0,42,1,1,99.44999694824219,4138.05,1,1,0,1,0,0,0,1,0,1,0,1,0,0,0,1,0,0,0,0,1,0
1,1,0,0,4,0,1,25.200000762939453,102.5,1,0,1,0,0,0,0,0,0,0,0,0,0,0,0,0,0,0,0,0,0,0
0,0,0,0,12,1,0,74.05000305175781,872.65,1,1,0,0,0,0,0,0,0,0,0,1,0,1,0,1,0,1,0,0,0,1
0,0,0,0,31,1,0,87.5999984741211,2724.25,0,0,0,1,0,1,0,0,0,1,0,1,0,0,0,0,0,0,0,0,1,0
1,0,1,0,5,1,1,89.1500015258789,413.25,0,1,0,1,0,1,0,0,0,0,0,0,0,0,0,1,0,0,0,0,1,0
1,0,1,1,66,1,0,20.0,1374.2,0,0,0,0,1,0,1,0,1,0,1,0,1,0,1,0,1,0,1,1,0,0
0,1,0,0,15,1,0,55.0,757.1,1,1,0,0,0,0,0,0,0,0,0,1,0,0,0,0,0,0,0,1,0,0
1,0,0,0,64,1,1,104.4000015258789,6692.65,0,1,0,1,0,0,0,1,0,1,0,0,0,1,0,1,0,0,1,0,0,0
1,0,1,1,10,1,1,20.049999237060547,218.5,0,0,0,0,1,0,1,0,1,0,1,0,1,0,1,0,1,0,0,1,0,0
1,0,1,1,7,1,1,89.75,608.8,1,0,0,1,0,0,0,1,0,0,0,1,0,1,0,0,0,0,0,0,1,0
1,0,0,0,29,0,0,34.29999923706055,1004.75,0,0,1,0,0,0,0,1,0,0,0,1,0,0,0,0,0,0,0,0,1,0
1,0,0,0,57,1,0,20.649999618530273,1125.6,0,0,0,0,1,0,1,0,1,0,1,0,1,0,1,0,1,0,1,0,0,0
0,0,0,0,46,1,0,84.25,3847.6,0,1,0,1,0,1,0,1,0,0,0,0,0,0,0,0,0,0,0,0,0,1
1,0,0,0,53,1,0,19.649999618530273,978.0,0,0,0,0,1,0,1,0,1,0,1,0,1,0,1,0,1,0,1,0,0,0
0,0,0,0,17,1,0,79.8499984741211,1387.35,0,0,0,0,0,1,0,1,0,0,0,1,0,1,0,1,0,1,0,1,0,0
0,0,1,1,38,1,1,20.200000762939453,746.05,0,0,0,0,1,0,1,0,1,0,1,0,1,0,1,0,1,0,1,0,0,1
1,0,0,0,15,1,0,19.799999237060547,304.6,0,0,0,0,1,0,1,0,1,0,1,0,1,0,1,0,1,1,0,0,0,1
0,0,0,0,22,0,1,50.349998474121094,1098.85,0,0,1,0,0,0,0,1,0,0,0,0,0,1,0,1,0,0,0,0,1,0
1,0,1,0,14,1,1,85.1500015258789,1139.2,1,1,0,1,0,0,0,0,0,0,0,0,0,0,0,1,0,0,0,0,1,0
0,0,1,0,57,1,0,74.5999984741211,4368.95,0,1,0,0,0,0,0,1,0,1,0,1,0,1,0,0,0,1,0,0,0,0
1,1,0,0,11,1,1,79.1500015258789,827.7,0,0,0,1,0,0,0,0,0,0,0,0,0,0,0,1,0,0,0,1,0,0
0,0,1,1,1,1,0,20.350000381469727,20.35,0,0,0,0,1,0,1,0,1,0,1,0,1,0,1,0,1,0,1,0,0,1
1,0,1,1,12,1,0,21.049999237060547,262.05,0,0,0,0,1,0,1,0,1,0,1,0,1,0,1,0,1,0,1,0,0,0
1,1,1,0,3,1,1,94.5999984741211,279.55,1,1,0,1,0,0,0,0,0,0,0,0,0,1,0,1,0,0,0,0,1,0
1,0,0,1,36,1,1,94.69999694824219,3512.5,0,0,0,1,0,0,0,1,0,0,0,0,0,1,0,1,0,0,0,0,1,0
1,0,0,0,16,1,1,94.25,1483.25,1,0,0,1,0,1,0,0,0,0,0,0,0,1,0,1,0,0,0,0,1,0
1,0,1,1,65,1,0,72.44999694824219,4653.85,1,1,0,0,0,1,0,1,0,1,0,0,0,0,0,1,0,1,0,1,0,0
1,0,0,0,2,1,0,74.94999694824219,151.75,0,0,0,1,0,0,0,1,0,0,0,0,0,0,0,0,0,0,0,0,1,0
0,0,0,0,42,1,1,105.19999694824219,4400.75,1,1,0,1,0,1,0,0,0,1,0,0,0,1,0,1,0,0,0,0,1,0
1,0,1,1,72,1,0,111.94999694824219,8033.1,0,0,0,1,0,1,0,1,0,1,0,1,0,1,0,1,0,0,1,0,0,0
1,0,0,0,62,1,0,19.850000381469727,1253.65,0,0,0,0,1,0,1,0,1,0,1,0,1,0,1,0,1,0,1,0,0,0
0,0,0,0,6,1,1,89.75,552.65,0,1,0,1,0,0,0,1,0,0,0,0,0,1,0,0,0,0,0,0,1,0
1,0,1,0,48,1,1,20.049999237060547,1036.0,0,0,0,0,1,0,1,0,1,0,1,0,1,0,1,0,1,0,1,0,0,1
1,0,0,0,35,1,1,108.94999694824219,4025.5,0,1,0,1,0,1,0,0,0,1,0,1,0,1,0,1,0,0,1,0,1,0
1,0,0,1,52,1,0,19.649999618530273,928.4,0,0,0,0,1,0,1,0,1,0,1,0,1,0,1,0,1,1,0,1,0,0
0,0,0,0,1,0,1,24.899999618530273,24.9,0,0,1,0,0,0,0,0,0,0,0,0,0,0,0,0,0,0,0,0,0,1
1,0,1,0,6,1,1,82.8499984741211,460.25,1,1,0,1,0,0,0,0,0,0,0,0,0,1,0,0,0,0,0,0,1,0
0,0,1,0,71,1,0,93.19999694824219,6506.15,0,1,0,0,0,1,0,1,0,1,0,1,0,1,0,1,0,0,1,1,0,0
0,0,1,1,67,1,0,84.80000305175781,5598.3,0,0,0,1,0,1,0,1,0,1,0,0,0,0,0,0,0,1,0,0,0,0
1,1,0,0,60,1,1,71.75,4374.55,0,1,0,0,0,1,0,1,0,0,0,0,0,0,0,1,0,1,0,0,1,0
1,0,1,1,23,0,1,30.350000381469727,678.75,0,0,1,0,0,0,0,0,0,0,0,1,0,0,0,0,0,0,0,0,0,0
1,0,0,1,39,0,0,54.849998474121094,2191.7,0,0,1,0,0,0,0,0,0,1,0,1,0,1,0,1,0,1,0,0,0,0
1,0,1,1,15,1,1,19.5,239.75,0,0,0,0,1,0,1,0,1,0,1,0,1,0,1,0,1,1,0,0,0,1
1,1,1,0,53,1,1,103.8499984741211,5485.5,1,1,0,1,0,0,0,1,0,1,0,0,0,1,0,1,0,0,0,0,1,0
1,0,1,1,24,1,0,24.200000762939453,609.05,0,1,0,0,1,0,1,0,1,0,1,0,1,0,1,0,1,0,1,0,0,1
0,0,1,1,37,1,0,19.350000381469727,683.75,0,0,0,0,1,0,1,0,1,0,1,0,1,0,1,0,1,0,0,0,1,0
0,0,1,1,5,1,1,83.5999984741211,404.2,1,0,0,1,0,0,0,1,0,0,0,0,0,0,0,1,0,0,0,0,1,0
0,1,1,0,50,1,1,100.6500015258789,5189.75,0,1,0,1,0,0,0,0,0,0,0,1,0,1,0,1,0,1,0,0,1,0
0,0,0,0,54,1,1,94.0999984741211,5060.9,0,0,0,1,0,0,0,0,0,1,0,0,0,1,0,1,0,1,0,1,0,0
0,0,0,0,3,1,1,74.55000305175781,233.65,0,0,0,1,0,1,0,0,0,0,0,0,0,0,0,0,0,0,0,0,1,0
1,0,0,0,68,1,0,108.44999694824219,7176.55,1,1,0,1,0,0,0,1,0,1,0,1,0,1,0,1,0,1,0,0,1,0
1,0,0,0,5,1,0,56.150001525878906,291.45,0,0,0,0,0,0,0,0,0,1,0,1,0,0,0,0,0,0,0,0,1,0
1,0,0,0,33,1,0,20.350000381469727,689.75,0,0,0,0,1,0,1,0,1,0,1,0,1,0,1,0,1,0,1,0,0,1
0,0,0,0,41,1,1,80.55000305175781,3263.9,0,1,0,0,0,0,0,1,0,1,0,0,0,1,0,1,0,1,0,0,1,0
0,0,1,1,34,0,0,61.25,1993.2,0,0,1,0,0,1,0,0,0,1,0,1,0,1,0,1,0,1,0,0,0,1
0,0,1,1,13,1,1,20.450000762939453,254.5,0,0,0,0,1,0,1,0,1,0,1,0,1,0,1,0,1,0,0,0,0,1
0,0,0,0,20,1,1,18.899999618530273,347.65,0,0,0,0,1,0,1,0,1,0,1,0,1,0,1,0,1,0,0,1,0,0
0,1,0,0,51,1,0,19.600000381469727,967.9,0,0,0,0,1,0,1,0,1,0,1,0,1,0,1,0,1,0,1,1,0,0
0,0,1,0,3,1,1,91.5,242.95,1,1,0,1,0,0,0,1,0,0,0,0,0,0,0,1,0,0,0,1,0,0
0,0,0,1,41,1,0,45.20000076293945,1841.9,0,0,0,0,0,0,0,0,0,0,0,0,0,0,0,0,0,0,0,0,0,0
0,0,0,0,13,1,0,19.450000762939453,232.1,0,0,0,0,1,0,1,0,1,0,1,0,1,0,1,0,1,0,0,1,0,0
1,0,1,1,35,1,0,25.450000762939453,809.25,0,1,0,0,1,0,1,0,1,0,1,0,1,0,1,0,1,0,1,0,0,0
1,0,1,0,12,1,0,80.8499984741211,866.45,1,0,0,1,0,1,0,0,0,0,0,1,0,0,0,0,0,0,0,0,0,0
1,0,0,0,4,1,1,94.9000015258789,360.55,0,0,0,1,0,1,0,1,0,0,0,1,0,0,0,1,0,0,0,0,0,1
0,0,0,0,43,0,1,49.04999923706055,2076.2,1,0,1,0,0,0,0,0,0,1,0,0,0,1,0,1,0,0,0,0,0,0
0,1,1,1,12,0,1,29.299999237060547,355.9,0,0,1,0,0,0,0,0,0,0,0,1,0,0,0,0,0,0,0,0,0,1
1,1,1,0,68,1,1,105.30000305175781,7299.65,1,1,0,1,0,0,0,1,0,1,0,0,0,1,0,1,0,0,0,0,1,0
1,1,0,0,25,1,1,88.94999694824219,2291.2,1,1,0,1,0,0,0,1,0,0,0,0,0,1,0,0,0,0,0,0,1,0
0,0,0,0,7,1,0,20.25,129.15,0,0,0,0,1,0,1,0,1,0,1,0,1,0,1,0,1,1,0,0,0,1
1,1,1,0,66,1,1,110.8499984741211,7491.75,1,1,0,1,0,0,0,1,0,1,0,1,0,1,0,1,0,1,0,0,1,0
0,0,1,0,53,1,0,110.5,5835.5,0,0,0,1,0,1,0,1,0,1,0,1,0,1,0,1,0,1,0,0,1,0
1,1,0,0,63,1,1,109.4000015258789,7031.45,0,1,0,1,0,1,0,1,0,1,0,0,0,1,0,1,0,0,0,0,0,0
0,0,1,1,70,1,1,114.19999694824219,7723.9,1,1,0,1,0,1,0,1,0,1,0,1,0,1,0,1,0,0,1,0,0,0
1,1,1,0,27,0,0,36.5,1032.0,1,0,1,0,0,0,0,0,0,0,0,0,0,0,0,1,0,0,0,0,0,0
0,0,0,0,1,1,0,70.75,70.75,1,0,0,1,0,0,0,0,0,0,0,0,0,0,0,0,0,0,0,0,0,1
0,0,0,0,5,1,0,19.950000762939453,109.6,0,0,0,0,1,0,1,0,1,0,1,0,1,0,1,0,1,0,0,0,0,1
0,1,1,0,37,1,0,19.600000381469727,727.8,0,0,0,0,1,0,1,0,1,0,1,0,1,0,1,0,1,1,0,0,0,1
1,0,0,0,3,0,1,40.150001525878906,130.75,1,0,1,0,0,0,0,0,0,1,0,0,0,1,0,0,0,0,0,0,0,1
0,0,0,1,12,1,1,76.5999984741211,893.0,0,1,0,1,0,0,0,0,0,0,0,0,0,0,0,0,0,0,0,0,1,0
0,0,1,1,38,1,0,19.600000381469727,763.1,0,0,0,0,1,0,1,0,1,0,1,0,1,0,1,0,1,1,0,1,0,0
0,0,0,0,9,1,1,85.30000305175781,781.4,0,0,0,1,0,0,0,0,0,1,0,0,0,0,0,1,0,0,0,1,0,0
1,0,1,0,13,1,1,65.8499984741211,902.25,0,1,0,0,0,1,0,0,0,0,0,0,0,0,0,1,0,0,0,0,1,0
1,1,1,0,29,1,1,94.44999694824219,2653.65,1,1,0,1,0,0,0,0,0,0,0,0,0,1,0,1,0,0,0,0,1,0
0,0,1,1,47,1,0,20.049999237060547,1016.7,0,0,0,0,1,0,1,0,1,0,1,0,1,0,1,0,1,0,1,1,0,0
1,0,1,0,61,1,0,99.4000015258789,5943.65,0,1,0,1,0,1,0,0,0,1,0,1,0,1,0,0,0,0,0,0,0,0
1,0,0,0,16,1,0,20.0,275.7,0,0,0,0,1,0,1,0,1,0,1,0,1,0,1,0,1,0,0,0,0,1
0,0,1,1,41,1,0,78.44999694824219,3126.45,0,0,0,0,0,1,0,1,0,0,0,1,0,1,0,1,0,0,1,0,1,0
0,0,0,1,43,1,1,25.100000381469727,1070.15,0,1,0,0,1,0,1,0,1,0,1,0,1,0,1,0,1,0,1,0,1,0
0,0,1,1,36,1,1,97.3499984741211,3457.9,1,1,0,1,0,0,0,1,0,1,0,0,0,1,0,0,0,0,0,0,0,0
0,0,0,0,6,1,1,55.0,340.4,0,0,0,0,0,0,0,0,0,0,0,0,0,0,0,1,0,0,0,0,1,0
0,0,0,0,58,1,1,71.0999984741211,4299.2,0,1,0,0,0,1,0,1,0,1,0,1,0,0,0,0,0,1,0,1,0,0
1,0,0,0,19,1,1,61.54999923706055,1093.2,0,0,0,0,0,0,0,0,0,0,0,1,0,1,0,0,0,0,0,1,0,0
1,0,1,0,11,1,1,45.900001525878906,521.9,0,0,0,0,0,0,0,0,0,0,0,0,0,0,0,0,0,0,0,0,0,0
0,0,0,0,39,0,1,40.29999923706055,1630.4,0,0,1,0,0,1,0,1,0,0,0,1,0,0,0,0,0,1,0,0,0,0
0,1,0,0,8,1,1,87.0999984741211,713.6,0,0,0,1,0,0,0,1,0,0,0,0,0,1,0,0,0,0,0,0,1,0
0,0,0,1,26,1,1,49.5,1265.65,0,1,0,0,0,0,0,0,0,0,0,0,0,0,0,0,0,0,0,0,0,1
0,1,0,0,53,1,1,73.80000305175781,4003.85,0,0,0,1,0,0,0,1,0,0,0,0,0,0,0,0,0,0,0,1,0,0
0,0,1,1,70,1,1,19.200000762939453,1401.4,0,0,0,0,1,0,1,0,1,0,1,0,1,0,1,0,1,0,1,0,0,1
1,0,0,0,1,0,1,45.29999923706055,45.3,1,0,1,0,0,0,0,0,0,0,0,0,0,1,0,1,0,0,0,0,0,1
1,0,0,0,59,1,0,25.0,1510.5,0,1,0,0,1,0,1,0,1,0,1,0,1,0,1,0,1,0,1,0,0,1
1,0,0,0,2,1,0,94.94999694824219,178.1,1,0,0,1,0,0,0,0,0,1,0,0,0,1,0,1,0,0,0,0,1,0
1,0,0,0,7,0,0,35.29999923706055,264.8,0,0,1,0,0,1,0,0,0,1,0,0,0,0,0,0,0,1,0,0,0,1
0,0,0,1,12,1,1,44.54999923706055,480.6,1,0,0,0,0,0,0,0,0,0,0,0,0,0,0,0,0,0,0,0,1,0
1,0,1,1,59,1,0,76.75,4541.9,0,0,0,0,0,0,0,1,0,1,0,1,0,1,0,1,0,1,0,1,0,0
1,0,1,1,61,1,1,81.0,4976.15,0,1,0,0,0,0,0,0,0,1,0,1,0,1,0,1,0,0,1,0,0,0
1,0,1,1,72,1,1,105.55000305175781,7542.25,0,1,0,1,0,1,0,0,0,1,0,0,0,1,0,1,0,0,1,0,0,0
0,0,1,1,13,1,0,18.799999237060547,251.25,0,0,0,0,1,0,1,0,1,0,1,0,1,0,1,0,1,0,0,0,0,1
0,0,1,1,64,1,0,24.899999618530273,1595.5,0,1,0,0,1,0,1,0,1,0,1,0,1,0,1,0,1,1,0,0,0,1
1,0,1,0,1,0,1,23.450000762939453,23.45,1,0,1,0,0,0,0,0,0,0,0,0,0,0,0,0,0,0,0,0,1,0
0,0,0,0,10,1,0,64.9000015258789,685.55,0,0,0,0,0,0,0,1,0,0,0,1,0,0,0,1,0,1,0,0,0,1
0,0,1,1,65,1,0,61.349998474121094,3874.1,0,0,0,0,0,1,0,1,0,1,0,0,0,0,0,0,0,1,0,0,0,0
0,0,1,0,62,1,0,113.94999694824219,6891.4,0,1,0,1,0,1,0,1,0,1,0,1,0,1,0,1,0,0,1,0,0,1
0,0,1,0,55,1,1,90.1500015258789,4916.95,0,1,0,0,0,1,0,1,0,1,0,1,0,1,0,1,0,1,0,0,1,0
0,0,1,0,25,1,0,54.099998474121094,1373.0,0,1,0,0,0,0,0,1,0,0,0,0,0,0,0,0,0,0,0,0,1,0
1,0,0,0,1,0,0,29.700000762939453,29.7,1,0,1,0,0,1,0,0,0,0,0,0,0,0,0,0,0,0,0,0,0,1
1,0,0,0,1,1,1,49.79999923706055,49.8,0,0,0,0,0,1,0,0,0,0,0,0,0,0,0,0,0,0,0,1,0,0
0,0,1,0,59,1,0,101.0999984741211,6039.9,1,1,0,1,0,0,0,1,0,0,0,0,0,1,0,1,0,0,0,0,1,0
1,1,1,1,64,1,1,24.399999618530273,1548.65,0,1,0,0,1,0,1,0,1,0,1,0,1,0,1,0,1,0,1,0,0,0
1,0,1,0,36,1,1,95.0,3440.25,0,1,0,1,0,0,0,0,0,0,0,0,0,1,0,1,0,0,0,0,0,0
0,0,0,0,3,1,1,50.650001525878906,151.3,1,1,0,0,0,0,0,0,0,0,0,0,0,0,0,0,0,0,0,0,0,1
1,0,1,0,61,1,1,69.9000015258789,4226.7,0,1,0,0,0,1,0,0,0,1,0,0,0,0,0,1,0,0,1,0,0,1
1,0,0,1,26,0,1,39.95000076293945,1023.75,0,0,1,0,0,0,0,1,0,0,0,0,0,1,0,0,0,1,0,0,0,0
0,0,0,0,1,1,1,55.400001525878906,55.4,1,0,0,0,0,0,0,0,0,0,0,0,0,0,0,1,0,0,0,0,1,0
0,1,1,0,1,1,1,90.5999984741211,90.6,1,1,0,1,0,0,0,1,0,0,0,0,0,1,0,0,0,0,0,0,1,0
1,0,1,1,68,1,1,103.25,7074.4,0,0,0,1,0,1,0,1,0,1,0,0,0,1,0,1,0,0,1,1,0,0
1,1,1,0,2,1,1,86.8499984741211,156.35,1,1,0,1,0,0,0,0,0,0,0,0,0,1,0,0,0,0,0,0,0,1
0,0,1,0,72,1,1,94.25,6849.75,0,1,0,1,0,1,0,1,0,1,0,1,0,0,0,0,0,0,1,0,0,0
0,0,1,0,71,0,1,47.04999923706055,3263.6,0,0,1,0,0,0,0,0,0,1,0,1,0,0,0,1,0,0,1,0,1,0
1,0,0,0,57,1,0,20.549999237060547,1252.85,0,0,0,0,1,0,1,0,1,0,1,0,1,0,1,0,1,0,1,1,0,0
1,0,0,0,4,1,1,19.649999618530273,67.55,0,0,0,0,1,0,1,0,1,0,1,0,1,0,1,0,1,0,0,0,0,1
0,1,0,0,1,1,1,70.19999694824219,70.2,0,0,0,1,0,0,0,0,0,0,0,0,0,0,0,0,0,0,0,0,1,0
1,0,1,1,72,1,0,81.0,5750.0,0,1,0,0,0,1,0,1,0,1,0,1,0,0,0,1,0,0,1,1,0,0
1,0,1,1,21,1,1,75.9000015258789,1549.75,0,1,0,0,0,1,0,0,0,0,0,0,0,1,0,1,0,1,0,0,0,0
0,0,1,1,71,1,0,24.700000762939453,1810.55,0,1,0,0,1,0,1,0,1,0,1,0,1,0,1,0,1,0,1,0,0,0
0,1,1,0,29,1,1,99.05000305175781,2952.85,1,1,0,1,0,0,0,0,0,1,0,0,0,1,0,1,0,0,0,0,0,0
0,1,0,0,69,1,0,110.25,7467.55,0,1,0,1,0,1,0,0,0,1,0,1,0,1,0,1,0,0,1,1,0,0
0,0,1,0,64,1,1,85.0,5484.4,0,1,0,0,0,1,0,0,0,1,0,1,0,1,0,1,0,0,1,1,0,0
1,0,0,0,16,1,0,19.75,294.9,0,0,0,0,1,0,1,0,1,0,1,0,1,0,1,0,1,0,0,1,0,0
0,0,0,0,4,1,0,23.899999618530273,97.5,0,1,0,0,1,0,1,0,1,0,1,0,1,0,1,0,1,1,0,0,1,0
0,0,0,0,52,1,1,111.25,5916.45,1,1,0,1,0,1,0,1,0,0,0,1,0,1,0,1,0,1,0,1,0,0
1,0,0,0,2,1,1,55.099998474121094,113.35,1,0,0,0,0,1,0,0,0,1,0,0,0,0,0,0,0,0,0,0,0,1
1,0,0,0,1,1,0,19.950000762939453,19.95,0,0,0,0,1,0,1,0,1,0,1,0,1,0,1,0,1,0,0,0,0,1
1,0,0,0,18,0,0,25.149999618530273,476.8,0,0,1,0,0,0,0,0,0,0,0,0,0,0,0,0,0,0,0,0,0,1
0,0,0,0,2,1,0,54.150001525878906,101.65,0,1,0,0,0,0,0,1,0,0,0,0,0,0,0,0,0,0,0,0,0,1
0,0,1,0,19,1,1,59.79999923706055,1130.85,0,0,0,0,0,0,0,1,0,0,0,0,0,0,0,1,0,0,0,0,0,1
0,0,0,0,40,1,0,83.8499984741211,3532.25,0,1,0,1,0,0,0,0,0,0,0,0,0,0,0,1,0,0,0,0,0,0
0,1,1,1,66,1,1,104.9000015258789,6891.45,0,1,0,1,0,0,0,1,0,1,0,0,0,1,0,1,0,1,0,0,1,0
1,0,0,0,21,1,0,75.30000305175781,1570.7,0,1,0,1,0,0,0,0,0,0,0,0,0,0,0,0,0,0,0,0,0,1
1,0,0,0,8,1,1,66.6500015258789,520.95,0,0,0,0,0,0,0,1,0,0,0,1,0,1,0,0,0,0,0,0,1,0
0,0,1,1,72,1,1,109.5,7854.9,0,0,0,1,0,1,0,1,0,1,0,1,0,1,0,1,0,0,1,1,0,0
0,0,0,0,48,1,1,73.8499984741211,3581.4,0,1,0,0,0,0,0,1,0,1,0,1,0,1,0,0,0,1,0,0,0,0
1,0,0,0,69,1,1,19.299999237060547,1447.9,0,0,0,0,1,0,1,0,1,0,1,0,1,0,1,0,1,0,1,0,0,0
1,0,0,0,72,1,1,118.19999694824219,8547.15,0,1,0,1,0,1,0,1,0,1,0,1,0,1,0,1,0,0,1,0,1,0
0,0,0,0,14,1,0,51.45000076293945,727.85,0,0,0,0,0,0,0,1,0,0,0,0,0,0,0,0,0,1,0,1,0,0
1,0,0,0,6,1,0,59.45000076293945,357.6,0,0,0,0,0,0,0,1,0,0,0,0,0,1,0,0,0,0,0,0,1,0
0,0,1,1,8,1,0,19.5,159.35,0,0,0,0,1,0,1,0,1,0,1,0,1,0,1,0,1,0,1,0,0,0
0,0,0,0,17,1,0,19.549999237060547,280.85,0,0,0,0,1,0,1,0,1,0,1,0,1,0,1,0,1,1,0,0,0,1
1,0,0,0,65,1,0,93.55000305175781,6069.25,0,1,0,1,0,1,0,0,0,0,0,1,0,0,0,1,0,1,0,0,1,0
0,0,1,1,57,1,1,59.29999923706055,3274.35,0,0,0,0,0,1,0,0,0,1,0,1,0,0,0,0,0,1,0,0,0,1
1,0,1,0,13,1,1,102.25,1359.0,1,1,0,1,0,0,0,0,0,1,0,0,0,1,0,1,0,0,0,1,0,0
1,1,0,0,19,1,1,95.9000015258789,1777.9,1,0,0,1,0,0,0,0,0,1,0,0,0,1,0,1,0,0,0,1,0,0
0,0,1,0,56,1,0,109.80000305175781,6109.65,0,1,0,1,0,1,0,1,0,1,0,0,0,1,0,1,0,1,0,0,0,0
0,0,1,0,14,1,1,78.0999984741211,1122.4,0,0,0,1,0,0,0,0,0,0,0,0,0,0,0,1,0,0,0,0,1,0
1,0,1,0,52,0,1,39.900001525878906,2020.9,0,0,1,0,0,1,0,0,0,0,0,0,0,0,0,1,0,0,0,0,1,0
0,0,0,0,58,1,1,64.9000015258789,3795.45,0,0,0,0,0,1,0,1,0,1,0,1,0,0,0,0,0,0,1,1,0,0
0,1,0,0,47,1,1,95.05000305175781,4504.55,1,1,0,1,0,0,0,1,0,0,0,1,0,1,0,0,0,0,0,0,1,0
0,0,0,0,67,0,1,53.400001525878906,3579.15,0,0,1,0,0,0,0,0,0,1,0,1,0,1,0,1,0,0,0,1,0,0
1,0,0,0,2,0,1,24.899999618530273,49.7,0,0,1,0,0,0,0,0,0,0,0,0,0,0,0,0,0,0,0,1,0,0
1,1,0,0,6,1,0,44.70000076293945,276.5,0,0,0,0,0,0,0,0,0,0,0,0,0,0,0,0,0,0,0,1,0,0
1,0,1,1,71,1,1,114.0,8175.9,0,1,0,1,0,1,0,1,0,1,0,1,0,1,0,1,0,0,1,0,0,0
0,0,1,1,46,1,0,20.25,890.35,0,0,0,0,1,0,1,0,1,0,1,0,1,0,1,0,1,0,1,0,0,0
0,0,0,0,5,1,0,53.849998474121094,259.8,1,0,0,0,0,1,0,0,0,0,0,1,0,0,0,0,0,0,0,1,0,0
1,1,1,0,67,1,0,83.8499984741211,5588.8,0,1,0,1,0,1,0,1,0,0,0,0,0,0,0,0,0,0,0,0,0,0
1,0,0,1,3,1,0,20.200000762939453,50.6,0,0,0,0,1,0,1,0,1,0,1,0,1,0,1,0,1,0,0,0,0,0
0,0,0,0,3,1,0,19.950000762939453,58.0,0,0,0,0,1,0,1,0,1,0,1,0,1,0,1,0,1,0,0,0,0,1
1,1,1,0,52,1,1,104.19999694824219,5568.35,1,1,0,1,0,1,0,0,0,1,0,0,0,1,0,1,0,0,0,0,1,0
0,0,1,0,42,1,1,50.25,2203.65,1,1,0,0,0,0,0,0,0,0,0,0,0,0,0,0,0,0,0,0,1,0
1,0,1,1,50,1,1,20.350000381469727,938.95,0,0,0,0,1,0,1,0,1,0,1,0,1,0,1,0,1,1,0,0,0,1
1,1,1,0,23,1,1,90.0,2024.1,0,0,0,1,0,1,0,1,0,0,0,0,0,0,0,1,0,0,0,0,1,0
0,0,1,1,67,0,0,54.20000076293945,3623.95,0,0,1,0,0,1,0,1,0,1,0,1,0,1,0,0,0,0,1,1,0,0
0,0,0,0,25,1,1,99.5,2369.05,1,0,0,1,0,0,0,1,0,1,0,0,0,1,0,1,0,0,0,0,1,0
0,1,1,0,39,1,0,99.0999984741211,3877.95,0,0,0,1,0,1,0,1,0,0,0,0,0,1,0,1,0,1,0,0,0,1
0,0,0,0,69,1,1,66.9000015258789,4577.9,0,1,0,0,0,1,0,1,0,0,0,1,0,0,0,0,0,0,1,0,0,1
0,0,0,0,1,0,0,25.850000381469727,25.85,0,0,1,0,0,0,0,0,0,0,0,0,0,0,0,0,0,1,0,0,0,1
1,0,0,0,32,1,0,91.05000305175781,2871.5,0,0,0,1,0,0,0,0,0,0,0,0,0,1,0,1,0,0,0,0,1,0
0,0,0,0,9,1,0,71.0,672.55,1,0,0,1,0,0,0,0,0,0,0,0,0,0,0,0,0,0,0,0,1,0
0,0,0,0,16,1,1,93.19999694824219,1573.7,1,0,0,1,0,0,0,1,0,1,0,0,0,0,0,1,0,0,0,1,0,0
1,0,1,1,60,1,1,20.950000762939453,1270.55,0,0,0,0,1,0,1,0,1,0,1,0,1,0,1,0,1,0,1,0,0,0
0,0,1,1,72,1,1,109.19999694824219,7711.45,0,1,0,1,0,0,0,1,0,1,0,1,0,1,0,1,0,0,1,0,0,0
1,0,1,0,5,1,0,19.350000381469727,126.05,1,0,0,0,1,0,1,0,1,0,1,0,1,0,1,0,1,0,0,0,0,1
0,1,0,0,26,1,1,85.80000305175781,2193.65,0,0,0,1,0,1,0,0,0,0,0,0,0,1,0,0,0,0,0,1,0,0
1,0,0,0,3,1,0,19.850000381469727,64.55,1,0,0,0,1,0,1,0,1,0,1,0,1,0,1,0,1,0,0,0,0,1
1,0,0,0,2,1,1,19.649999618530273,31.2,0,0,0,0,1,0,1,0,1,0,1,0,1,0,1,0,1,0,0,0,1,0
0,0,0,1,2,1,0,20.5,38.25,0,0,0,0,1,0,1,0,1,0,1,0,1,0,1,0,1,1,0,0,0,0
0,0,0,0,36,1,1,89.6500015258789,3348.1,0,1,0,0,0,1,0,0,0,1,0,1,0,1,0,1,0,1,0,1,0,0
1,0,0,0,7,1,0,74.3499984741211,533.6,0,0,0,1,0,1,0,0,0,0,0,0,0,0,0,0,0,0,0,0,0,1
0,1,1,0,60,0,1,49.45000076293945,2907.55,0,0,1,0,0,0,0,1,0,0,0,0,0,1,0,1,0,0,1,1,0,0
0,0,1,0,19,1,1,89.0999984741211,1620.8,0,1,0,1,0,0,0,1,0,0,0,0,0,0,0,1,0,0,0,0,1,0
1,1,1,0,45,1,0,75.1500015258789,3480.35,0,1,0,0,0,1,0,0,0,1,0,1,0,0,0,1,0,0,1,1,0,0
1,1,0,0,4,1,1,70.6500015258789,293.85,0,0,0,1,0,0,0,0,0,0,0,0,0,0,0,0,0,0,0,0,1,0
0,0,1,1,31,1,1,104.19999694824219,3243.45,1,1,0,1,0,0,0,0,0,1,0,1,0,1,0,1,0,0,0,0,1,0
1,0,1,1,47,1,0,90.05000305175781,4137.2,0,0,0,1,0,1,0,0,0,1,0,0,0,0,0,1,0,0,0,0,1,0
1,0,0,0,1,1,1,79.25,79.25,1,0,0,1,0,0,0,0,0,0,0,0,0,0,0,1,0,0,0,0,1,0
0,0,0,0,1,1,1,44.900001525878906,44.9,1,0,0,0,0,0,0,0,0,0,0,0,0,0,0,0,0,0,0,0,0,0
0,0,0,0,1,1,0,19.399999618530273,19.4,0,0,0,0,1,0,1,0,1,0,1,0,1,0,1,0,1,0,0,1,0,0
0,1,1,1,59,1,1,88.75,5348.65,0,1,0,1,0,0,0,0,0,1,0,0,0,0,0,1,0,0,0,1,0,0
1,0,1,0,10,1,1,70.0999984741211,659.65,1,0,0,1,0,0,0,0,0,0,0,0,0,0,0,0,0,0,0,0,1,0
1,1,0,0,35,1,0,91.0,3180.5,0,1,0,1,0,1,0,0,0,0,0,0,0,0,0,1,0,0,0,1,0,0
1,0,0,0,4,0,1,29.649999618530273,118.5,1,0,1,0,0,0,0,0,0,1,0,0,0,0,0,0,0,0,0,0,1,0
1,0,1,1,32,1,1,90.80000305175781,3023.85,0,0,0,1,0,1,0,1,0,0,0,0,0,0,0,1,0,1,0,0,1,0
1,0,0,0,43,1,1,77.8499984741211,3365.85,1,1,0,1,0,0,0,1,0,0,0,0,0,0,0,0,0,0,0,0,1,0
1,0,0,0,4,1,0,54.29999923706055,195.3,1,0,0,0,0,0,0,0,0,0,0,0,0,0,0,1,0,0,0,0,1,0
0,1,1,0,54,1,1,18.950000762939453,1031.1,0,0,0,0,1,0,1,0,1,0,1,0,1,0,1,0,1,0,1,0,0,1
0,1,0,0,11,1,1,95.1500015258789,997.65,1,1,0,1,0,0,0,0,0,0,0,0,0,1,0,1,0,0,0,0,0,0
0,1,0,0,66,1,1,102.4000015258789,6471.85,0,1,0,1,0,1,0,0,0,0,0,0,0,1,0,1,0,0,1,0,0,0
1,0,1,1,61,1,1,99.9000015258789,6241.35,0,1,0,1,0,0,0,0,0,1,0,0,0,1,0,1,0,1,0,0,1,0
1,0,1,1,72,1,0,88.69999694824219,6501.35,0,1,0,0,0,1,0,1,0,1,0,1,0,1,0,1,0,0,1,1,0,0
1,0,1,1,44,0,1,54.29999923706055,2317.1,0,0,1,0,0,0,0,0,0,1,0,1,0,1,0,1,0,1,0,0,1,0
1,0,0,0,41,1,1,55.70000076293945,2237.55,0,1,0,0,0,0,0,0,0,1,0,0,0,0,0,0,0,0,0,0,0,0
1,0,1,0,50,1,1,103.94999694824219,5231.3,0,1,0,1,0,1,0,0,0,1,0,0,0,1,0,1,0,1,0,0,1,0
1,0,1,0,47,1,1,110.8499984741211,5275.8,1,1,0,1,0,1,0,0,0,1,0,1,0,1,0,1,0,1,0,1,0,0
1,0,1,1,8,1,0,20.149999618530273,165.5,0,0,0,0,1,0,1,0,1,0,1,0,1,0,1,0,1,0,1,0,0,1
1,0,0,0,18,1,0,20.049999237060547,358.5,0,0,0,0,1,0,1,0,1,0,1,0,1,0,1,0,1,0,0,0,0,1
1,0,1,1,72,1,1,91.94999694824219,6614.9,0,1,0,0,0,1,0,1,0,1,0,1,0,1,0,1,0,0,1,1,0,0
1,0,0,0,1,1,0,80.5,80.5,1,0,0,1,0,0,0,0,0,0,0,0,0,0,0,1,0,0,0,0,1,0
0,1,0,0,42,1,0,55.650001525878906,2421.75,0,1,0,0,0,0,0,0,0,1,0,0,0,0,0,0,0,0,0,0,1,0
0,1,0,0,18,1,1,74.69999694824219,1294.6,0,0,0,1,0,0,0,1,0,0,0,0,0,0,0,0,0,0,0,0,1,0
0,0,0,1,13,1,1,104.1500015258789,1299.1,0,1,0,1,0,0,0,1,0,1,0,0,0,1,0,1,0,1,0,1,0,0
0,0,1,1,68,1,1,83.6500015258789,5733.4,0,1,0,1,0,0,0,1,0,0,0,1,0,0,0,0,0,1,0,0,0,0
1,0,0,0,4,1,1,72.19999694824219,305.55,1,1,0,1,0,0,0,0,0,0,0,0,0,0,0,0,0,0,0,0,0,0
1,0,0,0,69,1,1,110.05000305175781,7430.75,0,1,0,1,0,1,0,1,0,1,0,0,0,1,0,1,0,0,1,1,0,0
1,0,0,0,17,1,0,51.5,900.5,1,0,0,0,0,0,0,0,0,0,0,1,0,0,0,0,0,0,0,0,0,1
1,0,1,1,25,1,0,25.5,630.6,0,1,0,0,1,0,1,0,1,0,1,0,1,0,1,0,1,0,1,1,0,0
1,1,0,0,43,1,1,89.55000305175781,3856.75,1,0,0,1,0,0,0,0,0,0,0,0,0,1,0,1,0,0,0,0,0,1
0,0,1,1,59,1,0,19.5,1222.65,0,0,0,0,1,0,1,0,1,0,1,0,1,0,1,0,1,0,1,1,0,0
0,1,0,0,5,1,0,80.69999694824219,374.8,0,0,0,1,0,1,0,1,0,0,0,0,0,0,0,0,0,0,0,0,1,0
1,0,1,1,21,1,0,77.5,1625.0,1,1,0,0,0,1,0,1,0,0,0,1,0,1,0,0,0,1,0,0,0,1
0,0,1,1,69,1,1,105.0999984741211,7234.8,0,1,0,1,0,1,0,1,0,1,0,1,0,1,0,0,0,1,0,1,0,0
1,0,0,0,13,0,1,25.149999618530273,331.85,0,0,1,0,0,0,0,0,0,0,0,0,0,0,0,0,0,0,0,0,0,0
1,0,1,0,42,1,1,95.25,3959.35,1,1,0,1,0,0,0,1,0,1,0,0,0,1,0,0,0,0,0,0,0,0
1,0,1,0,52,1,1,95.6500015258789,5088.4,0,1,0,1,0,0,0,1,0,0,0,1,0,0,0,1,0,0,0,1,0,0
1,1,0,0,46,1,0,85.0,3969.4,1,0,0,1,0,1,0,0,0,0,0,0,0,0,0,1,0,0,0,0,1,0
1,0,1,0,61,1,1,80.80000305175781,4860.85,0,1,0,0,0,1,0,1,0,1,0,1,0,0,0,1,0,0,1,0,0,0
1,0,0,0,29,0,1,24.850000381469727,788.05,0,0,1,0,0,0,0,0,0,0,0,0,0,0,0,0,0,1,0,0,0,1
0,0,0,1,25,1,1,54.75,1266.35,0,0,0,0,0,0,0,1,0,0,0,1,0,0,0,0,0,1,0,1,0,0
0,0,1,1,5,1,1,85.75,470.95,1,0,0,1,0,0,0,0,0,0,0,1,0,1,0,0,0,0,0,0,1,0
1,0,0,0,15,0,0,50.75,688.2,0,0,1,0,0,0,0,0,0,1,0,0,0,1,0,1,0,1,0,0,1,0
0,0,1,1,19,1,0,20.149999618530273,387.7,0,0,0,0,1,0,1,0,1,0,1,0,1,0,1,0,1,0,1,0,0,1
1,0,0,0,44,1,0,20.049999237060547,845.25,0,0,0,0,1,0,1,0,1,0,1,0,1,0,1,0,1,0,1,0,0,1
0,1,0,0,6,1,1,98.25,560.6,1,1,0,1,0,0,0,1,0,0,0,0,0,1,0,1,0,0,0,0,1,0
1,0,1,1,58,1,0,71.5999984741211,4230.25,0,1,0,0,0,1,0,1,0,1,0,1,0,0,0,0,0,0,1,1,0,0
1,0,1,1,62,1,1,81.44999694824219,4983.05,0,0,0,1,0,1,0,1,0,0,0,0,0,0,0,0,0,1,0,1,0,0
0,0,1,1,70,0,1,58.400001525878906,4113.15,0,0,1,0,0,0,0,1,0,1,0,1,0,1,0,1,0,1,0,0,0,0
0,1,0,0,1,0,1,25.700000762939453,25.7,1,0,1,0,0,0,0,0,0,0,0,0,0,0,0,0,0,0,0,0,0,1
1,0,1,1,10,0,0,53.70000076293945,521.0,0,0,1,0,0,1,0,1,0,1,0,1,0,0,0,1,0,0,1,1,0,0
1,0,0,0,26,1,1,19.600000381469727,471.85,0,0,0,0,1,0,1,0,1,0,1,0,1,0,1,0,1,1,0,0,0,0
1,0,0,0,66,1,0,89.4000015258789,5976.9,0,1,0,1,0,0,0,1,0,0,0,0,0,0,0,1,0,0,0,1,0,0
0,0,1,1,7,1,1,69.0,506.9,1,0,0,1,0,0,0,0,0,0,0,0,0,0,0,0,0,0,0,0,1,0
1,0,1,1,51,1,0,84.19999694824219,4299.75,0,1,0,1,0,0,0,1,0,0,0,1,0,0,0,0,0,1,0,0,0,0
1,0,1,1,72,1,1,106.0999984741211,7548.6,0,1,0,1,0,1,0,1,0,1,0,1,0,1,0,0,0,0,1,1,0,0
1,0,0,0,65,1,0,25.75,1654.75,0,1,0,0,1,0,1,0,1,0,1,0,1,0,1,0,1,0,1,0,0,1
1,0,0,0,2,1,0,46.04999923706055,80.35,1,0,0,0,0,0,0,0,0,0,0,0,0,0,0,0,0,0,0,0,0,0
1,0,0,1,70,1,0,64.94999694824219,4551.5,0,1,0,0,0,1,0,1,0,0,0,1,0,0,0,0,0,1,0,0,0,0
1,0,1,0,72,1,1,85.44999694824219,6227.5,0,1,0,0,0,0,0,1,0,1,0,1,0,1,0,1,0,0,1,1,0,0
0,0,1,1,1,1,0,20.049999237060547,20.05,0,0,0,0,1,0,1,0,1,0,1,0,1,0,1,0,1,0,0,0,0,1
0,1,1,0,1,1,1,76.4000015258789,76.4,1,0,0,1,0,0,0,1,0,0,0,0,0,0,0,0,0,0,0,0,0,1
0,0,0,0,5,1,1,100.5,514.0,1,1,0,1,0,0,0,0,0,1,0,0,0,1,0,1,0,0,0,0,1,0
1,0,0,0,3,1,0,20.700000762939453,57.5,0,0,0,0,1,0,1,0,1,0,1,0,1,0,1,0,1,0,0,0,0,1
1,0,0,0,58,1,1,25.299999237060547,1474.35,0,1,0,0,1,0,1,0,1,0,1,0,1,0,1,0,1,0,1,1,0,0
1,1,1,1,22,0,0,40.04999923706055,880.2,1,0,1,0,0,1,0,0,0,0,0,0,0,0,0,1,0,0,0,0,0,1
1,1,1,0,33,1,1,100.5999984741211,3270.25,0,1,0,1,0,0,0,1,0,0,0,0,0,1,0,1,0,0,0,0,0,0
1,0,0,0,1,1,0,69.94999694824219,69.95,1,0,0,1,0,0,0,0,0,0,0,0,0,0,0,0,0,0,0,0,1,0
1,1,1,0,54,1,0,74.0,3919.15,0,1,0,1,0,0,0,0,0,0,0,0,0,0,0,0,0,0,0,0,0,0
1,0,1,0,72,1,1,99.4000015258789,7285.7,0,1,0,1,0,0,0,1,0,0,0,0,0,1,0,1,0,0,1,0,1,0
1,0,0,1,1,1,1,93.30000305175781,93.3,1,1,0,1,0,0,0,0,0,0,0,0,0,1,0,1,0,0,0,0,1,0
1,0,0,0,3,1,1,49.150001525878906,169.05,1,0,0,0,0,0,0,0,0,1,0,0,0,0,0,0,0,0,0,0,1,0
0,0,1,1,72,1,0,107.44999694824219,7658.3,0,1,0,1,0,1,0,1,0,1,0,1,0,0,0,1,0,0,1,1,0,0
0,0,1,1,72,1,1,83.5999984741211,5959.3,0,1,0,0,0,1,0,1,0,1,0,0,0,1,0,1,0,0,1,1,0,0
1,1,1,0,54,1,1,99.05000305175781,5295.7,0,1,0,1,0,0,0,0,0,1,0,0,0,1,0,1,0,0,0,1,0,0
0,0,1,0,59,1,1,80.0999984741211,4693.2,0,1,0,0,0,0,0,1,0,0,0,1,0,1,0,1,0,1,0,0,1,0
1,0,0,0,54,1,1,65.30000305175781,3512.9,0,0,0,0,0,1,0,1,0,0,0,0,0,1,0,0,0,0,1,0,0,0
1,0,0,0,60,1,1,89.55000305175781,5231.2,0,1,0,1,0,0,0,0,0,1,0,0,0,1,0,0,0,0,1,0,1,0
0,0,1,0,60,0,0,60.79999923706055,3603.45,0,0,1,0,0,0,0,1,0,1,0,1,0,1,0,1,0,0,1,1,0,0
1,0,0,0,3,1,0,74.5,217.45,0,1,0,1,0,0,0,0,0,0,0,0,0,0,0,0,0,0,0,0,1,0
0,0,1,0,69,1,0,99.1500015258789,6875.35,0,1,0,1,0,1,0,0,0,0,0,0,0,1,0,1,0,0,1,0,0,0
0,0,1,1,1,1,0,19.25,19.25,0,0,0,0,1,0,1,0,1,0,1,0,1,0,1,0,1,0,0,0,1,0
1,0,1,1,50,0,1,39.45000076293945,2021.35,0,0,1,0,0,1,0,0,0,0,0,0,0,1,0,0,0,0,0,1,0,0
0,0,0,0,56,0,1,44.849998474121094,2564.95,0,0,1,0,0,0,0,0,0,0,0,0,0,1,0,1,0,0,0,1,0,0
0,0,1,0,60,1,1,97.19999694824219,5611.75,0,0,0,1,0,1,0,0,0,0,0,1,0,1,0,1,0,0,1,0,1,0
1,1,1,0,69,1,1,110.55000305175781,7610.1,0,1,0,1,0,1,0,0,0,1,0,1,0,1,0,1,0,1,0,0,0,1
0,0,0,0,1,0,0,35.04999923706055,35.05,1,0,1,0,0,0,0,0,0,0,0,0,0,0,0,1,0,0,0,0,0,1
0,1,0,0,1,1,1,73.0,73.0,1,0,0,1,0,0,0,1,0,0,0,0,0,0,0,0,0,0,0,0,1,0
0,0,1,0,3,1,1,19.899999618530273,45.75,0,0,0,0,1,0,1,0,1,0,1,0,1,0,1,0,1,0,0,0,0,1
1,0,1,1,60,1,0,76.94999694824219,4543.95,0,0,0,0,0,0,0,1,0,0,0,1,0,1,0,1,0,0,1,0,0,0
0,0,0,0,13,0,0,35.400001525878906,450.4,0,0,1,0,0,0,0,0,0,1,0,1,0,0,0,0,0,0,1,0,0,1
1,0,1,1,62,1,0,20.450000762939453,1297.35,0,0,0,0,1,0,1,0,1,0,1,0,1,0,1,0,1,0,1,0,0,0
0,0,0,0,45,1,0,96.75,4442.75,0,1,0,1,0,1,0,1,0,0,0,0,0,0,0,1,0,1,0,0,0,0
0,0,0,0,25,0,0,54.20000076293945,1423.15,0,0,1,0,0,0,0,0,0,1,0,1,0,1,0,1,0,1,0,0,1,0
1,0,0,0,44,1,0,100.0999984741211,4378.35,0,0,0,1,0,0,0,0,0,1,0,1,0,1,0,1,0,0,1,0,0,0
0,0,0,0,2,1,1,45.25,74.2,0,0,0,0,0,0,0,0,0,0,0,0,0,0,0,0,0,0,0,0,0,1
1,1,0,0,33,1,1,83.8499984741211,2716.3,1,1,0,1,0,0,0,1,0,1,0,0,0,0,0,0,0,0,0,1,0,0
0,0,0,0,1,1,1,70.0999984741211,70.1,1,0,0,1,0,0,0,0,0,0,0,0,0,0,0,0,0,0,0,0,1,0
0,0,0,0,22,1,0,20.850000381469727,450.65,0,0,0,0,1,0,1,0,1,0,1,0,1,0,1,0,1,1,0,0,0,0
0,0,0,0,35,0,1,33.45000076293945,1175.85,0,0,1,0,0,0,0,0,0,1,0,1,0,0,0,0,0,0,0,0,0,1
0,0,1,1,29,1,0,20.200000762939453,558.8,0,0,0,0,1,0,1,0,1,0,1,0,1,0,1,0,1,0,1,0,0,1
1,1,1,0,27,1,1,85.9000015258789,2220.1,0,1,0,1,0,1,0,0,0,1,0,0,0,0,0,0,0,1,0,0,1,0
1,0,0,1,54,1,1,61.0,3283.05,0,0,0,0,0,0,0,1,0,1,0,1,0,0,0,0,0,1,0,0,1,0
0,1,0,0,2,1,1,70.6500015258789,142.35,1,0,0,1,0,0,0,0,0,0,0,0,0,0,0,0,0,0,0,0,1,0
1,0,0,0,57,1,1,86.9000015258789,4939.25,0,1,0,1,0,0,0,0,0,0,0,0,0,1,0,0,0,1,0,0,1,0
1,0,0,0,62,1,0,69.4000015258789,4237.5,0,1,0,0,0,1,0,1,0,1,0,1,0,0,0,0,0,0,1,0,0,0
0,0,1,1,15,1,0,20.350000381469727,335.95,0,0,0,0,1,0,1,0,1,0,1,0,1,0,1,0,1,1,0,1,0,0
1,0,0,0,2,1,0,20.350000381469727,33.2,1,0,0,0,1,0,1,0,1,0,1,0,1,0,1,0,1,0,0,0,0,1
0,0,1,0,70,1,1,104.30000305175781,7188.5,0,1,0,1,0,0,0,0,0,1,0,1,0,1,0,1,0,0,1,0,0,0
0,0,1,1,21,1,1,44.95000076293945,926.25,0,0,0,0,0,0,0,0,0,0,0,0,0,0,0,0,0,0,0,0,1,0
0,0,0,1,23,1,1,49.45000076293945,1119.35,0,0,0,0,0,0,0,0,0,0,0,1,0,0,0,0,0,1,0,0,1,0
1,0,0,0,6,1,0,20.600000381469727,116.6,0,0,0,0,1,0,1,0,1,0,1,0,1,0,1,0,1,1,0,0,0,1
1,0,1,1,4,1,0,19.549999237060547,68.8,0,0,0,0,1,0,1,0,1,0,1,0,1,0,1,0,1,0,1,1,0,0
0,0,0,0,3,1,1,99.0,287.4,1,0,0,1,0,1,0,0,0,1,0,0,0,1,0,1,0,0,0,1,0,0
0,0,0,0,23,1,1,93.5,2341.55,0,1,0,1,0,0,0,0,0,0,0,0,0,1,0,1,0,0,0,0,1,0
1,0,0,0,26,0,0,54.54999923706055,1362.85,0,0,1,0,0,1,0,0,0,0,0,1,0,1,0,1,0,1,0,1,0,0
0,0,0,1,8,1,0,20.049999237060547,163.6,0,0,0,0,1,0,1,0,1,0,1,0,1,0,1,0,1,0,0,0,0,1
1,0,0,0,26,1,1,83.94999694824219,2254.2,1,1,0,1,0,0,0,0,0,0,0,0,0,0,0,1,0,0,0,0,1,0
1,0,0,0,2,1,1,79.44999694824219,145.15,0,1,0,1,0,0,0,1,0,0,0,0,0,0,0,0,0,0,0,0,1,0
1,0,0,0,67,1,0,116.19999694824219,7752.3,1,1,0,1,0,1,0,1,0,1,0,1,0,1,0,1,0,0,1,1,0,0
0,0,1,0,71,1,1,93.69999694824219,6585.35,1,1,0,1,0,0,0,0,0,0,0,0,0,1,0,1,0,0,1,0,0,0
0,0,0,0,59,1,0,79.8499984741211,4786.1,0,1,0,0,0,1,0,1,0,1,0,1,0,0,0,1,0,1,0,1,0,0
1,0,1,1,39,1,0,100.0,3835.55,0,1,0,1,0,0,0,0,0,1,0,0,0,1,0,1,0,1,0,0,1,0
1,0,0,1,21,1,0,19.600000381469727,397.0,0,0,0,0,1,0,1,0,1,0,1,0,1,0,1,0,1,0,1,0,0,1
1,0,0,0,1,1,0,19.700000762939453,19.7,1,0,0,0,1,0,1,0,1,0,1,0,1,0,1,0,1,0,0,0,0,1
0,0,1,1,48,1,0,20.200000762939453,1027.25,0,0,0,0,1,0,1,0,1,0,1,0,1,0,1,0,1,0,1,0,0,0
0,1,1,0,31,0,1,50.400001525878906,1580.1,0,0,1,0,0,1,0,1,0,1,0,0,0,0,0,1,0,1,0,1,0,0
0,0,1,1,64,1,0,113.3499984741211,7222.75,0,1,0,1,0,1,0,1,0,1,0,1,0,1,0,1,0,1,0,0,1,0
1,0,1,1,46,1,1,80.0,3769.7,0,1,0,1,0,0,0,1,0,0,0,0,0,0,0,0,0,0,0,0,0,0
0,0,0,0,52,1,1,80.94999694824219,4233.95,0,1,0,0,0,0,0,0,0,1,0,1,0,1,0,1,0,0,1,0,0,0
0,0,1,1,67,1,1,24.899999618530273,1680.25,0,1,0,0,1,0,1,0,1,0,1,0,1,0,1,0,1,0,1,0,0,1
0,1,0,0,67,1,0,54.900001525878906,3725.5,0,1,0,0,0,0,0,1,0,0,0,0,0,0,0,0,0,0,0,0,1,0
0,0,0,0,5,1,0,75.55000305175781,413.65,1,1,0,1,0,0,0,0,0,0,0,0,0,0,0,0,0,0,0,0,1,0
0,0,1,0,71,1,0,109.25,7707.7,0,1,0,1,0,0,0,1,0,1,0,1,0,1,0,1,0,0,1,0,1,0
0,0,0,0,9,1,1,77.6500015258789,714.15,1,0,0,1,0,0,0,0,0,0,0,0,0,1,0,0,0,0,0,0,0,0
0,1,0,0,26,1,1,95.0,2497.2,1,1,0,1,0,1,0,1,0,0,0,0,0,0,0,1,0,0,0,0,1,0
1,0,0,0,71,1,1,116.30000305175781,8309.55,0,1,0,1,0,1,0,1,0,1,0,1,0,1,0,1,0,1,0,0,0,0
0,0,0,0,32,1,0,19.899999618530273,601.55,0,0,0,0,1,0,1,0,1,0,1,0,1,0,1,0,1,0,0,0,0,0
0,0,0,0,2,1,0,70.3499984741211,139.25,0,0,0,1,0,0,0,0,0,0,0,0,0,0,0,0,0,0,0,0,1,0
0,0,1,0,71,1,0,25.600000381469727,1888.25,0,1,0,0,1,0,1,0,1,0,1,0,1,0,1,0,1,0,1,1,0,0
0,0,0,0,60,0,1,44.45000076293945,2773.9,0,0,1,0,0,1,0,0,0,1,0,0,0,0,0,1,0,1,0,0,1,0
0,1,0,0,55,1,1,100.1500015258789,5409.75,0,1,0,1,0,0,0,0,0,1,0,0,0,1,0,1,0,1,0,0,1,0
1,0,0,0,54,1,1,105.4000015258789,5643.4,1,0,0,1,0,1,0,1,0,0,0,1,0,1,0,1,0,1,0,1,0,0
1,0,0,0,2,1,1,95.8499984741211,197.7,1,0,0,1,0,0,0,0,0,1,0,0,0,1,0,1,0,0,0,0,1,0
0,0,0,0,6,1,1,73.8499984741211,401.3,0,1,0,1,0,0,0,0,0,0,0,0,0,0,0,0,0,0,0,0,0,1
0,0,1,1,48,1,1,70.0999984741211,3238.4,0,0,0,0,0,1,0,1,0,1,0,0,0,0,0,1,0,0,1,1,0,0
1,0,1,1,63,1,0,25.25,1573.05,0,1,0,0,1,0,1,0,1,0,1,0,1,0,1,0,1,0,1,0,0,1
1,0,0,0,1,1,1,79.1500015258789,79.15,1,1,0,1,0,0,0,1,0,0,0,0,0,0,0,0,0,0,0,0,1,0
1,0,0,1,12,1,0,21.049999237060547,235.8,0,0,0,0,1,0,1,0,1,0,1,0,1,0,1,0,1,0,0,1,0,0
1,1,1,0,54,0,1,24.950000762939453,1364.75,0,0,1,0,0,0,0,0,0,0,0,0,0,0,0,0,0,0,0,0,0,0
0,0,1,1,30,1,1,64.5,1985.15,0,0,0,0,0,0,0,0,0,1,0,1,0,1,0,0,0,1,0,0,1,0
0,0,1,0,30,1,0,19.649999618530273,655.85,1,0,0,0,1,0,1,0,1,0,1,0,1,0,1,0,1,0,0,0,0,0
0,0,0,0,4,1,1,79.0,303.15,1,0,0,1,0,0,0,0,0,0,0,0,0,1,0,0,0,0,0,0,1,0
0,0,0,0,40,1,1,105.94999694824219,4335.2,0,1,0,1,0,0,0,0,0,1,0,1,0,1,0,1,0,1,0,1,0,0
0,0,1,1,9,1,1,75.8499984741211,647.5,0,0,0,1,0,0,0,0,0,0,0,1,0,0,0,0,0,0,0,0,1,0
0,0,1,1,17,1,0,91.8499984741211,1574.45,1,0,0,1,0,1,0,0,0,0,0,1,0,1,0,0,0,0,0,0,1,0
0,0,0,0,62,0,1,43.599998474121094,2748.7,0,0,1,0,0,0,0,1,0,1,0,0,0,0,0,1,0,0,1,1,0,0
1,0,0,0,28,1,1,91.25,2483.65,0,0,0,1,0,0,0,1,0,0,0,1,0,1,0,0,0,1,0,0,0,0
0,0,0,0,70,1,0,89.75,6367.2,0,1,0,0,0,1,0,1,0,1,0,1,0,1,0,1,0,0,1,1,0,0
0,0,0,0,46,1,1,104.4000015258789,4904.2,0,0,0,1,0,0,0,1,0,1,0,1,0,1,0,1,0,0,1,0,0,0
0,0,1,0,23,1,0,90.1500015258789,2044.95,0,1,0,1,0,0,0,0,0,1,0,0,0,0,0,1,0,0,0,0,0,1
1,0,1,1,47,0,0,40.29999923706055,1794.8,0,0,1,0,0,1,0,0,0,1,0,1,0,0,0,0,0,1,0,0,1,0
1,0,1,1,68,1,1,105.25,7173.15,0,0,0,1,0,1,0,1,0,1,0,0,0,1,0,1,0,0,1,0,0,0
0,1,0,0,60,1,1,106.0,6441.4,1,1,0,1,0,0,0,0,0,1,0,1,0,1,0,1,0,1,0,0,1,0
0,0,0,1,67,1,1,104.0,7039.05,0,1,0,1,0,0,0,1,0,0,0,1,0,1,0,1,0,0,1,0,1,0
0,0,0,0,14,1,1,69.6500015258789,921.4,0,0,0,0,0,0,0,0,0,0,0,1,0,1,0,1,0,0,0,0,1,0
1,0,1,1,57,1,1,74.30000305175781,4018.35,0,1,0,1,0,0,0,0,0,0,0,0,0,0,0,0,0,0,0,0,1,0
0,0,1,1,55,1,0,100.9000015258789,5448.6,0,1,0,1,0,1,0,0,0,0,0,0,0,1,0,1,0,1,0,0,0,1
1,0,0,0,1,1,1,20.25,20.25,0,0,0,0,1,0,1,0,1,0,1,0,1,0,1,0,1,0,0,0,0,1
1,0,0,1,1,1,1,49.900001525878906,49.9,1,0,0,0,0,0,0,0,0,0,0,1,0,0,0,0,0,0,0,0,0,1
1,0,0,0,23,1,1,96.9000015258789,2085.45,0,1,0,1,0,0,0,0,0,1,0,1,0,1,0,0,0,0,0,1,0,0
0,0,0,0,13,1,1,100.3499984741211,1358.85,1,1,0,1,0,1,0,0,0,0,0,0,0,1,0,1,0,0,0,0,1,0
1,0,1,0,47,1,1,104.0999984741211,5135.15,0,1,0,1,0,0,0,1,0,1,0,0,0,1,0,1,0,0,0,0,1,0
1,0,0,0,38,1,0,20.100000381469727,730.1,0,0,0,0,1,0,1,0,1,0,1,0,1,0,1,0,1,1,0,0,0,1
0,1,1,0,38,1,1,74.94999694824219,2869.85,1,1,0,1,0,0,0,0,0,0,0,0,0,0,0,0,0,0,0,0,0,0
0,1,0,0,2,1,1,56.54999923706055,118.25,0,1,0,0,0,0,0,1,0,0,0,0,0,0,0,0,0,0,0,1,0,0
1,1,1,1,1,1,1,49.25,49.25,1,0,0,0,0,0,0,0,0,0,0,1,0,0,0,0,0,0,0,1,0,0
1,0,1,0,15,1,1,68.5999984741211,1108.6,0,0,0,1,0,0,0,0,0,0,0,0,0,0,0,0,0,0,0,0,0,0
0,0,0,0,26,1,1,69.05000305175781,1815.65,0,0,0,1,0,0,0,0,0,0,0,0,0,0,0,0,0,0,0,1,0,0
0,0,1,1,35,1,0,19.700000762939453,730.4,0,0,0,0,1,0,1,0,1,0,1,0,1,0,1,0,1,0,1,1,0,0
1,0,0,1,3,1,1,20.049999237060547,75.45,0,0,0,0,1,0,1,0,1,0,1,0,1,0,1,0,1,0,0,0,0,1
1,0,1,1,50,1,0,103.69999694824219,5071.05,1,1,0,1,0,0,0,1,0,0,0,1,0,1,0,1,0,0,0,0,1,0
1,0,1,0,42,1,1,94.4000015258789,4014.6,0,1,0,1,0,1,0,0,0,1,0,0,0,0,0,1,0,0,0,0,1,0
1,0,1,0,10,1,1,54.95000076293945,568.85,0,0,0,0,0,1,0,0,0,0,0,1,0,0,0,0,0,0,0,1,0,0
0,0,1,0,61,1,0,93.69999694824219,5860.7,0,0,0,1,0,1,0,1,0,0,0,1,0,0,0,1,0,1,0,0,0,0
0,0,0,0,68,1,0,110.25,7279.35,0,1,0,1,0,1,0,1,0,0,0,1,0,1,0,1,0,0,1,1,0,0
1,0,0,0,10,1,1,98.9000015258789,1064.95,0,0,0,1,0,1,0,0,0,1,0,0,0,1,0,1,0,1,0,0,1,0
1,0,1,0,65,1,0,89.75,5769.6,1,1,0,1,0,1,0,1,0,1,0,0,0,0,0,0,0,1,0,0,1,0
0,0,1,1,72,1,1,80.44999694824219,5886.85,0,0,0,0,0,1,0,0,0,1,0,1,0,1,0,1,0,0,1,0,0,0
1,0,1,1,55,1,0,79.4000015258789,4238.45,0,0,0,1,0,0,0,1,0,0,0,1,0,0,0,0,0,0,0,0,1,0
0,0,0,0,1,1,1,20.299999237060547,20.3,1,0,0,0,1,0,1,0,1,0,1,0,1,0,1,0,1,0,0,0,0,1
0,0,0,0,7,1,0,62.79999923706055,418.3,0,0,0,0,0,0,0,0,0,1,0,1,0,0,0,1,0,0,0,0,0,0
0,0,0,0,2,1,1,74.9000015258789,136.05,0,1,0,1,0,0,0,0,0,0,0,0,0,0,0,0,0,0,0,0,0,1
0,0,0,0,9,1,1,74.8499984741211,708.2,0,0,0,1,0,1,0,0,0,0,0,0,0,0,0,0,0,0,0,0,1,0
1,0,0,1,27,1,1,25.850000381469727,788.55,0,1,0,0,1,0,1,0,1,0,1,0,1,0,1,0,1,0,1,1,0,0
1,1,1,0,7,1,1,101.94999694824219,700.85,1,1,0,1,0,0,0,0,0,1,0,0,0,1,0,1,0,0,0,0,1,0
0,0,1,0,64,1,1,68.30000305175781,4378.8,0,0,0,0,0,0,0,1,0,1,0,1,0,0,0,1,0,0,1,0,0,1
1,0,0,0,70,0,0,48.400001525878906,3442.8,0,0,1,0,0,1,0,0,0,1,0,1,0,0,0,1,0,0,1,0,0,0
1,1,0,0,2,1,1,94.0,181.7,1,1,0,1,0,0,0,0,0,0,0,0,0,1,0,1,0,0,0,0,1,0
1,1,0,0,67,1,1,105.05000305175781,7171.7,0,0,0,1,0,1,0,1,0,0,0,1,0,1,0,1,0,0,1,0,1,0
0,0,0,0,45,1,1,89.30000305175781,4016.85,1,1,0,1,0,0,0,1,0,0,0,0,0,1,0,0,0,0,0,1,0,0
0,0,0,0,24,1,0,25.149999618530273,553.0,0,1,0,0,1,0,1,0,1,0,1,0,1,0,1,0,1,0,1,1,0,0
1,0,1,1,4,1,0,19.5,96.85,0,0,0,0,1,0,1,0,1,0,1,0,1,0,1,0,1,0,1,1,0,0
1,0,1,1,44,1,1,92.94999694824219,4122.9,0,0,0,1,0,0,0,0,0,1,0,0,0,1,0,1,0,0,0,0,0,0
0,0,1,1,72,1,1,20.700000762939453,1482.3,0,0,0,0,1,0,1,0,1,0,1,0,1,0,1,0,1,0,1,0,0,1
0,0,0,0,1,1,1,74.30000305175781,74.3,1,0,0,1,0,0,0,1,0,0,0,0,0,0,0,0,0,0,0,1,0,0
1,0,0,0,66,1,0,19.350000381469727,1240.8,0,0,0,0,1,0,1,0,1,0,1,0,1,0,1,0,1,0,1,0,0,0
1,0,0,0,1,0,1,44.650001525878906,44.65,1,0,1,0,0,0,0,1,0,0,0,1,0,0,0,1,0,0,0,0,0,1
1,0,1,1,13,1,0,84.05000305175781,1095.3,1,0,0,1,0,1,0,0,0,0,0,0,0,0,0,1,0,0,0,0,1,0
1,0,0,0,10,1,1,80.69999694824219,788.8,1,1,0,1,0,0,0,1,0,0,0,0,0,0,0,0,0,0,0,0,0,0
1,1,1,0,65,1,1,104.3499984741211,6578.55,0,1,0,1,0,0,0,1,0,1,0,0,0,1,0,1,0,0,0,0,1,0
1,0,0,1,1,1,0,19.549999237060547,19.55,0,0,0,0,1,0,1,0,1,0,1,0,1,0,1,0,1,0,0,0,0,1
1,0,1,1,38,1,0,74.05000305175781,2802.3,0,0,0,0,0,1,0,1,0,1,0,1,0,1,0,0,0,1,0,0,1,0
1,0,0,1,23,0,0,40.099998474121094,857.75,0,0,1,0,0,1,0,0,0,1,0,1,0,0,0,0,0,0,1,0,0,1
0,0,1,0,10,1,0,20.100000381469727,184.4,0,0,0,0,1,0,1,0,1,0,1,0,1,0,1,0,1,1,0,0,0,1
1,0,0,1,4,1,1,101.69999694824219,364.55,1,1,0,1,0,0,0,1,0,0,0,0,0,1,0,1,0,0,0,0,1,0
1,0,1,1,72,1,1,83.55000305175781,6093.3,0,1,0,0,0,1,0,0,0,1,0,1,0,1,0,1,0,0,1,1,0,0
0,0,1,0,35,1,0,56.849998474121094,1861.1,0,0,0,0,0,0,0,1,0,0,0,1,0,0,0,0,0,0,0,0,1,0
0,0,0,0,1,1,0,20.399999618530273,20.4,1,0,0,0,1,0,1,0,1,0,1,0,1,0,1,0,1,0,0,0,0,1
0,0,1,1,58,1,0,19.549999237060547,1079.65,0,0,0,0,1,0,1,0,1,0,1,0,1,0,1,0,1,0,1,1,0,0
1,0,1,1,70,1,1,106.1500015258789,7475.1,0,0,0,1,0,0,0,1,0,1,0,1,0,1,0,1,0,1,0,0,1,0
1,0,1,1,38,1,0,78.94999694824219,2862.55,0,1,0,0,0,0,0,1,0,1,0,0,0,1,0,1,0,1,0,1,0,0
0,0,1,1,60,0,1,49.75,3069.45,0,0,1,0,0,0,0,1,0,0,0,0,0,1,0,1,0,0,0,0,1,0
1,0,0,0,26,1,1,92.4000015258789,2349.8,0,1,0,1,0,1,0,1,0,0,0,0,0,1,0,0,0,0,0,1,0,0
0,0,0,0,8,1,0,58.20000076293945,469.25,0,0,0,0,0,1,0,1,0,0,0,1,0,0,0,0,0,1,0,0,0,0
1,0,1,1,41,1,1,102.5999984741211,4213.35,1,1,0,1,0,0,0,0,0,1,0,1,0,1,0,1,0,1,0,0,1,0
0,1,1,0,36,1,1,91.94999694824219,3301.05,0,1,0,1,0,0,0,1,0,0,0,0,0,1,0,0,0,0,0,1,0,0
1,1,0,0,54,1,0,65.25,3529.95,0,0,0,0,0,0,0,0,0,1,0,1,0,0,0,1,0,1,0,0,0,0
1,0,1,1,71,1,1,106.0,7723.7,1,1,0,1,0,0,0,1,0,1,0,0,0,1,0,1,0,0,1,0,0,0
0,0,0,0,55,1,1,73.0999984741211,4144.9,0,1,0,1,0,0,0,0,0,0,0,0,0,0,0,0,0,0,0,0,1,0
0,0,0,0,72,1,0,59.75,4265.0,0,1,0,0,0,1,0,1,0,0,0,0,0,0,0,0,0,0,1,0,0,0
0,0,0,1,3,1,1,55.099998474121094,154.65,1,0,0,0,0,1,0,0,0,0,0,1,0,0,0,0,0,0,0,0,0,1
0,0,1,1,54,1,1,59.79999923706055,3246.45,0,1,0,0,0,0,0,1,0,1,0,0,0,0,0,0,0,0,1,0,0,0
1,0,1,1,72,1,1,116.5999984741211,8337.45,0,1,0,1,0,1,0,1,0,1,0,1,0,1,0,1,0,0,1,0,0,0
1,0,0,0,52,1,1,109.30000305175781,5731.4,0,1,0,1,0,1,0,0,0,1,0,1,0,1,0,1,0,0,1,0,1,0
0,1,0,0,60,1,1,101.4000015258789,6176.6,0,1,0,1,0,1,0,0,0,0,0,0,0,1,0,1,0,1,0,0,0,0
0,0,0,0,39,0,1,50.650001525878906,1905.4,0,0,1,0,0,0,0,0,0,1,0,0,0,1,0,1,0,0,0,1,0,0
0,0,0,0,15,1,0,56.150001525878906,931.9,0,0,0,0,0,0,0,0,0,0,0,0,0,1,0,0,0,1,0,0,0,1
1,0,0,0,69,1,1,106.5,7348.8,1,1,0,1,0,0,0,0,0,1,0,1,0,1,0,1,0,0,1,0,0,0
1,0,1,1,43,1,1,19.200000762939453,776.25,0,0,0,0,1,0,1,0,1,0,1,0,1,0,1,0,1,1,0,0,0,1
0,1,0,0,63,1,0,83.0,5243.05,0,1,0,0,0,1,0,1,0,1,0,1,0,1,0,0,0,1,0,0,0,0
1,1,1,0,2,1,0,70.0999984741211,141.65,0,0,0,1,0,0,0,0,0,0,0,0,0,0,0,0,0,0,0,0,1,0
0,0,1,1,72,1,1,108.30000305175781,7679.65,0,0,0,1,0,1,0,1,0,1,0,1,0,1,0,1,0,0,1,0,0,0
0,0,1,1,32,1,1,91.05000305175781,2954.5,1,1,0,1,0,0,0,0,0,1,0,0,0,0,0,1,0,0,0,0,0,0
1,0,1,1,40,1,0,25.25,1006.9,0,1,0,0,1,0,1,0,1,0,1,0,1,0,1,0,1,0,1,1,0,0
0,0,1,0,58,0,1,45.349998474121094,2540.1,0,0,1,0,0,1,0,1,0,0,0,0,0,1,0,0,0,1,0,0,1,0
1,0,0,0,67,0,0,43.900001525878906,3097.2,0,0,1,0,0,1,0,0,0,0,0,1,0,1,0,0,0,0,1,0,1,0
0,1,1,0,51,1,1,77.5,3807.35,1,1,0,1,0,1,0,0,0,0,0,0,0,0,0,0,0,0,0,0,1,0
1,0,1,0,31,1,1,79.30000305175781,2484.0,0,1,0,0,0,0,0,0,0,1,0,1,0,1,0,1,0,1,0,0,0,1
1,1,1,0,69,1,1,84.9000015258789,5785.65,0,1,0,1,0,1,0,1,0,0,0,0,0,0,0,0,0,0,0,1,0,0
1,0,1,0,32,1,1,79.25,2619.15,0,1,0,1,0,0,0,0,0,0,0,1,0,0,0,0,0,1,0,0,1,0
0,0,0,0,21,1,0,71.05000305175781,1524.85,0,0,0,0,0,1,0,1,0,0,0,1,0,1,0,0,0,0,1,1,0,0
1,0,0,0,52,1,0,53.75,2790.65,0,0,0,0,0,1,0,0,0,1,0,0,0,0,0,0,0,1,0,0,1,0
0,0,1,1,72,1,0,24.25,1784.5,0,1,0,0,1,0,1,0,1,0,1,0,1,0,1,0,1,0,1,1,0,0
0,0,1,0,72,0,1,54.20000076293945,3937.45,1,0,1,0,0,0,0,1,0,1,0,0,0,1,0,1,0,0,1,0,1,0
1,0,1,1,52,0,0,44.25,2276.1,0,0,1,0,0,1,0,0,0,1,0,0,0,0,0,1,0,1,0,0,0,0
0,0,0,0,41,1,0,50.04999923706055,2029.05,0,0,0,0,0,0,0,0,0,0,0,1,0,0,0,0,0,1,0,0,0,0
1,0,0,0,41,1,0,20.149999618530273,802.35,0,0,0,0,1,0,1,0,1,0,1,0,1,0,1,0,1,0,1,0,0,1
0,0,0,0,6,1,1,69.25,418.4,1,0,0,1,0,0,0,0,0,0,0,0,0,0,0,0,0,0,0,0,0,1
1,0,1,1,67,1,1,69.3499984741211,4653.25,0,1,0,0,0,1,0,1,0,1,0,1,0,0,0,0,0,1,0,1,0,0
0,0,1,1,16,1,0,19.350000381469727,275.9,0,0,0,0,1,0,1,0,1,0,1,0,1,0,1,0,1,0,0,0,0,1
1,0,0,0,17,1,0,19.149999618530273,343.45,0,0,0,0,1,0,1,0,1,0,1,0,1,0,1,0,1,0,1,0,0,1
1,0,1,0,35,1,0,61.0,2130.45,0,0,0,0,0,1,0,1,0,1,0,0,0,0,0,0,0,0,0,0,0,1
0,0,1,1,58,1,0,20.5,1191.4,0,0,0,0,1,0,1,0,1,0,1,0,1,0,1,0,1,0,1,1,0,0
1,0,0,0,1,1,1,50.5,50.5,1,0,0,0,0,0,0,0,0,1,0,0,0,0,0,0,0,0,0,0,1,0
1,0,1,1,52,0,0,50.20000076293945,2554.0,0,0,1,0,0,0,0,1,0,1,0,1,0,1,0,0,0,0,1,0,0,1
0,0,0,0,70,1,0,79.5999984741211,5589.45,0,0,0,0,0,1,0,0,0,1,0,1,0,1,0,1,0,0,1,0,0,0
0,0,1,1,19,1,1,24.899999618530273,467.7,0,1,0,0,1,0,1,0,1,0,1,0,1,0,1,0,1,0,1,0,0,0
1,1,0,0,1,1,1,74.4000015258789,74.4,1,1,0,1,0,0,0,0,0,0,0,0,0,0,0,0,0,0,0,0,1,0
0,0,1,1,35,1,1,106.9000015258789,3756.45,0,0,0,1,0,1,0,0,0,1,0,1,0,1,0,1,0,0,0,0,1,0
0,0,0,0,32,1,1,101.3499984741211,3334.9,0,1,0,1,0,0,0,0,0,1,0,0,0,1,0,1,0,0,0,0,1,0
0,0,1,1,17,1,1,55.349998474121094,920.5,0,0,0,0,0,1,0,0,0,0,0,1,0,0,0,0,0,0,0,1,0,0
0,0,1,1,67,1,0,50.54999923706055,3431.75,0,0,0,0,0,0,0,1,0,0,0,0,0,0,0,0,0,1,0,1,0,0
0,0,0,0,9,1,0,19.5,150.35,0,0,0,0,1,0,1,0,1,0,1,0,1,0,1,0,1,0,0,0,0,0
1,0,0,1,31,1,1,79.44999694824219,2587.7,1,1,0,0,0,0,0,1,0,0,0,1,0,1,0,1,0,1,0,0,0,1
1,0,0,0,4,1,0,90.6500015258789,367.95,0,1,0,1,0,1,0,0,0,0,0,0,0,1,0,0,0,0,0,0,1,0
1,1,1,1,58,1,1,89.8499984741211,5125.75,0,1,0,1,0,1,0,1,0,0,0,1,0,0,0,0,0,1,0,0,0,0
1,0,0,0,60,1,0,79.0,4801.1,0,0,0,0,0,1,0,0,0,1,0,1,0,1,0,1,0,1,0,0,0,1
1,0,0,0,58,1,1,104.6500015258789,6219.6,1,1,0,1,0,0,0,0,0,1,0,1,0,1,0,1,0,1,0,0,1,0
1,0,0,0,1,1,0,19.549999237060547,19.55,0,0,0,0,1,0,1,0,1,0,1,0,1,0,1,0,1,0,0,0,0,1
0,0,1,1,27,1,0,19.899999618530273,550.1,0,0,0,0,1,0,1,0,1,0,1,0,1,0,1,0,1,0,1,0,0,1
1,1,1,1,66,1,1,116.25,7862.25,0,1,0,1,0,1,0,1,0,1,0,1,0,1,0,1,0,1,0,0,1,0
1,0,0,0,15,1,1,87.75,1242.2,0,1,0,1,0,1,0,0,0,0,0,0,0,1,0,0,0,0,0,0,0,0
1,1,1,0,47,1,1,100.05000305175781,4871.05,1,1,0,1,0,0,0,0,0,1,0,0,0,1,0,1,0,0,0,0,1,0
0,0,0,0,41,1,1,81.30000305175781,3190.65,0,1,0,1,0,1,0,0,0,0,0,0,0,0,0,0,0,0,0,1,0,0
1,0,1,0,59,0,1,44.29999923706055,2666.75,0,0,1,0,0,0,0,0,0,0,0,0,0,1,0,1,0,0,0,0,1,0
0,0,0,1,50,1,0,70.3499984741211,3533.6,0,0,0,1,0,0,0,0,0,0,0,0,0,0,0,0,0,0,1,1,0,0
1,0,1,1,17,0,0,44.45000076293945,792.15,0,0,1,0,0,1,0,0,0,1,0,0,0,1,0,0,0,1,0,1,0,0
1,0,1,1,6,1,1,49.150001525878906,295.65,0,0,0,0,0,1,0,0,0,0,0,0,0,0,0,0,0,0,0,0,1,0
1,1,1,0,51,0,1,29.450000762939453,1459.35,0,0,1,0,0,0,0,1,0,0,0,0,0,0,0,0,0,0,0,1,0,0
1,0,0,0,44,1,0,100.55000305175781,4398.15,1,0,0,1,0,0,0,1,0,0,0,1,0,1,0,1,0,0,0,0,1,0
1,0,1,0,49,1,1,85.30000305175781,4297.95,0,0,0,1,0,0,0,1,0,0,0,0,0,1,0,0,0,0,0,1,0,0
1,0,0,0,2,1,0,95.6500015258789,167.3,1,0,0,1,0,0,0,1,0,0,0,0,0,1,0,1,0,0,0,0,1,0
1,0,1,0,59,1,1,69.0999984741211,4096.9,0,1,0,0,0,1,0,0,0,0,0,1,0,0,0,1,0,1,0,0,0,1
1,1,0,0,50,1,1,70.3499984741211,3454.6,0,1,0,0,0,1,0,1,0,0,0,0,0,1,0,0,0,0,0,0,0,0
0,0,1,1,59,1,0,20.600000381469727,1286.0,0,0,0,0,1,0,1,0,1,0,1,0,1,0,1,0,1,0,1,0,0,1
1,0,0,0,18,1,0,74.1500015258789,1387.0,0,1,0,1,0,0,0,0,0,0,0,0,0,0,0,0,0,0,0,0,0,1
1,0,0,0,10,1,0,75.05000305175781,786.3,0,1,0,1,0,0,0,0,0,0,0,0,0,0,0,0,0,0,0,0,1,0
1,0,1,0,14,1,0,44.599998474121094,641.25,0,0,0,0,0,0,0,0,0,0,0,0,0,0,0,0,0,1,0,0,1,0
1,0,0,0,35,1,0,21.450000762939453,705.45,0,0,0,0,1,0,1,0,1,0,1,0,1,0,1,0,1,0,1,0,0,0
1,0,1,1,8,1,1,43.45000076293945,345.5,0,0,0,0,0,0,0,0,0,0,0,0,0,0,0,0,0,1,0,0,0,1
1,0,1,1,18,1,0,20.049999237060547,345.9,0,0,0,0,1,0,1,0,1,0,1,0,1,0,1,0,1,1,0,0,0,0
0,0,1,1,60,1,0,94.1500015258789,5811.8,0,1,0,1,0,1,0,1,0,0,0,0,0,1,0,0,0,1,0,0,0,0
0,0,0,0,1,1,0,94.4000015258789,94.4,1,0,0,1,0,0,0,0,0,1,0,0,0,1,0,1,0,0,0,0,1,0
0,0,0,0,6,1,0,19.549999237060547,124.45,0,0,0,0,1,0,1,0,1,0,1,0,1,0,1,0,1,0,1,0,0,1
0,0,0,1,19,1,1,75.9000015258789,1375.6,0,1,0,0,0,1,0,1,0,0,0,1,0,1,0,0,0,0,0,0,0,1
1,0,1,1,53,1,0,64.1500015258789,3491.55,0,1,0,0,0,1,0,1,0,0,0,1,0,0,0,0,0,1,0,0,0,0
1,1,1,0,72,1,1,109.55000305175781,7920.7,0,1,0,1,0,1,0,1,0,1,0,0,0,1,0,1,0,0,1,0,0,0
0,0,1,0,60,1,1,110.80000305175781,6640.7,0,1,0,1,0,0,0,1,0,1,0,1,0,1,0,1,0,0,1,1,0,0
0,0,0,0,1,1,1,55.0,55.0,1,0,0,0,0,0,0,0,0,0,0,0,0,1,0,0,0,0,0,1,0,0
0,0,0,1,13,1,0,53.45000076293945,718.1,0,0,0,0,0,0,0,0,0,1,0,1,0,0,0,0,0,0,0,0,0,1
0,0,1,1,5,1,0,69.94999694824219,320.4,0,0,0,1,0,0,0,0,0,0,0,0,0,0,0,0,0,0,0,1,0,0
1,0,0,0,1,1,1,101.44999694824219,101.45,1,1,0,1,0,0,0,0,0,1,0,0,0,1,0,1,0,0,0,0,1,0
1,0,1,1,13,1,0,97.0,1334.45,0,0,0,1,0,0,0,0,0,1,0,0,0,1,0,1,0,0,0,0,1,0
1,0,0,0,37,1,1,90.5999984741211,3358.65,0,1,0,0,0,1,0,1,0,1,0,1,0,1,0,1,0,1,0,0,0,0
1,0,1,0,64,1,1,73.55000305175781,4764.0,0,0,0,1,0,1,0,0,0,0,0,0,0,0,0,0,0,0,0,0,0,1
0,0,1,0,5,1,0,67.94999694824219,350.3,1,1,0,0,0,0,0,0,0,1,0,1,0,1,0,0,0,0,0,0,0,0
0,0,1,0,61,1,1,94.3499984741211,5703.0,0,1,0,1,0,0,0,1,0,0,0,1,0,0,0,1,0,0,1,0,0,0
0,0,0,0,1,1,1,69.5,69.5,1,0,0,1,0,0,0,0,0,0,0,0,0,0,0,0,0,0,0,0,1,0
1,0,0,0,1,1,1,18.850000381469727,18.85,1,0,0,0,1,0,1,0,1,0,1,0,1,0,1,0,1,0,0,0,0,1
1,0,0,0,26,1,0,19.399999618530273,525.55,0,0,0,0,1,0,1,0,1,0,1,0,1,0,1,0,1,1,0,0,0,1
0,0,0,0,1,1,1,69.19999694824219,69.2,1,0,0,1,0,0,0,0,0,0,0,0,0,0,0,0,0,0,0,0,1,0
1,0,1,0,24,1,0,19.75,483.15,0,0,0,0,1,0,1,0,1,0,1,0,1,0,1,0,1,0,1,0,0,1
1,0,1,0,17,0,0,54.599998474121094,934.8,0,0,1,0,0,0,0,0,0,1,0,1,0,1,0,1,0,1,0,0,1,0
0,0,0,1,26,0,1,29.799999237060547,786.5,0,0,1,0,0,0,0,0,0,1,0,0,0,0,0,0,0,0,0,0,0,1
1,0,0,0,1,1,1,69.6500015258789,69.65,1,0,0,1,0,0,0,0,0,0,0,0,0,0,0,0,0,0,0,0,1,0
1,1,1,0,40,1,0,101.8499984741211,4086.3,1,1,0,1,0,1,0,0,0,0,0,0,0,1,0,1,0,0,0,0,1,0
1,0,0,0,52,1,1,103.05000305175781,5364.8,0,1,0,1,0,0,0,1,0,1,0,0,0,1,0,1,0,0,0,0,1,0
0,0,0,0,1,1,1,82.30000305175781,82.3,1,0,0,1,0,0,0,1,0,1,0,0,0,0,0,0,0,0,0,0,1,0
1,0,0,0,1,1,0,20.299999237060547,20.3,0,0,0,0,1,0,1,0,1,0,1,0,1,0,1,0,1,0,0,0,0,1
0,0,0,0,21,0,0,35.099998474121094,770.4,0,0,1,0,0,1,0,0,0,0,0,1,0,0,0,0,0,0,1,0,0,1
0,0,1,0,67,1,1,105.69999694824219,6816.95,0,1,0,1,0,0,0,1,0,1,0,0,0,1,0,1,0,1,0,0,0,0
0,0,1,1,44,1,0,56.25,2419.55,0,0,0,0,0,1,0,0,0,0,0,1,0,0,0,0,0,0,0,0,0,0
1,0,1,1,70,0,0,60.349998474121094,4138.7,0,0,1,0,0,0,0,1,0,1,0,1,0,1,0,1,0,1,0,0,1,0
1,0,0,0,3,1,0,79.25,267.6,1,0,0,1,0,0,0,0,0,0,0,0,0,1,0,0,0,0,0,0,1,0
1,0,1,1,56,1,1,59.79999923706055,3457.45,0,0,0,0,0,1,0,1,0,1,0,0,0,0,0,0,0,0,1,0,0,0
0,0,0,0,13,1,1,84.5999984741211,1115.2,1,1,0,1,0,0,0,0,0,0,0,0,0,0,0,1,0,0,0,0,1,0
0,0,1,1,58,1,1,93.4000015258789,5435.6,1,1,0,1,0,1,0,1,0,0,0,0,0,0,0,1,0,0,0,0,0,0
0,0,1,1,42,1,1,94.19999694824219,4186.3,1,1,0,1,0,0,0,0,0,0,0,0,0,1,0,1,0,0,0,0,1,0
1,1,1,0,1,0,0,25.049999237060547,25.05,1,0,1,0,0,0,0,0,0,0,0,0,0,0,0,0,0,0,0,0,1,0
0,0,1,1,46,1,0,99.6500015258789,4630.2,0,1,0,1,0,1,0,0,0,1,0,1,0,0,0,1,0,0,1,0,0,1
0,0,1,1,63,1,1,50.650001525878906,3221.25,0,0,0,0,0,1,0,0,0,0,0,0,0,0,0,0,0,0,1,0,0,0
1,0,0,0,11,1,1,60.900001525878906,688.5,0,0,0,0,0,0,0,1,0,1,0,1,0,0,0,0,0,0,0,0,1,0
1,0,1,1,15,1,1,59.650001525878906,867.1,0,1,0,0,0,0,0,0,0,1,0,1,0,0,0,0,0,0,0,0,0,0
1,0,1,0,72,0,1,64.69999694824219,4746.05,0,0,1,0,0,1,0,1,0,1,0,1,0,1,0,1,0,0,1,0,1,0
0,0,0,0,29,0,1,25.100000381469727,712.85,1,0,1,0,0,0,0,0,0,0,0,0,0,0,0,0,0,0,0,1,0,0
1,0,0,1,1,1,0,48.95000076293945,48.95,1,0,0,0,0,0,0,0,0,1,0,0,0,0,0,0,0,0,0,0,1,0
0,0,1,1,6,1,0,54.849998474121094,355.1,0,0,0,0,0,0,0,0,0,0,0,0,0,1,0,0,0,0,0,0,1,0
1,0,0,0,1,1,0,45.29999923706055,45.3,1,0,0,0,0,0,0,0,0,0,0,0,0,0,0,0,0,0,0,0,1,0
1,0,1,1,63,1,1,91.3499984741211,5764.7,0,1,0,1,0,0,0,1,0,0,0,0,0,0,0,1,0,1,0,0,1,0
1,0,0,0,2,1,1,85.8499984741211,167.3,1,0,0,1,0,0,0,0,0,1,0,0,0,0,0,1,0,0,0,0,1,0
0,0,1,1,18,1,0,25.100000381469727,428.45,0,1,0,0,1,0,1,0,1,0,1,0,1,0,1,0,1,0,1,0,0,1
0,0,1,0,43,0,0,34.0,1505.35,0,0,1,0,0,1,0,0,0,0,0,1,0,0,0,0,0,0,0,0,0,0
0,0,0,0,15,0,0,45.900001525878906,693.45,0,0,1,0,0,1,0,1,0,1,0,1,0,0,0,0,0,1,0,0,0,1
1,0,0,1,10,1,0,95.19999694824219,930.4,1,1,0,1,0,0,0,0,0,0,0,0,0,1,0,1,0,0,0,0,1,0
1,0,1,1,55,1,0,20.5,1177.95,0,0,0,0,1,0,1,0,1,0,1,0,1,0,1,0,1,0,1,0,0,1
1,0,0,1,49,1,1,100.5999984741211,5069.65,1,1,0,1,0,0,0,0,0,0,0,1,0,1,0,1,0,1,0,0,0,0
1,0,1,1,6,1,1,55.29999923706055,324.25,1,0,0,0,0,0,0,1,0,1,0,0,0,0,0,0,0,0,0,0,0,1
1,0,1,1,70,1,0,20.350000381469727,1458.1,0,0,0,0,1,0,1,0,1,0,1,0,1,0,1,0,1,0,1,1,0,0
1,1,0,0,2,1,1,74.8499984741211,156.4,1,1,0,1,0,0,0,0,0,0,0,0,0,0,0,0,0,0,0,0,0,1
1,1,1,0,63,0,0,36.099998474121094,2298.9,0,0,1,0,0,1,0,0,0,0,0,1,0,0,0,0,0,1,0,0,0,0
0,0,0,0,25,1,1,65.80000305175781,1679.65,0,0,0,0,0,0,0,1,0,0,0,1,0,0,0,1,0,0,0,0,0,0
0,1,0,0,18,1,0,20.350000381469727,369.6,0,0,0,0,1,0,1,0,1,0,1,0,1,0,1,0,1,1,0,0,0,0
1,1,1,0,28,1,1,105.80000305175781,2998.0,0,1,0,1,0,0,0,1,0,0,0,1,0,1,0,1,0,0,0,0,1,0
0,1,0,0,53,1,1,96.75,5206.55,0,0,0,1,0,1,0,1,0,0,0,1,0,0,0,1,0,1,0,0,0,1
1,0,0,0,35,1,1,102.3499984741211,3626.1,1,0,0,1,0,0,0,1,0,1,0,0,0,1,0,1,0,1,0,0,0,0
1,0,0,0,1,0,0,24.399999618530273,24.4,0,0,1,0,0,0,0,0,0,0,0,0,0,0,0,0,0,0,0,0,0,1
1,0,1,0,70,1,0,115.6500015258789,7968.85,1,1,0,1,0,1,0,1,0,1,0,1,0,1,0,1,0,1,0,1,0,0
1,0,0,0,2,1,1,79.8499984741211,152.45,1,0,0,1,0,0,0,0,0,1,0,1,0,0,0,0,0,0,0,0,1,0
0,0,1,0,26,1,1,73.05000305175781,1959.5,0,0,0,0,0,0,0,1,0,0,0,1,0,1,0,1,0,0,0,0,1,0
0,0,0,0,34,1,0,64.3499984741211,2053.05,0,0,0,0,0,1,0,1,0,0,0,0,0,0,0,1,0,1,0,0,1,0
0,0,0,1,19,1,0,20.5,398.55,0,0,0,0,1,0,1,0,1,0,1,0,1,0,1,0,1,0,1,0,0,1
1,0,0,0,15,1,1,76.0,1130.85,1,1,0,1,0,0,0,0,0,0,0,0,0,0,0,0,0,0,0,0,0,1
0,0,1,1,62,1,0,54.75,3425.35,0,0,0,0,0,1,0,0,0,1,0,0,0,0,0,0,0,1,0,1,0,0
0,1,0,0,42,1,1,104.75,4323.45,1,1,0,1,0,0,0,1,0,1,0,0,0,1,0,1,0,0,0,0,0,0
0,0,0,0,9,1,1,74.6500015258789,703.55,1,0,0,0,0,1,0,1,0,0,0,0,0,1,0,1,0,0,0,0,1,0
1,0,0,0,24,1,1,51.150001525878906,1275.7,0,0,0,0,0,1,0,0,0,0,0,0,0,0,0,0,0,0,0,0,1,0
1,1,1,0,68,0,1,41.95000076293945,2965.75,0,0,1,0,0,1,0,1,0,1,0,0,0,0,0,0,0,0,1,0,1,0
1,0,1,1,31,1,0,54.349998474121094,1647.0,0,0,0,0,0,0,0,0,0,1,0,1,0,0,0,0,0,0,0,0,0,1
0,0,0,0,1,1,1,56.25,56.25,1,0,0,0,0,0,0,0,0,0,0,0,0,0,0,1,0,0,0,0,1,0
1,0,1,0,21,1,1,106.0999984741211,2249.95,1,1,0,1,0,0,0,0,0,1,0,1,0,1,0,1,0,0,0,0,1,0
0,0,1,0,63,1,1,96.0,6109.75,0,0,0,1,0,0,0,1,0,0,0,0,0,1,0,1,0,1,0,0,1,0
0,1,0,0,2,1,1,79.75,159.4,1,0,0,1,0,0,0,0,0,0,0,0,0,0,0,1,0,0,0,0,0,0
0,0,1,1,61,0,1,61.45000076293945,3751.15,0,0,1,0,0,0,0,1,0,1,0,1,0,1,0,1,0,0,1,0,0,0
0,0,0,0,1,1,0,68.6500015258789,68.65,1,0,0,1,0,0,0,0,0,0,0,0,0,0,0,0,0,0,0,0,1,0
1,0,0,0,18,1,0,19.649999618530273,411.25,0,0,0,0,1,0,1,0,1,0,1,0,1,0,1,0,1,1,0,0,0,1
0,0,1,1,6,1,0,19.0,105.5,0,0,0,0,1,0,1,0,1,0,1,0,1,0,1,0,1,1,0,1,0,0
0,0,0,0,33,1,1,100.0,3320.6,0,1,0,1,0,0,0,1,0,0,0,0,0,1,0,1,0,0,0,0,1,0
1,0,0,0,16,1,0,20.25,327.45,1,0,0,0,1,0,1,0,1,0,1,0,1,0,1,0,1,0,0,0,0,0
0,0,1,0,56,1,1,98.69999694824219,5669.5,0,0,0,1,0,0,0,0,0,1,0,1,0,1,0,1,0,0,0,0,1,0
1,0,0,1,23,1,0,19.799999237060547,465.45,0,0,0,0,1,0,1,0,1,0,1,0,1,0,1,0,1,1,0,0,0,1
1,0,0,0,9,1,1,73.80000305175781,704.3,0,0,0,1,0,0,0,0,0,1,0,0,0,0,0,0,0,0,0,0,1,0
0,1,1,0,14,1,1,100.19999694824219,1369.8,1,1,0,1,0,0,0,1,0,0,0,0,0,1,0,1,0,0,0,0,1,0
1,0,1,1,15,1,1,74.9000015258789,1107.25,1,1,0,1,0,0,0,0,0,0,0,0,0,0,0,0,0,0,0,0,0,0
1,0,0,0,5,1,0,20.049999237060547,95.55,0,0,0,0,1,0,1,0,1,0,1,0,1,0,1,0,1,0,0,1,0,0
1,0,1,0,61,1,1,106.19999694824219,6375.2,0,1,0,1,0,1,0,1,0,0,0,0,0,1,0,1,0,0,0,0,1,0
1,0,1,1,70,1,1,116.55000305175781,8152.3,0,1,0,1,0,1,0,1,0,1,0,1,0,1,0,1,0,0,1,1,0,0
1,0,0,0,15,1,1,99.69999694824219,1566.75,0,1,0,1,0,1,0,0,0,0,0,0,0,1,0,1,0,0,0,0,1,0
1,0,1,1,8,1,0,19.700000762939453,130.25,0,0,0,0,1,0,1,0,1,0,1,0,1,0,1,0,1,0,1,0,0,1
0,0,1,1,8,1,0,19.5,162.15,0,0,0,0,1,0,1,0,1,0,1,0,1,0,1,0,1,0,1,0,0,1
0,0,0,0,4,0,1,29.149999618530273,110.05,0,0,1,0,0,1,0,0,0,0,0,0,0,0,0,0,0,0,0,0,0,1
0,0,0,0,34,1,0,55.0,1885.15,0,0,0,0,0,1,0,1,0,0,0,0,0,0,0,0,0,1,0,0,0,1
1,0,1,0,68,1,1,90.80000305175781,6302.85,0,1,0,0,0,1,0,1,0,1,0,1,0,1,0,1,0,0,1,1,0,0
0,0,1,1,45,0,0,51.0,2264.5,0,0,1,0,0,0,0,1,0,1,0,1,0,0,0,1,0,1,0,0,0,0
0,1,0,0,9,1,1,90.0999984741211,816.8,0,1,0,1,0,0,0,0,0,1,0,0,0,1,0,0,0,0,0,0,1,0
0,0,0,0,22,1,1,59.04999923706055,1253.5,0,1,0,0,0,1,0,0,0,0,0,1,0,0,0,0,0,0,0,0,0,1
0,0,0,0,2,1,0,20.299999237060547,41.2,0,0,0,0,1,0,1,0,1,0,1,0,1,0,1,0,1,0,0,0,0,1
1,0,1,0,70,1,0,72.94999694824219,5265.55,0,1,0,0,0,0,0,1,0,1,0,1,0,1,0,0,0,0,1,0,0,0
0,0,0,1,10,1,0,73.55000305175781,693.3,0,1,0,0,0,1,0,0,0,1,0,1,0,0,0,1,0,1,0,1,0,0
1,0,0,0,72,1,0,84.30000305175781,5997.1,0,1,0,0,0,1,0,0,0,1,0,1,0,1,0,1,0,0,1,1,0,0
0,0,1,1,49,1,0,78.0,3824.2,0,0,0,0,0,0,0,1,0,1,0,0,0,1,0,1,0,1,0,1,0,0
0,1,0,0,54,1,0,72.0999984741211,3886.05,0,1,0,0,0,0,0,1,0,0,0,1,0,1,0,0,0,1,0,0,0,1
0,0,0,0,71,1,1,106.75,7283.25,0,1,0,1,0,1,0,1,0,1,0,0,0,1,0,1,0,0,1,1,0,0
0,0,0,0,22,1,1,19.25,412.55,0,0,0,0,1,0,1,0,1,0,1,0,1,0,1,0,1,1,0,0,0,1
0,0,1,1,50,1,0,20.549999237060547,1070.25,0,0,0,0,1,0,1,0,1,0,1,0,1,0,1,0,1,0,1,1,0,0
0,0,1,1,43,1,0,20.0,817.95,0,0,0,0,1,0,1,0,1,0,1,0,1,0,1,0,1,1,0,0,0,1
0,0,1,1,45,1,1,24.649999618530273,1171.3,0,1,0,0,1,0,1,0,1,0,1,0,1,0,1,0,1,0,1,1,0,0
1,1,0,0,64,1,1,103.5,6548.65,0,1,0,1,0,1,0,1,0,0,0,0,0,1,0,1,0,0,0,0,0,0
0,0,1,1,23,1,0,23.850000381469727,625.65,0,1,0,0,1,0,1,0,1,0,1,0,1,0,1,0,1,0,1,0,0,1
0,0,1,0,68,1,0,25.799999237060547,1911.5,0,1,0,0,1,0,1,0,1,0,1,0,1,0,1,0,1,0,1,1,0,0
0,0,0,0,1,1,1,70.8499984741211,70.85,1,0,0,1,0,0,0,0,0,0,0,0,0,0,0,0,0,0,0,0,1,0
1,0,0,0,2,1,1,69.80000305175781,134.7,1,0,0,1,0,0,0,0,0,0,0,0,0,0,0,0,0,0,0,1,0,0
1,0,0,0,26,1,0,59.45000076293945,1507.0,0,0,0,0,0,0,0,0,0,0,0,1,0,1,0,0,0,1,0,1,0,0
1,0,1,0,55,0,1,54.54999923706055,2978.3,1,0,1,0,0,0,0,0,0,1,0,1,0,1,0,1,0,0,0,0,0,0
1,0,0,0,14,1,1,20.049999237060547,299.3,0,0,0,0,1,0,1,0,1,0,1,0,1,0,1,0,1,0,0,0,1,0
1,0,1,0,71,1,1,82.55000305175781,5832.65,0,0,0,0,0,1,0,0,0,1,0,1,0,1,0,1,0,0,1,0,1,0
1,0,0,0,64,1,0,81.25,5567.55,0,1,0,0,0,1,0,1,0,1,0,1,0,1,0,0,0,1,0,0,1,0
0,0,0,0,7,1,1,70.75,450.8,1,0,0,0,0,0,0,0,0,0,0,1,0,1,0,1,0,0,0,1,0,0
0,0,0,0,57,1,1,74.30000305175781,4166.35,0,0,0,0,0,1,0,1,0,1,0,1,0,1,0,0,0,0,1,1,0,0
0,0,1,0,13,1,0,94.0999984741211,1215.6,1,1,0,1,0,0,0,1,0,1,0,0,0,1,0,0,0,0,0,0,1,0
0,0,1,1,3,0,0,29.700000762939453,91.7,1,0,1,0,0,1,0,0,0,0,0,0,0,0,0,0,0,0,0,1,0,0
1,1,1,0,72,1,0,109.69999694824219,7898.45,0,1,0,1,0,0,0,1,0,1,0,1,0,1,0,1,0,0,1,1,0,0
0,0,1,1,40,1,1,96.3499984741211,3915.4,0,1,0,1,0,0,0,1,0,1,0,0,0,1,0,0,0,0,0,1,0,0
1,0,1,0,14,1,1,66.5999984741211,979.5,0,1,0,0,0,0,0,0,0,0,0,1,0,1,0,0,0,0,0,1,0,0
1,0,1,1,2,1,1,44.5,90.05,0,0,0,0,0,0,0,0,0,0,0,0,0,0,0,0,0,0,0,0,1,0
1,1,0,0,66,1,0,110.9000015258789,7432.05,1,1,0,1,0,0,0,1,0,1,0,1,0,1,0,1,0,1,0,1,0,0
0,0,1,0,38,1,1,105.0,4026.4,1,1,0,1,0,0,0,0,0,1,0,1,0,1,0,1,0,0,0,0,1,0
1,0,0,1,1,0,1,25.299999237060547,25.3,1,0,1,0,0,0,0,0,0,0,0,0,0,0,0,0,0,0,0,0,1,0
1,0,0,0,22,1,1,55.150001525878906,1193.05,1,0,0,0,0,0,0,1,0,0,0,1,0,0,0,0,0,1,0,1,0,0
1,0,0,0,1,1,1,20.100000381469727,20.1,1,0,0,0,1,0,1,0,1,0,1,0,1,0,1,0,1,0,0,0,0,1
1,0,0,0,5,1,1,80.0999984741211,398.55,0,0,0,1,0,0,0,0,0,0,0,0,0,1,0,0,0,0,0,0,0,1
1,0,1,1,29,1,0,69.05000305175781,1958.45,0,1,0,0,0,1,0,0,0,0,0,1,0,1,0,0,0,1,0,0,0,0
1,0,1,1,1,1,1,69.9000015258789,69.9,1,0,0,1,0,0,0,0,0,0,0,0,0,0,0,0,0,0,0,0,0,1
0,0,0,0,3,1,0,20.399999618530273,63.15,0,0,0,0,1,0,1,0,1,0,1,0,1,0,1,0,1,0,0,0,0,1
1,0,1,1,71,1,0,19.700000762939453,1301.1,0,0,0,0,1,0,1,0,1,0,1,0,1,0,1,0,1,0,1,1,0,0
1,0,0,1,9,1,1,50.099998474121094,484.05,0,0,0,0,0,0,0,1,0,0,0,0,0,0,0,0,0,0,0,0,1,0
1,0,0,0,43,1,1,101.4000015258789,4528.0,1,1,0,1,0,0,0,1,0,0,0,0,0,1,0,1,0,0,0,0,1,0
0,0,0,0,48,1,1,83.44999694824219,3887.85,0,1,0,0,0,1,0,1,0,1,0,0,0,1,0,1,0,1,0,1,0,0
1,0,0,0,26,1,1,86.6500015258789,2208.75,0,1,0,1,0,1,0,1,0,0,0,0,0,0,0,0,0,0,0,1,0,0
0,0,0,0,9,1,0,20.149999618530273,238.15,0,0,0,0,1,0,1,0,1,0,1,0,1,0,1,0,1,0,0,0,0,0
1,0,0,0,1,1,1,80.80000305175781,80.8,1,0,0,1,0,0,0,0,0,0,0,0,0,0,0,1,0,0,0,0,1,0
0,0,1,1,46,1,0,19.399999618530273,958.15,0,0,0,0,1,0,1,0,1,0,1,0,1,0,1,0,1,0,1,1,0,0
1,0,0,0,2,1,0,62.04999923706055,118.3,1,1,0,0,0,0,0,0,0,0,0,0,0,0,0,1,0,0,0,0,0,0
1,1,0,0,1,1,1,76.44999694824219,76.45,1,1,0,1,0,0,0,0,0,0,0,0,0,0,0,0,0,0,0,0,1,0
1,0,1,1,64,0,1,60.04999923706055,3845.45,0,0,1,0,0,1,0,0,0,1,0,1,0,1,0,1,0,0,1,0,0,0
0,1,0,0,12,1,1,91.30000305175781,1094.5,1,1,0,1,0,0,0,1,0,0,0,0,0,1,0,0,0,0,0,0,1,0
1,1,1,0,6,1,1,95.75,573.75,1,0,0,1,0,0,0,0,0,1,0,0,0,1,0,1,0,0,0,0,1,0
0,0,1,0,59,1,0,20.350000381469727,1267.0,0,0,0,0,1,0,1,0,1,0,1,0,1,0,1,0,1,1,0,0,0,1
0,0,0,0,7,1,1,94.05000305175781,633.45,0,0,0,1,0,0,0,1,0,0,0,0,0,1,0,1,0,1,0,0,0,1
0,1,1,0,72,1,1,84.0999984741211,6129.65,0,1,0,0,0,1,0,1,0,1,0,0,0,1,0,1,0,0,1,1,0,0
1,1,0,0,16,1,1,78.75,1218.25,0,0,0,1,0,0,0,0,0,0,0,0,0,0,0,1,0,0,0,0,1,0
1,0,1,0,25,1,0,55.54999923706055,1405.3,0,1,0,0,0,0,0,0,0,1,0,0,0,0,0,0,0,0,0,1,0,0
0,0,1,0,34,1,0,62.650001525878906,2274.9,1,1,0,0,0,1,0,1,0,0,0,1,0,0,0,0,0,0,0,0,1,0
0,0,0,0,1,1,1,74.5,74.5,1,1,0,1,0,0,0,0,0,0,0,0,0,0,0,0,0,0,0,0,1,0
0,0,1,1,10,1,1,102.0999984741211,1068.85,1,1,0,1,0,0,0,1,0,1,0,0,0,1,0,1,0,0,0,1,0,0
1,0,1,0,24,1,0,20.100000381469727,533.9,0,0,0,0,1,0,1,0,1,0,1,0,1,0,1,0,1,1,0,0,0,1
0,0,1,1,10,1,0,70.30000305175781,676.15,0,1,0,0,0,1,0,1,0,0,0,0,0,1,0,0,0,1,0,0,1,0
1,0,1,0,69,1,1,53.650001525878906,3804.4,0,0,0,0,0,1,0,1,0,0,0,0,0,0,0,0,0,1,0,1,0,0
1,0,0,0,57,1,0,20.75,1118.8,0,0,0,0,1,0,1,0,1,0,1,0,1,0,1,0,1,0,1,0,0,1
1,0,1,1,50,1,1,103.4000015258789,5236.4,0,0,0,1,0,0,0,1,0,1,0,1,0,1,0,1,0,1,0,0,0,0
1,0,1,1,28,0,0,50.79999923706055,1386.8,0,0,1,0,0,1,0,0,0,1,0,1,0,1,0,0,0,1,0,0,0,1
0,0,0,0,16,1,1,50.150001525878906,762.25,1,0,0,0,0,1,0,0,0,0,0,0,0,0,0,0,0,0,0,0,1,0
1,0,0,0,25,1,1,79.0,1902.0,0,0,0,0,0,1,0,1,0,0,0,1,0,1,0,1,0,0,0,0,0,1
0,1,1,0,3,1,1,74.5999984741211,239.05,0,0,0,1,0,0,0,1,0,0,0,0,0,0,0,0,0,0,0,0,0,0
1,0,1,0,61,1,1,96.5,5673.7,0,1,0,1,0,0,0,0,0,0,0,0,0,1,0,1,0,1,0,0,0,0
0,0,0,0,2,1,0,20.100000381469727,39.8,0,0,0,0,1,0,1,0,1,0,1,0,1,0,1,0,1,0,0,0,0,1
1,0,1,1,51,1,0,19.399999618530273,997.75,0,0,0,0,1,0,1,0,1,0,1,0,1,0,1,0,1,1,0,0,0,1
0,0,1,1,71,1,0,77.55000305175781,5574.35,0,0,0,0,0,1,0,0,0,1,0,0,0,1,0,1,0,0,1,1,0,0
0,0,1,1,20,1,0,20.049999237060547,406.05,0,0,0,0,1,0,1,0,1,0,1,0,1,0,1,0,1,0,0,0,0,1
1,0,1,1,6,1,0,19.850000381469727,138.85,0,0,0,0,1,0,1,0,1,0,1,0,1,0,1,0,1,0,0,1,0,0
0,0,0,0,6,1,0,20.200000762939453,123.65,0,0,0,0,1,0,1,0,1,0,1,0,1,0,1,0,1,0,0,0,0,1
0,0,0,0,29,1,0,67.44999694824219,1801.1,0,1,0,0,0,1,0,1,0,0,0,1,0,0,0,0,0,0,0,0,0,1
1,0,0,0,36,1,1,18.549999237060547,689.0,0,0,0,0,1,0,1,0,1,0,1,0,1,0,1,0,1,0,1,1,0,0
0,0,0,0,28,0,1,29.75,790.7,0,0,1,0,0,0,0,0,0,1,0,0,0,0,0,0,0,0,0,0,0,1
0,0,1,0,7,1,1,86.5,582.5,1,1,0,1,0,0,0,0,0,0,0,0,0,1,0,0,0,0,0,0,1,0
0,0,0,0,63,1,0,24.200000762939453,1618.2,0,1,0,0,1,0,1,0,1,0,1,0,1,0,1,0,1,0,1,0,0,1
1,0,1,1,48,1,0,23.549999237060547,1173.35,0,1,0,0,1,0,1,0,1,0,1,0,1,0,1,0,1,0,1,0,0,1
0,0,1,0,49,1,0,20.450000762939453,900.9,0,0,0,0,1,0,1,0,1,0,1,0,1,0,1,0,1,1,0,0,0,0
1,1,0,0,27,1,1,81.44999694824219,2122.05,1,1,0,1,0,0,0,1,0,0,0,0,0,0,0,0,0,0,0,0,1,0
1,0,1,0,72,1,0,92.30000305175781,6719.9,0,1,0,0,0,1,0,1,0,1,0,1,0,1,0,1,0,0,1,1,0,0
1,0,1,0,1,1,1,69.1500015258789,69.15,1,0,0,1,0,0,0,0,0,0,0,0,0,0,0,0,0,0,0,0,1,0
0,0,1,1,72,0,0,53.650001525878906,3784.0,0,0,1,0,0,0,0,1,0,0,0,1,0,1,0,1,0,0,1,1,0,0
0,0,0,0,47,0,0,39.650001525878906,1798.65,0,0,1,0,0,1,0,1,0,0,0,1,0,0,0,0,0,1,0,1,0,0
0,0,0,0,1,1,1,54.650001525878906,54.65,0,0,0,0,0,0,0,0,0,0,0,0,0,1,0,0,0,0,0,0,1,0
0,0,0,0,36,1,1,104.80000305175781,3886.45,0,1,0,1,0,0,0,1,0,1,0,0,0,1,0,1,0,1,0,0,0,0
1,0,1,1,43,0,0,29.299999237060547,1224.05,0,0,1,0,0,0,0,1,0,0,0,0,0,0,0,0,0,0,0,1,0,0
0,1,1,0,27,1,0,83.8499984741211,2310.2,0,1,0,0,0,0,0,1,0,1,0,1,0,1,0,1,0,0,0,0,1,0
0,0,0,0,9,1,1,79.55000305175781,723.4,1,0,0,1,0,0,0,0,0,0,0,0,0,0,0,1,0,0,0,0,1,0
0,0,0,0,38,1,1,103.6500015258789,3988.5,0,1,0,1,0,0,0,0,0,1,0,1,0,1,0,1,0,0,0,0,1,0
0,1,0,0,35,1,1,99.05000305175781,3554.6,0,1,0,1,0,1,0,0,0,0,0,0,0,1,0,1,0,0,0,0,1,0
0,0,1,1,0,1,0,73.3499984741211,0.0,0,1,0,0,0,0,0,1,0,1,0,1,0,1,0,0,0,0,1,0,0,1
0,0,1,0,59,1,1,100.05000305175781,6034.85,0,0,0,1,0,0,0,1,0,0,0,1,0,1,0,1,0,0,1,0,0,1
1,0,0,0,27,1,0,20.350000381469727,531.6,0,0,0,0,1,0,1,0,1,0,1,0,1,0,1,0,1,0,1,1,0,0
0,1,0,0,2,1,0,43.95000076293945,85.1,0,0,0,0,0,0,0,0,0,0,0,0,0,0,0,0,0,0,0,0,1,0
1,0,0,0,7,1,0,23.5,173.0,0,1,0,0,1,0,1,0,1,0,1,0,1,0,1,0,1,0,0,0,0,1
0,0,0,0,36,1,1,70.69999694824219,2511.95,0,1,0,0,0,0,0,1,0,0,0,1,0,0,0,1,0,1,0,0,0,1
0,0,1,1,41,1,1,94.30000305175781,3893.6,0,1,0,1,0,1,0,1,0,0,0,0,0,1,0,0,0,0,0,0,0,0
0,0,0,0,13,0,0,29.149999618530273,357.15,0,0,1,0,0,0,0,1,0,0,0,0,0,0,0,0,0,0,0,0,1,0
1,0,0,1,19,1,0,20.850000381469727,467.5,0,0,0,0,1,0,1,0,1,0,1,0,1,0,1,0,1,0,1,1,0,0
0,0,1,0,60,0,0,37.70000076293945,2288.7,0,0,1,0,0,1,0,1,0,0,0,1,0,0,0,0,0,0,1,0,0,0
0,0,0,1,48,1,1,95.5,4627.85,1,0,0,1,0,0,0,1,0,1,0,1,0,1,0,0,0,0,1,0,0,1
1,1,0,0,3,1,0,91.05000305175781,289.1,1,1,0,1,0,0,0,0,0,1,0,0,0,1,0,0,0,0,0,0,1,0
1,0,1,0,69,1,1,92.44999694824219,6460.55,0,1,0,1,0,0,0,1,0,0,0,1,0,1,0,0,0,0,1,0,0,1
1,0,0,0,43,0,0,44.150001525878906,1931.3,0,0,1,0,0,0,0,0,0,1,0,1,0,0,0,1,0,1,0,0,1,0
0,0,0,1,11,0,1,36.04999923706055,402.6,0,0,1,0,0,1,0,0,0,0,0,1,0,0,0,0,0,1,0,0,0,1
0,0,1,0,45,1,1,50.25,2221.55,0,0,0,0,0,0,0,0,0,1,0,0,0,0,0,0,0,0,0,1,0,0
1,0,1,0,72,1,1,109.75,7758.9,0,1,0,1,0,0,0,1,0,1,0,1,0,1,0,1,0,0,1,1,0,0
0,1,1,0,2,1,0,79.19999694824219,172.85,1,1,0,1,0,0,0,0,0,1,0,0,0,0,0,0,0,0,0,0,1,0
0,0,1,1,12,1,0,20.299999237060547,224.5,0,0,0,0,1,0,1,0,1,0,1,0,1,0,1,0,1,0,1,0,0,0
0,0,1,1,67,1,1,112.3499984741211,7388.45,0,1,0,1,0,0,0,1,0,1,0,1,0,1,0,1,0,1,0,1,0,0
1,0,1,0,37,1,0,94.30000305175781,3460.95,0,1,0,1,0,0,0,0,0,1,0,1,0,1,0,0,0,0,1,0,0,1
0,0,0,0,39,0,0,41.150001525878906,1700.9,0,0,1,0,0,1,0,1,0,0,0,1,0,0,0,0,0,1,0,0,0,0
0,0,0,0,41,1,1,74.6500015258789,3090.65,0,1,0,0,0,1,0,0,0,1,0,1,0,0,0,1,0,0,0,0,0,0
0,0,0,0,25,0,1,48.25,1293.8,0,0,1,0,0,0,0,0,0,1,0,0,0,1,0,1,0,0,0,0,1,0
1,0,1,1,8,1,1,76.1500015258789,645.8,0,1,0,0,0,1,0,1,0,0,0,1,0,0,0,1,0,0,1,1,0,0
0,0,1,1,71,1,0,71.0999984741211,5224.95,0,1,0,0,0,1,0,1,0,1,0,1,0,0,0,0,0,0,1,0,0,1
1,0,0,0,5,1,0,96.55000305175781,500.1,0,1,0,1,0,0,0,1,0,1,0,0,0,0,0,1,0,0,0,0,1,0
0,0,0,0,30,1,1,79.30000305175781,2427.1,0,1,0,0,0,1,0,0,0,1,0,0,0,1,0,1,0,1,0,1,0,0
1,0,0,0,40,1,1,89.5999984741211,3488.15,0,0,0,1,0,0,0,1,0,0,0,1,0,0,0,1,0,1,0,1,0,0
0,0,0,0,54,1,1,20.5,1035.7,0,0,0,0,1,0,1,0,1,0,1,0,1,0,1,0,1,0,1,0,0,1
1,0,1,0,72,1,1,106.30000305175781,7565.35,0,1,0,1,0,0,0,1,0,1,0,0,0,1,0,1,0,0,1,0,0,0
1,0,1,1,28,1,0,100.3499984741211,2799.0,0,0,0,1,0,0,0,1,0,1,0,0,0,1,0,1,0,1,0,0,0,0
1,0,1,1,18,1,1,85.5999984741211,1601.5,0,0,0,1,0,0,0,0,0,0,0,1,0,0,0,1,0,0,0,0,1,0
0,0,0,0,2,0,1,45.25,85.5,1,0,1,0,0,0,0,0,0,0,0,0,0,1,0,1,0,0,0,0,1,0
0,0,1,1,59,1,1,106.1500015258789,6256.2,0,1,0,1,0,0,0,1,0,1,0,0,0,1,0,1,0,1,0,0,1,0
1,0,1,1,22,1,1,51.099998474121094,1232.9,0,0,0,0,0,0,0,0,0,0,0,1,0,0,0,0,0,0,0,0,1,0
0,0,0,0,1,1,0,19.899999618530273,19.9,0,0,0,0,1,0,1,0,1,0,1,0,1,0,1,0,1,0,0,0,0,1
0,1,1,0,72,1,1,25.700000762939453,1937.4,0,1,0,0,1,0,1,0,1,0,1,0,1,0,1,0,1,0,1,1,0,0
0,1,0,0,14,1,1,74.30000305175781,1096.25,1,1,0,1,0,0,0,0,0,0,0,0,0,0,0,0,0,0,0,0,1,0
1,0,1,0,50,1,0,99.4000015258789,5059.75,0,1,0,1,0,0,0,0,0,0,0,1,0,1,0,1,0,1,0,0,1,0
0,0,1,1,48,1,0,69.69999694824219,3023.65,0,0,0,0,0,1,0,0,0,1,0,1,0,1,0,0,0,1,0,0,0,0
0,0,1,1,49,1,1,98.3499984741211,4889.2,0,1,0,1,0,0,0,1,0,0,0,0,0,1,0,1,0,0,0,0,1,0
1,0,1,1,28,1,0,85.44999694824219,2289.9,0,0,0,1,0,0,0,0,0,1,0,0,0,1,0,0,0,0,0,0,1,0
1,1,0,0,68,1,1,95.9000015258789,6503.2,0,1,0,1,0,0,0,1,0,1,0,0,0,0,0,1,0,0,0,0,1,0
1,0,0,0,13,1,0,100.75,1313.25,0,1,0,1,0,0,0,0,0,0,0,1,0,1,0,1,0,0,0,0,1,0
0,0,0,0,11,1,1,89.19999694824219,990.3,0,1,0,1,0,0,0,0,0,1,0,0,0,1,0,0,0,0,0,0,1,0
0,0,1,0,3,1,1,74.0999984741211,228.0,1,1,0,1,0,0,0,0,0,0,0,0,0,0,0,0,0,0,0,1,0,0
1,1,1,0,57,1,0,100.5999984741211,5746.15,1,1,0,1,0,0,0,0,0,1,0,0,0,1,0,1,0,0,0,0,1,0
1,0,0,0,3,1,0,75.0,209.1,1,1,0,1,0,0,0,0,0,0,0,0,0,0,0,0,0,0,0,0,0,1
1,0,1,0,72,1,0,25.75,1864.2,0,1,0,0,1,0,1,0,1,0,1,0,1,0,1,0,1,0,1,1,0,0
1,0,1,1,70,1,1,84.0999984741211,5979.7,0,1,0,0,0,0,0,1,0,1,0,1,0,1,0,1,0,0,1,0,1,0
0,0,1,1,49,1,0,79.30000305175781,3902.45,0,1,0,0,0,0,0,1,0,0,0,1,0,1,0,1,0,0,1,0,0,0
0,1,1,0,67,1,1,107.05000305175781,7142.5,0,1,0,1,0,1,0,0,0,1,0,0,0,1,0,1,0,1,0,1,0,0
1,0,0,0,46,1,0,20.049999237060547,902.0,0,0,0,0,1,0,1,0,1,0,1,0,1,0,1,0,1,0,1,0,0,0
0,1,0,0,64,1,1,70.19999694824219,4481.0,1,0,0,0,0,1,0,1,0,0,0,1,0,1,0,0,0,0,1,1,0,0
0,0,1,0,37,1,0,19.5,805.2,0,0,0,0,1,0,1,0,1,0,1,0,1,0,1,0,1,0,0,0,0,0
0,1,0,0,2,1,0,70.75,154.85,1,0,0,1,0,0,0,0,0,0,0,0,0,0,0,0,0,0,0,0,1,0
0,1,1,0,13,0,0,45.29999923706055,528.45,0,0,1,0,0,0,0,0,0,0,0,0,0,1,0,1,0,0,0,0,1,0
0,0,1,0,72,1,0,115.1500015258789,8349.7,0,1,0,1,0,1,0,1,0,1,0,1,0,1,0,1,0,0,1,0,1,0
1,0,1,1,68,1,1,72.94999694824219,4953.25,0,0,0,0,0,0,0,0,0,1,0,1,0,1,0,1,0,0,1,0,0,0
1,0,1,1,15,1,0,19.649999618530273,332.65,0,0,0,0,1,0,1,0,1,0,1,0,1,0,1,0,1,1,0,0,0,1
0,0,0,0,24,1,1,19.549999237060547,470.2,0,0,0,0,1,0,1,0,1,0,1,0,1,0,1,0,1,0,1,0,0,0
0,0,0,0,24,1,1,89.55000305175781,2259.35,0,1,0,1,0,0,0,0,0,0,0,1,0,0,0,1,0,0,0,0,1,0
1,0,0,0,27,1,0,50.349998474121094,1411.35,0,0,0,0,0,1,0,0,0,0,0,0,0,0,0,0,0,0,0,0,0,1
1,0,0,0,12,1,0,50.25,593.75,1,0,0,0,0,0,0,0,0,0,0,1,0,0,0,0,0,0,0,0,0,0
0,0,1,1,71,1,0,87.25,6328.7,0,0,0,0,0,1,0,1,0,1,0,1,0,1,0,1,0,0,1,1,0,0
1,0,1,1,67,1,1,20.799999237060547,1411.9,0,0,0,0,1,0,1,0,1,0,1,0,1,0,1,0,1,0,1,0,0,1
0,0,1,0,63,1,1,109.25,6841.4,0,1,0,1,0,0,0,1,0,1,0,1,0,1,0,1,0,0,1,0,0,0
1,0,0,0,1,1,0,20.350000381469727,20.35,0,0,0,0,1,0,1,0,1,0,1,0,1,0,1,0,1,0,0,0,0,1
1,0,0,0,4,1,1,55.900001525878906,238.5,0,0,0,0,0,0,0,0,0,0,0,0,0,0,0,1,0,0,0,0,1,0
0,1,0,0,40,1,1,79.19999694824219,3233.85,1,0,0,1,0,1,0,1,0,0,0,0,0,0,0,0,0,0,0,1,0,0
0,0,0,0,12,1,1,96.0,1062.1,1,0,0,1,0,0,0,0,0,1,0,0,0,1,0,1,0,0,0,0,1,0
1,0,1,1,52,1,0,79.19999694824219,4016.3,0,0,0,0,0,1,0,1,0,1,0,0,0,1,0,1,0,0,1,0,1,0
1,0,0,0,10,1,1,24.0,226.55,0,1,0,0,1,0,1,0,1,0,1,0,1,0,1,0,1,0,0,0,1,0
1,0,0,0,68,1,0,101.3499984741211,7110.75,0,1,0,1,0,1,0,1,0,1,0,0,0,1,0,0,0,1,0,0,0,0
0,0,0,0,54,1,1,100.0999984741211,5440.9,1,1,0,1,0,0,0,0,0,0,0,1,0,1,0,1,0,0,0,0,1,0
0,0,1,1,4,1,0,56.5,235.1,1,0,0,0,0,0,0,1,0,0,0,1,0,0,0,0,0,0,0,0,0,1
0,0,1,0,52,0,0,35.45000076293945,1958.95,0,0,1,0,0,1,0,0,0,1,0,0,0,0,0,0,0,1,0,0,0,1
0,1,0,0,1,1,1,85.0,85.0,1,0,0,1,0,0,0,0,0,1,0,0,0,0,0,1,0,0,0,0,1,0
1,0,1,0,70,1,0,79.4000015258789,5528.9,0,1,0,0,0,1,0,1,0,1,0,1,0,1,0,0,0,1,0,0,0,0
1,0,0,0,43,0,1,35.20000076293945,1463.7,0,0,1,0,0,1,0,0,0,1,0,0,0,0,0,0,0,1,0,1,0,0
1,0,0,0,52,1,0,19.649999618530273,1025.05,0,0,0,0,1,0,1,0,1,0,1,0,1,0,1,0,1,0,1,0,0,1
0,0,0,0,12,0,0,49.849998474121094,552.1,0,0,1,0,0,1,0,0,0,1,0,1,0,0,0,1,0,0,1,0,0,1
0,0,1,1,56,1,0,68.75,3815.4,0,1,0,0,0,1,0,1,0,0,0,0,0,0,0,1,0,1,0,0,0,0
1,0,0,1,0,1,1,61.900001525878906,0.0,0,1,0,0,0,1,0,1,0,0,0,1,0,0,0,0,0,0,1,0,0,0
1,0,0,0,42,1,0,79.9000015258789,3313.4,0,1,0,1,0,0,0,0,0,1,0,0,0,0,0,0,0,0,0,0,1,0
1,1,1,0,22,1,1,89.75,1938.9,0,0,0,1,0,0,0,0,0,0,0,0,0,1,0,1,0,0,0,0,0,0
1,0,1,1,51,0,0,59.29999923706055,3014.65,1,0,1,0,0,1,0,1,0,1,0,0,0,1,0,1,0,1,0,0,1,0
1,0,0,0,27,1,1,19.399999618530273,460.25,0,0,0,0,1,0,1,0,1,0,1,0,1,0,1,0,1,0,0,1,0,0
1,1,1,0,51,1,1,93.6500015258789,4839.15,0,1,0,1,0,1,0,0,0,1,0,0,0,0,0,1,0,1,0,0,0,0
1,0,0,1,4,1,1,49.400001525878906,184.4,1,0,0,0,0,1,0,0,0,0,0,0,0,0,0,0,0,0,0,0,1,0
1,0,0,0,1,1,1,19.899999618530273,19.9,0,0,0,0,1,0,1,0,1,0,1,0,1,0,1,0,1,0,0,0,0,1
1,0,0,0,35,1,0,55.0,2010.55,1,0,0,0,0,0,0,0,0,0,0,0,0,1,0,0,0,0,0,0,0,1
1,1,1,1,71,1,1,72.9000015258789,5139.65,0,1,0,0,0,0,0,1,0,1,0,1,0,0,0,1,0,1,0,0,0,0
0,0,0,0,1,1,1,69.19999694824219,69.2,1,0,0,1,0,0,0,0,0,0,0,0,0,0,0,0,0,0,0,0,1,0
0,0,1,1,69,1,1,25.600000381469727,1673.4,0,1,0,0,1,0,1,0,1,0,1,0,1,0,1,0,1,0,1,0,0,0
1,0,1,1,14,1,0,19.75,309.35,0,0,0,0,1,0,1,0,1,0,1,0,1,0,1,0,1,1,0,0,0,1
1,0,1,0,57,1,0,55.70000076293945,3171.6,0,0,0,0,0,1,0,0,0,0,0,1,0,0,0,0,0,0,0,0,1,0
0,0,1,1,72,1,0,117.5,8670.1,0,1,0,1,0,1,0,1,0,1,0,1,0,1,0,1,0,0,1,1,0,0
1,0,0,0,48,1,0,19.850000381469727,916.0,0,0,0,0,1,0,1,0,1,0,1,0,1,0,1,0,1,0,1,1,0,0
0,0,1,1,4,1,1,78.9000015258789,299.75,0,0,0,1,0,0,0,0,0,0,0,0,0,1,0,0,0,0,0,0,0,1
1,0,1,1,31,1,1,20.649999618530273,702.05,0,0,0,0,1,0,1,0,1,0,1,0,1,0,1,0,1,0,0,0,1,0
1,0,0,0,38,1,1,62.29999923706055,2354.8,1,0,0,0,0,0,0,0,0,1,0,1,0,0,0,1,0,1,0,0,0,1
1,1,1,0,37,1,1,92.5,3473.4,1,1,0,1,0,0,0,0,0,0,0,0,0,1,0,1,0,0,0,0,1,0
0,0,0,0,1,1,0,19.649999618530273,19.65,0,0,0,0,1,0,1,0,1,0,1,0,1,0,1,0,1,0,0,0,0,1
1,1,0,0,57,1,1,79.75,4438.2,0,1,0,0,0,0,0,1,0,1,0,0,0,1,0,1,0,0,1,0,0,0
0,1,1,0,62,1,1,79.94999694824219,4819.75,0,0,0,0,0,1,0,0,0,1,0,1,0,1,0,1,0,0,1,1,0,0
1,0,1,0,3,0,1,29.899999618530273,92.25,0,0,1,0,0,0,0,0,0,0,0,1,0,0,0,0,0,0,0,0,1,0
0,0,0,1,72,1,1,19.75,1567.0,0,0,0,0,1,0,1,0,1,0,1,0,1,0,1,0,1,0,1,0,0,1
1,0,0,1,29,0,1,45.0,1242.45,0,0,1,0,0,1,0,1,0,1,0,1,0,0,0,0,0,0,0,0,0,1
1,0,1,1,13,1,0,44.79999923706055,559.2,0,0,0,0,0,0,0,0,0,0,0,0,0,0,0,0,0,0,0,0,0,0
1,0,0,1,3,1,0,69.6500015258789,220.1,1,0,0,1,0,0,0,0,0,0,0,0,0,0,0,0,0,0,0,0,1,0
0,0,0,0,11,1,0,51.099998474121094,531.15,0,0,0,0,0,0,0,1,0,0,0,0,0,0,0,0,0,0,0,0,1,0
0,0,0,1,21,0,0,53.150001525878906,1183.2,0,0,1,0,0,1,0,1,0,1,0,1,0,1,0,0,0,0,1,0,0,1
0,0,0,0,19,1,0,24.700000762939453,465.85,0,1,0,0,1,0,1,0,1,0,1,0,1,0,1,0,1,0,0,0,0,0
1,0,0,0,61,1,1,111.5999984741211,6876.05,1,1,0,1,0,1,0,0,0,1,0,1,0,1,0,1,0,0,1,1,0,0
0,0,0,0,11,1,0,48.54999923706055,501.0,1,0,0,0,0,1,0,0,0,0,0,0,0,0,0,0,0,0,0,1,0,0
1,0,1,1,35,1,1,109.94999694824219,3782.4,0,1,0,1,0,0,0,1,0,1,0,1,0,1,0,1,0,0,0,0,1,0
1,0,0,1,25,1,0,20.799999237060547,460.2,0,0,0,0,1,0,1,0,1,0,1,0,1,0,1,0,1,0,0,0,0,1
0,0,0,0,1,1,1,20.200000762939453,20.2,1,0,0,0,1,0,1,0,1,0,1,0,1,0,1,0,1,0,0,0,0,1
0,0,0,0,67,1,1,25.600000381469727,1790.35,0,1,0,0,1,0,1,0,1,0,1,0,1,0,1,0,1,0,1,0,0,0
1,0,0,0,19,0,1,39.650001525878906,733.35,1,0,1,0,0,0,0,0,0,1,0,0,0,1,0,0,0,0,0,0,1,0
1,0,0,0,56,1,0,24.899999618530273,1334.0,1,1,0,0,1,0,1,0,1,0,1,0,1,0,1,0,1,1,0,0,1,0
1,0,1,1,72,1,1,108.4000015258789,7767.25,0,1,0,1,0,1,0,1,0,1,0,0,0,1,0,1,0,0,1,1,0,0
1,0,0,0,43,1,0,19.549999237060547,876.15,0,0,0,0,1,0,1,0,1,0,1,0,1,0,1,0,1,0,1,0,0,1
0,0,1,1,55,1,1,85.0999984741211,4600.95,0,1,0,1,0,1,0,1,0,0,0,0,0,0,0,0,0,0,0,0,1,0
1,0,1,1,2,1,0,56.70000076293945,113.55,1,1,0,0,0,1,0,0,0,0,0,0,0,0,0,0,0,0,0,0,0,1
1,0,0,0,27,1,1,69.05000305175781,1793.25,0,0,0,1,0,0,0,0,0,0,0,0,0,0,0,0,0,0,0,0,0,1
0,0,0,0,13,1,1,70.1500015258789,886.7,0,0,0,1,0,0,0,0,0,0,0,0,0,0,0,0,0,0,0,0,0,1
0,0,0,0,70,1,1,111.1500015258789,7737.55,0,1,0,1,0,1,0,1,0,1,0,0,0,1,0,1,0,0,1,0,0,1
0,0,1,0,14,1,0,105.94999694824219,1348.9,1,0,0,1,0,1,0,1,0,0,0,1,0,1,0,1,0,1,0,0,0,1
0,0,1,1,19,1,1,89.3499984741211,1686.85,0,1,0,1,0,0,0,0,0,0,0,1,0,0,0,1,0,1,0,0,0,0
0,0,0,0,20,1,1,89.0999984741211,1879.25,0,1,0,1,0,1,0,0,0,0,0,0,0,1,0,0,0,0,0,0,0,0
1,0,1,1,43,1,1,91.25,4013.8,0,1,0,1,0,1,0,0,0,1,0,1,0,0,0,0,0,1,0,1,0,0
1,0,1,1,5,1,1,90.3499984741211,434.5,0,0,0,1,0,1,0,0,0,1,0,0,0,0,0,1,0,0,0,0,0,1
0,1,1,0,70,1,1,105.55000305175781,7195.35,0,1,0,1,0,0,0,1,0,0,0,1,0,1,0,1,0,1,0,0,0,0
0,0,1,0,40,1,0,19.100000381469727,780.1,0,0,0,0,1,0,1,0,1,0,1,0,1,0,1,0,1,0,1,0,0,1
1,0,1,1,6,1,1,20.399999618530273,107.6,0,0,0,0,1,0,1,0,1,0,1,0,1,0,1,0,1,0,1,1,0,0
1,0,0,0,39,1,1,100.44999694824219,3801.7,0,0,0,1,0,1,0,0,0,1,0,0,0,1,0,1,0,0,1,0,1,0
1,1,1,0,4,1,0,74.94999694824219,308.7,1,1,0,1,0,0,0,0,0,0,0,0,0,0,0,0,0,0,0,0,1,0
1,0,0,0,15,0,1,29.700000762939453,438.25,1,0,1,0,0,0,0,0,0,0,0,1,0,0,0,0,0,0,0,0,1,0
1,0,1,0,1,0,1,50.349998474121094,50.35,1,0,1,0,0,0,0,0,0,1,0,0,0,1,0,1,0,0,0,0,1,0
0,1,0,0,45,1,1,85.69999694824219,3778.1,0,0,0,1,0,1,0,1,0,0,0,1,0,0,0,0,0,0,0,0,0,0
0,0,1,0,64,0,0,47.849998474121094,3147.5,1,0,1,0,0,1,0,0,0,1,0,1,0,0,0,1,0,0,1,0,1,0
0,1,1,0,57,1,0,94.0,5438.95,0,1,0,1,0,0,0,1,0,1,0,0,0,0,0,1,0,0,0,1,0,0
1,0,1,1,72,1,0,69.8499984741211,5102.35,0,1,0,0,0,1,0,1,0,1,0,1,0,0,0,0,0,0,1,0,0,0
1,0,0,0,1,1,1,70.30000305175781,70.3,1,0,0,1,0,0,0,0,0,0,0,0,0,0,0,0,0,0,0,0,1,0
1,0,1,0,72,1,0,25.850000381469727,1872.2,0,1,0,0,1,0,1,0,1,0,1,0,1,0,1,0,1,0,1,1,0,0
0,0,0,0,3,1,0,71.0999984741211,213.35,0,0,0,0,0,1,0,1,0,0,0,1,0,0,0,1,0,0,1,0,0,1
1,1,0,0,55,1,1,98.80000305175781,5617.75,1,1,0,1,0,1,0,0,0,0,0,0,0,1,0,1,0,0,0,0,1,0
0,0,1,0,59,1,0,93.3499984741211,5386.5,0,1,0,1,0,0,0,0,0,1,0,1,0,1,0,0,0,0,0,0,1,0
0,0,0,0,18,1,1,99.8499984741211,1776.95,1,1,0,1,0,0,0,0,0,0,0,1,0,1,0,1,0,0,0,0,0,0
1,1,1,0,32,1,1,80.30000305175781,2483.05,1,0,0,1,0,0,0,0,0,0,0,0,0,0,0,1,0,0,0,1,0,0
0,0,0,0,4,1,1,50.54999923706055,235.65,0,0,0,0,0,1,0,0,0,0,0,0,0,0,0,0,0,0,0,0,0,0
0,1,0,0,66,1,1,80.44999694824219,5224.35,1,1,0,1,0,0,0,1,0,0,0,0,0,0,0,0,0,0,0,1,0,0
1,0,0,0,27,1,1,81.30000305175781,2272.8,0,1,0,1,0,0,0,0,0,1,0,0,0,0,0,0,0,0,0,0,1,0
1,0,0,0,4,1,1,20.700000762939453,83.75,0,0,0,0,1,0,1,0,1,0,1,0,1,0,1,0,1,0,0,1,0,0
1,0,1,1,60,1,1,79.05000305175781,4663.4,0,0,0,0,0,1,0,1,0,0,0,1,0,1,0,1,0,0,0,1,0,0
0,0,1,1,8,1,0,19.049999237060547,201.7,0,0,0,0,1,0,1,0,1,0,1,0,1,0,1,0,1,0,1,0,0,1
1,0,1,1,8,1,0,19.600000381469727,125.0,0,0,0,0,1,0,1,0,1,0,1,0,1,0,1,0,1,0,1,1,0,0
1,0,0,0,35,1,1,20.200000762939453,684.4,0,0,0,0,1,0,1,0,1,0,1,0,1,0,1,0,1,0,1,0,0,1
1,0,0,0,7,1,1,86.80000305175781,620.35,1,1,0,1,0,0,0,0,0,0,0,0,0,0,0,1,0,0,0,0,1,0
0,0,1,1,53,1,0,20.899999618530273,1146.05,0,0,0,0,1,0,1,0,1,0,1,0,1,0,1,0,1,0,1,0,0,1
0,1,0,0,18,1,1,103.5999984741211,1806.35,0,1,0,1,0,0,0,1,0,0,0,1,0,1,0,1,0,0,0,1,0,0
0,0,0,0,15,0,1,38.79999923706055,603.0,0,0,1,0,0,0,0,1,0,0,0,0,0,0,0,1,0,0,1,0,0,1
1,0,1,0,67,1,1,88.4000015258789,5798.3,0,1,0,1,0,0,0,1,0,0,0,0,0,1,0,0,0,1,0,0,0,0
1,1,1,0,6,1,1,84.19999694824219,519.15,1,0,0,1,0,0,0,1,0,0,0,0,0,0,0,1,0,0,0,0,1,0
1,1,0,0,6,1,1,79.69999694824219,497.6,0,0,0,1,0,0,0,0,0,0,0,0,0,1,0,0,0,0,0,0,1,0
1,0,0,0,13,1,1,99.0,1301.7,1,1,0,1,0,0,0,0,0,0,0,1,0,1,0,1,0,0,0,0,0,1
0,0,0,0,11,1,1,100.75,1129.75,1,1,0,1,0,0,0,0,0,1,0,0,0,1,0,1,0,0,0,0,1,0
1,0,0,1,1,1,1,19.299999237060547,19.3,0,0,0,0,1,0,1,0,1,0,1,0,1,0,1,0,1,0,0,0,0,1
1,0,0,0,5,1,1,55.75,266.95,0,0,0,0,0,1,0,0,0,0,0,1,0,0,0,0,0,0,0,0,0,1
1,0,0,0,13,1,1,19.950000762939453,257.0,0,0,0,0,1,0,1,0,1,0,1,0,1,0,1,0,1,1,0,0,0,1
0,0,1,0,9,1,0,91.75,865.8,1,1,0,1,0,1,0,1,0,1,0,0,0,0,0,0,0,0,0,0,0,0
1,0,0,0,29,1,0,89.6500015258789,2623.65,0,0,0,1,0,0,0,1,0,0,0,1,0,1,0,0,0,0,0,0,0,1
1,1,0,0,1,1,1,45.849998474121094,45.85,0,0,0,0,0,0,0,0,0,0,0,0,0,0,0,0,0,0,0,0,0,1
0,0,0,0,1,1,1,79.55000305175781,79.55,1,1,0,1,0,0,0,0,0,1,0,0,0,0,0,0,0,0,0,0,0,1
0,0,1,1,18,1,0,55.95000076293945,1082.8,0,0,0,0,0,0,0,0,0,0,0,0,0,1,0,0,0,0,0,0,0,1
0,0,1,0,2,1,0,69.0,147.8,0,0,0,0,0,0,0,0,0,1,0,0,0,1,0,1,0,0,0,1,0,0
1,0,1,1,30,1,1,83.55000305175781,2570.2,0,1,0,1,0,0,0,1,0,0,0,1,0,0,0,0,0,0,0,0,0,0
1,0,0,1,66,1,0,65.69999694824219,4378.9,0,1,0,0,0,1,0,1,0,0,0,1,0,0,0,0,0,0,1,0,0,0
1,0,1,1,38,1,1,94.9000015258789,3616.25,0,1,0,1,0,0,0,0,0,1,0,1,0,1,0,0,0,0,1,0,0,0
1,0,1,1,44,1,1,61.900001525878906,2924.05,0,0,0,0,0,0,0,1,0,1,0,1,0,0,0,0,0,0,0,0,0,1
0,0,0,0,54,1,0,111.0999984741211,6014.85,1,1,0,1,0,0,0,1,0,1,0,1,0,1,0,1,0,0,0,0,1,0
1,0,0,0,2,1,0,20.0,32.7,0,0,0,0,1,0,1,0,1,0,1,0,1,0,1,0,1,0,0,0,0,1
0,0,0,0,42,1,1,67.69999694824219,2882.25,0,0,0,0,0,1,0,1,0,0,0,1,0,0,0,1,0,1,0,0,0,1
0,0,1,1,58,1,0,25.149999618530273,1509.9,0,1,0,0,1,0,1,0,1,0,1,0,1,0,1,0,1,0,1,1,0,0
1,0,1,1,58,1,1,92.8499984741211,5305.05,0,0,0,1,0,0,0,1,0,0,0,0,0,1,0,1,0,0,0,0,1,0
0,0,1,1,25,1,1,89.0999984741211,2368.4,1,1,0,1,0,0,0,0,0,1,0,0,0,0,0,1,0,0,0,0,1,0
0,0,0,0,71,1,0,111.30000305175781,7985.9,0,1,0,1,0,1,0,1,0,1,0,1,0,1,0,1,0,0,1,0,0,1
0,0,0,0,37,1,1,101.9000015258789,3545.35,1,1,0,1,0,0,0,1,0,1,0,0,0,1,0,1,0,0,0,0,0,0
0,0,1,1,14,1,1,91.6500015258789,1301.0,1,1,0,1,0,0,0,0,0,0,0,1,0,1,0,0,0,0,0,0,1,0
0,1,0,0,4,1,1,88.8499984741211,372.45,1,1,0,1,0,0,0,0,0,1,0,0,0,0,0,1,0,0,0,0,1,0
0,0,1,0,48,1,1,60.599998474121094,2985.25,0,1,0,0,0,1,0,0,0,0,0,1,0,0,0,0,0,1,0,0,0,0
0,1,0,0,3,0,0,25.299999237060547,77.75,1,0,1,0,0,0,0,0,0,0,0,0,0,0,0,0,0,0,0,0,1,0
0,0,1,0,8,1,0,65.5,564.35,0,0,0,0,0,1,0,0,0,0,0,1,0,0,0,1,0,0,1,0,0,1
1,0,0,0,1,1,1,95.44999694824219,95.45,1,1,0,1,0,0,0,0,0,0,0,0,0,1,0,1,0,0,0,0,1,0
1,0,0,0,67,1,0,19.950000762939453,1311.75,0,0,0,0,1,0,1,0,1,0,1,0,1,0,1,0,1,0,1,0,0,0
1,0,0,0,13,1,1,91.0999984741211,1135.7,1,0,0,1,0,0,0,0,0,0,0,0,0,1,0,1,0,0,0,0,1,0
0,0,1,1,45,1,1,54.150001525878906,2319.8,1,0,0,0,0,0,0,1,0,0,0,1,0,0,0,0,0,1,0,1,0,0
1,0,0,0,49,1,1,74.5999984741211,3720.35,0,1,0,1,0,0,0,0,0,0,0,0,0,0,0,0,0,0,0,0,0,0
0,0,1,0,52,1,0,94.5999984741211,5025.8,0,1,0,1,0,0,0,1,0,1,0,0,0,1,0,0,0,0,0,0,0,0
0,0,1,0,63,1,1,81.1500015258789,5224.5,0,0,0,1,0,1,0,0,0,1,0,0,0,0,0,0,0,1,0,1,0,0
0,0,1,1,68,1,1,89.05000305175781,6185.8,0,1,0,0,0,1,0,1,0,1,0,1,0,1,0,1,0,0,1,0,0,0
0,0,1,0,31,1,1,49.20000076293945,1498.55,0,0,0,0,0,0,0,0,0,0,0,1,0,0,0,0,0,0,0,0,0,1
0,0,1,0,64,1,0,19.450000762939453,1208.6,0,0,0,0,1,0,1,0,1,0,1,0,1,0,1,0,1,0,1,1,0,0
0,0,1,0,62,1,1,104.30000305175781,6613.65,0,0,0,1,0,1,0,0,0,1,0,1,0,1,0,1,0,1,0,0,1,0
0,0,0,0,1,1,0,69.69999694824219,69.7,1,0,0,1,0,0,0,0,0,0,0,0,0,0,0,0,0,0,0,0,0,0
0,0,0,0,6,1,1,89.5,573.3,1,0,0,1,0,0,0,0,0,0,0,0,0,1,0,1,0,0,0,0,1,0
0,0,1,0,21,1,1,86.05000305175781,1818.9,0,0,0,1,0,0,0,0,0,0,0,1,0,1,0,0,0,0,0,0,1,0
0,0,1,1,72,1,0,25.200000762939453,1787.35,0,1,0,0,1,0,1,0,1,0,1,0,1,0,1,0,1,0,1,0,0,0
0,0,1,1,32,0,1,35.150001525878906,1051.05,0,0,1,0,0,1,0,1,0,0,0,0,0,0,0,0,0,0,0,0,1,0
0,1,0,0,71,1,1,99.6500015258789,7181.25,0,1,0,1,0,1,0,1,0,0,0,1,0,1,0,0,0,1,0,1,0,0
0,0,0,1,34,1,1,105.3499984741211,3688.6,0,0,0,1,0,1,0,1,0,1,0,0,0,1,0,1,0,0,0,0,0,0
1,0,1,0,3,0,1,35.150001525878906,99.75,1,0,1,0,0,0,0,0,0,0,0,0,0,0,0,1,0,0,0,0,1,0
1,0,0,1,12,1,1,73.75,871.4,1,1,0,1,0,0,0,0,0,0,0,0,0,0,0,0,0,0,0,1,0,0
0,1,0,0,8,1,0,101.3499984741211,780.5,1,1,0,1,0,0,0,0,0,1,0,0,0,1,0,1,0,0,0,0,1,0
0,0,1,1,35,1,0,24.299999237060547,821.6,0,1,0,0,1,0,1,0,1,0,1,0,1,0,1,0,1,0,1,0,0,0
0,0,1,1,3,1,1,80.69999694824219,239.45,0,0,0,1,0,0,0,0,0,0,0,0,0,1,0,0,0,0,0,0,1,0
1,0,0,0,3,1,1,89.8499984741211,244.45,0,0,0,1,0,0,0,0,0,1,0,1,0,1,0,0,0,0,0,0,0,1
1,0,0,0,53,1,1,61.099998474121094,3357.9,0,0,0,0,0,0,0,0,0,1,0,0,0,0,0,1,0,1,0,0,1,0
0,0,1,0,4,0,1,29.049999237060547,129.6,0,0,1,0,0,1,0,0,0,0,0,0,0,0,0,0,0,0,0,0,1,0
0,0,1,1,48,1,1,99.69999694824219,4977.2,0,0,0,1,0,1,0,0,0,1,0,0,0,1,0,1,0,1,0,0,0,0
0,0,1,1,6,1,0,55.900001525878906,365.35,1,0,0,0,0,1,0,1,0,0,0,0,0,0,0,0,0,0,0,1,0,0
1,1,1,0,3,1,1,105.9000015258789,334.65,1,1,0,1,0,0,0,1,0,1,0,0,0,1,0,1,0,0,0,0,1,0
1,0,1,1,54,0,0,46.0,2424.05,0,0,1,0,0,0,0,0,0,1,0,1,0,0,0,1,0,0,1,1,0,0
0,0,0,0,1,1,0,43.95000076293945,43.95,1,0,0,0,0,0,0,0,0,0,0,0,0,0,0,0,0,0,0,0,0,1
1,0,0,0,62,1,1,80.4000015258789,4981.15,0,0,0,0,0,0,0,1,0,1,0,1,0,1,0,1,0,0,0,0,0,0
1,0,1,1,22,1,1,100.05000305175781,2090.25,0,0,0,1,0,0,0,1,0,1,0,0,0,1,0,1,0,1,0,0,0,1
1,0,0,0,1,1,1,45.099998474121094,45.1,1,0,0,0,0,0,0,0,0,0,0,0,0,0,0,0,0,0,0,0,0,0
1,1,0,0,51,1,1,94.0,4905.75,0,0,0,1,0,0,0,0,0,1,0,0,0,1,0,1,0,1,0,0,0,0
0,0,0,0,30,1,1,68.94999694824219,2038.7,0,1,0,0,0,0,0,1,0,1,0,0,0,1,0,0,0,1,0,1,0,0
0,1,1,0,56,1,1,68.44999694824219,4014.0,0,1,0,0,0,1,0,1,0,1,0,1,0,0,0,0,0,1,0,1,0,0
1,0,1,0,35,1,1,69.0,2441.7,0,1,0,0,0,0,0,1,0,0,0,1,0,1,0,0,0,1,0,0,1,0
0,1,0,0,64,0,1,43.849998474121094,2751.0,0,0,1,0,0,0,0,1,0,0,0,1,0,1,0,0,0,0,0,0,1,0
1,0,0,1,30,0,1,44.5,1307.8,0,0,1,0,0,0,0,0,0,0,0,0,0,1,0,1,0,0,0,0,1,0
0,0,1,1,25,1,1,18.700000762939453,383.65,0,0,0,0,1,0,1,0,1,0,1,0,1,0,1,0,1,0,1,0,0,1
0,0,0,0,41,1,0,70.25,2868.05,1,0,0,1,0,0,0,0,0,0,0,0,0,0,0,0,0,0,0,0,0,0
1,0,0,1,9,1,0,55.349998474121094,449.75,1,0,0,0,0,0,0,0,0,0,0,0,0,1,0,0,0,0,0,0,1,0
0,0,1,0,1,1,1,53.54999923706055,53.55,0,0,0,0,0,1,0,1,0,0,0,0,0,0,0,0,0,0,0,0,0,1
1,0,0,1,70,1,1,114.5999984741211,7882.5,0,1,0,1,0,1,0,1,0,1,0,1,0,1,0,1,0,0,1,0,1,0
0,0,1,1,57,1,1,20.100000381469727,1087.7,0,0,0,0,1,0,1,0,1,0,1,0,1,0,1,0,1,0,1,0,0,0
1,0,0,0,9,1,1,85.5,791.7,0,1,0,1,0,0,0,0,0,0,0,0,0,1,0,0,0,0,0,0,1,0
0,0,1,1,69,1,1,108.75,7493.05,0,1,0,1,0,0,0,1,0,1,0,1,0,1,0,1,0,1,0,0,0,0
1,1,1,0,43,1,1,103.0,4414.3,1,1,0,1,0,0,0,1,0,1,0,0,0,1,0,1,0,0,0,0,1,0
0,0,1,0,72,1,1,97.8499984741211,6841.3,0,1,0,1,0,0,0,0,0,1,0,0,0,1,0,1,0,0,1,0,1,0
1,0,0,1,44,1,0,19.549999237060547,819.95,0,0,0,0,1,0,1,0,1,0,1,0,1,0,1,0,1,0,1,0,0,0
0,0,1,0,72,1,1,84.05000305175781,6052.25,0,1,0,1,0,1,0,1,0,0,0,0,0,0,0,0,0,0,1,0,0,0
0,0,1,0,33,1,1,103.75,3361.05,1,0,0,1,0,1,0,0,0,1,0,1,0,1,0,1,0,1,0,0,1,0
1,0,0,0,54,1,0,89.4000015258789,4869.5,0,1,0,1,0,0,0,0,0,1,0,0,0,0,0,1,0,0,0,1,0,0
1,0,0,1,27,1,0,19.700000762939453,509.3,0,0,0,0,1,0,1,0,1,0,1,0,1,0,1,0,1,0,1,1,0,0
1,0,0,0,54,1,1,79.8499984741211,4308.25,0,1,0,1,0,0,0,1,0,0,0,0,0,0,0,0,0,0,0,0,0,0
1,0,0,0,3,1,0,74.44999694824219,221.1,0,0,0,1,0,0,0,1,0,0,0,0,0,0,0,0,0,0,0,1,0,0
0,0,1,0,53,1,0,74.0999984741211,3833.95,0,1,0,0,0,1,0,1,0,1,0,0,0,0,0,1,0,1,0,0,0,0
1,0,0,0,1,1,1,69.3499984741211,69.35,1,0,0,1,0,0,0,0,0,0,0,0,0,0,0,0,0,0,0,0,1,0
1,0,1,0,15,1,0,18.799999237060547,294.95,0,0,0,0,1,0,1,0,1,0,1,0,1,0,1,0,1,1,0,0,0,1
0,0,0,0,56,1,1,73.8499984741211,4092.85,1,0,0,1,0,0,0,1,0,0,0,0,0,0,0,0,0,0,0,0,1,0
1,0,1,1,5,1,0,64.4000015258789,316.9,0,1,0,0,0,1,0,1,0,0,0,1,0,0,0,0,0,0,0,1,0,0
1,0,1,1,48,1,1,55.79999923706055,2651.2,0,0,0,0,0,0,0,1,0,1,0,0,0,0,0,0,0,1,0,1,0,0
0,0,0,1,25,1,0,20.049999237060547,471.7,0,0,0,0,1,0,1,0,1,0,1,0,1,0,1,0,1,0,0,1,0,0
0,0,1,0,3,1,1,75.1500015258789,216.75,1,1,0,1,0,0,0,0,0,0,0,0,0,0,0,0,0,0,0,1,0,0
1,0,0,0,58,1,0,99.1500015258789,5720.95,0,0,0,1,0,1,0,1,0,0,0,0,0,1,0,1,0,1,0,0,0,0
1,0,0,0,10,1,1,56.75,503.25,0,0,0,0,0,0,0,0,0,0,0,0,0,0,0,1,0,0,0,0,0,0
1,0,0,0,1,1,1,69.5999984741211,69.6,1,0,0,1,0,0,0,0,0,0,0,0,0,0,0,0,0,0,0,0,1,0
1,0,1,0,71,1,1,104.1500015258789,7365.3,0,1,0,1,0,0,0,1,0,0,0,1,0,1,0,1,0,0,1,1,0,0
0,0,1,1,65,1,1,110.80000305175781,7245.9,0,1,0,1,0,0,0,1,0,1,0,1,0,1,0,1,0,0,1,1,0,0
1,0,1,1,5,1,1,80.1500015258789,385.0,1,1,0,1,0,0,0,1,0,0,0,0,0,0,0,0,0,0,0,0,1,0
0,0,0,0,28,0,1,35.75,961.4,0,0,1,0,0,0,0,0,0,1,0,1,0,0,0,0,0,0,0,0,0,1
0,0,1,1,67,1,1,69.9000015258789,4615.9,0,1,0,0,0,0,0,0,0,1,0,1,0,0,0,1,0,0,1,0,0,0
1,0,0,0,35,1,1,89.19999694824219,3251.3,0,0,0,1,0,1,0,0,0,0,0,1,0,0,0,1,0,1,0,0,1,0
0,0,1,1,72,0,0,55.650001525878906,3880.05,0,0,1,0,0,1,0,1,0,1,0,1,0,0,0,1,0,0,1,1,0,0
0,0,1,1,61,0,1,50.70000076293945,3088.75,0,0,1,0,0,1,0,1,0,0,0,1,0,0,0,1,0,1,0,0,0,0
1,1,0,0,68,1,1,20.0,1396.0,0,0,0,0,1,0,1,0,1,0,1,0,1,0,1,0,1,0,1,1,0,0
0,0,1,1,1,0,0,30.5,30.5,1,0,1,0,0,1,0,0,0,0,0,0,0,0,0,0,0,0,0,0,0,0
1,0,0,0,3,1,1,19.100000381469727,53.05,0,0,0,0,1,0,1,0,1,0,1,0,1,0,1,0,1,0,0,0,0,1
1,0,1,1,70,1,0,98.30000305175781,6859.5,1,1,0,1,0,0,0,1,0,0,0,0,0,1,0,1,0,0,1,0,0,0
0,0,0,1,48,0,0,45.54999923706055,2108.35,0,0,1,0,0,0,0,1,0,1,0,0,0,0,0,1,0,0,0,1,0,0
1,0,1,1,68,1,1,101.05000305175781,6770.5,0,1,0,1,0,0,0,1,0,0,0,0,0,1,0,1,0,1,0,1,0,0
0,0,0,0,47,1,1,103.69999694824219,4730.6,0,0,0,1,0,1,0,0,0,1,0,1,0,1,0,1,0,1,0,0,1,0
1,0,1,1,32,0,1,36.25,1151.05,0,0,1,0,0,0,0,0,0,1,0,1,0,0,0,0,0,1,0,0,0,1
0,0,1,1,5,1,1,49.400001525878906,232.55,0,0,0,0,0,1,0,0,0,0,0,0,0,0,0,0,0,0,0,0,0,1
1,0,0,0,49,1,1,19.899999618530273,1022.6,0,0,0,0,1,0,1,0,1,0,1,0,1,0,1,0,1,0,1,1,0,0
0,0,0,0,48,1,1,107.4000015258789,5121.3,1,1,0,1,0,0,0,1,0,1,0,0,0,1,0,1,0,0,0,0,0,0
0,1,0,0,13,1,1,82.0,1127.2,1,1,0,1,0,0,0,0,0,0,0,0,0,0,0,1,0,0,0,0,1,0
1,0,0,0,15,1,1,19.799999237060547,309.4,0,0,0,0,1,0,1,0,1,0,1,0,1,0,1,0,1,0,0,0,0,1
0,0,0,0,12,1,1,45.04999923706055,523.1,0,0,0,0,0,0,0,0,0,0,0,0,0,0,0,0,0,0,0,0,1,0
1,1,0,0,67,1,1,64.55000305175781,4250.1,0,1,0,0,0,1,0,1,0,0,0,1,0,0,0,0,0,0,1,0,0,0
1,0,0,0,9,1,0,86.25,770.5,0,0,0,1,0,0,0,0,0,0,0,1,0,1,0,0,0,0,0,0,1,0
0,0,1,1,13,1,1,19.75,246.7,0,0,0,0,1,0,1,0,1,0,1,0,1,0,1,0,1,0,1,0,0,0
0,0,0,0,38,1,1,89.0999984741211,3342.0,0,0,0,1,0,0,0,0,0,0,0,0,0,1,0,1,0,1,0,0,0,1
0,1,1,0,42,1,1,95.55000305175781,3930.6,0,1,0,1,0,0,0,1,0,1,0,0,0,1,0,0,0,0,0,0,1,0
0,0,1,0,24,1,1,75.4000015258789,1747.85,1,1,0,1,0,0,0,0,0,0,0,0,0,0,0,0,0,0,0,1,0,0
0,1,1,0,27,1,1,101.25,2754.45,1,0,0,1,0,1,0,0,0,1,0,0,0,1,0,1,0,0,0,0,1,0
1,0,1,1,9,1,1,102.5999984741211,897.75,0,1,0,1,0,0,0,1,0,1,0,0,0,1,0,1,0,0,0,1,0,0
0,0,1,0,49,0,1,56.29999923706055,2780.6,0,0,1,0,0,0,0,1,0,0,0,1,0,1,0,1,0,1,0,1,0,0
0,1,1,0,61,1,1,94.19999694824219,5895.45,0,1,0,1,0,1,0,1,0,1,0,1,0,0,0,0,0,0,0,1,0,0
1,0,0,1,50,0,1,43.04999923706055,2208.05,0,0,1,0,0,1,0,1,0,0,0,0,0,1,0,0,0,1,0,0,0,0
1,1,0,0,25,1,1,89.5,2196.15,1,1,0,1,0,0,0,1,0,0,0,0,0,1,0,0,0,0,0,0,1,0
0,1,0,0,22,1,1,74.4000015258789,1692.6,1,1,0,1,0,0,0,0,0,0,0,0,0,0,0,0,0,0,0,0,0,0
1,0,0,0,1,1,0,20.5,20.5,1,0,0,0,1,0,1,0,1,0,1,0,1,0,1,0,1,0,0,0,0,1
1,0,0,0,4,1,1,74.3499984741211,265.35,1,1,0,1,0,0,0,0,0,0,0,0,0,0,0,0,0,0,0,0,1,0
0,1,1,0,18,1,0,99.75,1836.25,1,1,0,1,0,0,0,0,0,0,0,1,0,1,0,1,0,0,0,0,0,0
0,1,0,0,56,1,1,111.94999694824219,6418.9,1,1,0,1,0,0,0,1,0,1,0,1,0,1,0,1,0,1,0,0,1,0
0,1,1,0,53,1,1,94.0,4871.45,0,0,0,1,0,0,0,1,0,1,0,1,0,1,0,0,0,1,0,0,1,0
0,0,1,0,51,1,1,98.8499984741211,4947.55,0,1,0,1,0,0,0,0,0,1,0,0,0,1,0,1,0,1,0,0,1,0
0,0,1,1,24,1,0,64.3499984741211,1558.65,0,1,0,0,0,1,0,1,0,1,0,0,0,0,0,0,0,0,1,0,1,0
0,0,1,0,62,1,1,72.0,4284.2,0,0,0,0,0,1,0,1,0,1,0,0,0,1,0,0,0,0,1,1,0,0
1,0,0,0,24,1,1,49.70000076293945,1218.25,0,0,0,0,0,0,0,1,0,0,0,0,0,0,0,0,0,0,0,0,0,1
0,0,1,1,70,1,0,80.69999694824219,5617.95,0,1,0,0,0,1,0,1,0,1,0,1,0,1,0,0,0,0,1,0,1,0
1,0,0,1,1,0,0,24.200000762939453,24.2,0,0,1,0,0,0,0,0,0,0,0,0,0,0,0,0,0,0,0,0,0,1
1,1,0,0,16,0,1,39.0,679.85,1,0,1,0,0,0,0,1,0,0,0,0,0,1,0,0,0,0,0,0,0,1
0,0,0,0,8,1,1,65.44999694824219,554.45,0,0,0,0,0,0,0,1,0,0,0,1,0,1,0,0,0,0,0,0,1,0
0,0,1,1,72,1,1,74.3499984741211,5237.4,0,0,0,0,0,1,0,1,0,1,0,1,0,0,0,1,0,0,1,0,1,0
0,0,0,0,23,1,0,83.19999694824219,2032.3,0,0,0,1,0,0,0,1,0,1,0,1,0,0,0,0,0,0,0,0,0,0
1,0,0,1,31,0,0,25.0,789.2,0,0,1,0,0,0,0,0,0,0,0,0,0,0,0,0,0,0,0,1,0,0
1,0,1,1,37,0,1,40.20000076293945,1525.35,0,0,1,0,0,1,0,0,0,1,0,1,0,0,0,0,0,1,0,0,1,0
0,0,1,0,30,1,1,94.0999984741211,2804.45,1,1,0,1,0,0,0,1,0,0,0,1,0,1,0,0,0,0,0,1,0,0
0,1,0,0,35,1,1,108.3499984741211,3726.15,0,1,0,1,0,1,0,1,0,1,0,0,0,1,0,1,0,1,0,0,1,0
0,0,1,1,23,1,1,69.5,1652.1,0,1,0,0,0,0,0,1,0,0,0,1,0,1,0,0,0,0,0,1,0,0
0,0,1,1,20,1,0,76.0,1588.75,0,1,0,0,0,1,0,0,0,0,0,0,0,1,0,1,0,1,0,0,0,0
1,0,1,0,36,1,1,93.5999984741211,3366.05,0,0,0,1,0,1,0,0,0,0,0,0,0,1,0,1,0,0,0,0,1,0
0,0,0,0,8,1,0,95.6500015258789,778.1,1,1,0,1,0,0,0,0,0,0,0,0,0,1,0,1,0,0,0,0,0,0
1,0,1,1,71,1,0,100.55000305175781,7113.75,0,1,0,1,0,0,0,1,0,0,0,0,0,1,0,1,0,1,0,0,0,0
0,1,1,0,50,1,1,88.05000305175781,4367.35,1,1,0,1,0,0,0,1,0,0,0,0,0,1,0,0,0,0,0,0,1,0
0,0,1,1,43,1,1,24.450000762939453,993.15,0,1,0,0,1,0,1,0,1,0,1,0,1,0,1,0,1,1,0,0,0,0
1,0,0,1,57,1,0,89.55000305175781,5012.35,0,1,0,0,0,1,0,1,0,1,0,1,0,1,0,1,0,0,1,0,0,1
0,0,1,1,41,1,1,66.5,2728.6,1,0,0,0,0,0,0,1,0,0,0,1,0,0,0,1,0,1,0,0,0,0
0,0,1,0,27,1,1,76.0999984741211,2093.4,0,0,0,1,0,0,0,1,0,0,0,0,0,0,0,0,0,0,0,0,1,0
0,0,0,0,13,1,1,80.5,1011.8,0,0,0,1,0,0,0,0,0,0,0,0,0,0,0,1,0,0,0,0,1,0
1,0,0,0,3,0,1,35.45000076293945,106.85,1,0,1,0,0,1,0,1,0,0,0,0,0,0,0,0,0,0,0,0,0,1
0,0,0,0,67,1,0,20.549999237060547,1343.4,0,0,0,0,1,0,1,0,1,0,1,0,1,0,1,0,1,1,0,0,1,0
1,0,0,0,3,1,1,49.900001525878906,130.1,1,0,0,0,0,0,0,1,0,0,0,0,0,0,0,0,0,0,0,0,0,1
0,0,1,0,64,1,1,105.4000015258789,6794.75,0,1,0,1,0,0,0,1,0,0,0,1,0,1,0,1,0,0,1,0,0,0
1,0,0,0,26,0,0,35.75,1022.5,0,0,1,0,0,0,0,0,0,1,0,1,0,0,0,0,0,0,0,0,1,0
1,0,0,0,38,1,1,95.0999984741211,3691.2,0,1,0,1,0,0,0,1,0,1,0,0,0,0,0,1,0,0,0,1,0,0
1,0,1,0,23,1,0,19.299999237060547,486.2,0,0,0,0,1,0,1,0,1,0,1,0,1,0,1,0,1,1,0,1,0,0
1,0,0,0,40,1,1,104.5,4036.85,1,1,0,1,0,0,0,1,0,1,0,0,0,1,0,1,0,0,0,1,0,0
1,1,1,0,72,0,1,63.099998474121094,4685.55,0,0,1,0,0,1,0,1,0,1,0,1,0,1,0,1,0,0,1,0,0,0
0,1,0,0,3,1,1,75.05000305175781,256.25,1,1,0,1,0,0,0,0,0,0,0,0,0,0,0,0,0,0,0,1,0,0
1,0,0,0,23,1,1,81.0,1917.1,1,1,0,1,0,0,0,0,0,1,0,0,0,0,0,0,0,0,0,0,1,0
0,1,1,0,1,1,1,74.44999694824219,74.45,1,1,0,1,0,0,0,0,0,0,0,0,0,0,0,0,0,0,0,0,1,0
0,0,0,0,4,1,1,60.400001525878906,272.15,1,0,0,0,0,1,0,1,0,0,0,1,0,0,0,0,0,0,0,0,0,1
0,0,1,0,62,1,1,84.94999694824219,5150.55,0,1,0,0,0,1,0,1,0,0,0,1,0,1,0,1,0,0,1,0,1,0
0,0,0,0,40,1,1,93.4000015258789,3756.4,0,1,0,1,0,0,0,1,0,1,0,0,0,1,0,0,0,0,0,0,0,0
1,0,0,0,41,1,1,89.19999694824219,3645.75,0,1,0,1,0,0,0,1,0,0,0,0,0,1,0,0,0,0,0,0,1,0
1,1,1,0,34,1,1,85.19999694824219,2874.45,0,0,0,1,0,0,0,0,0,1,0,0,0,1,0,0,0,0,0,1,0,0
0,0,0,0,1,1,0,49.95000076293945,49.95,0,0,0,0,0,0,0,1,0,0,0,0,0,0,0,0,0,0,0,0,1,0
0,0,0,0,51,1,0,20.649999618530273,1020.75,0,0,0,0,1,0,1,0,1,0,1,0,1,0,1,0,1,0,1,0,0,0
1,0,1,1,1,1,1,70.6500015258789,70.65,1,0,0,1,0,0,0,0,0,0,0,0,0,0,0,0,0,0,0,0,0,1
0,0,0,0,39,1,0,20.149999618530273,826.0,0,0,0,0,1,0,1,0,1,0,1,0,1,0,1,0,1,0,1,0,0,1
1,0,1,1,12,1,1,19.200000762939453,239.0,0,0,0,0,1,0,1,0,1,0,1,0,1,0,1,0,1,0,0,0,1,0
1,0,0,0,12,1,1,59.79999923706055,727.8,1,0,0,0,0,0,0,0,0,0,0,1,0,1,0,0,0,1,0,0,1,0
1,0,0,0,72,1,1,104.94999694824219,7544.3,0,1,0,1,0,0,0,1,0,1,0,0,0,1,0,1,0,1,0,0,1,0
0,1,1,0,63,1,1,103.5,6479.4,0,1,0,1,0,0,0,1,0,1,0,0,0,1,0,1,0,0,0,0,1,0
1,0,1,0,44,1,1,84.80000305175781,3626.35,0,1,0,1,0,1,0,0,0,1,0,0,0,0,0,0,0,0,0,1,0,0
0,0,0,0,18,1,1,95.05000305175781,1679.4,0,1,0,1,0,0,0,0,0,1,0,1,0,0,0,1,0,0,0,0,0,0
0,0,0,0,9,1,1,44.20000076293945,403.35,1,0,0,0,0,0,0,0,0,0,0,0,0,0,0,0,0,0,0,0,0,0
1,0,0,0,13,1,0,73.3499984741211,931.55,0,0,0,0,0,0,0,1,0,0,0,1,0,1,0,1,0,0,0,0,0,1
0,0,1,0,68,1,0,64.0999984741211,4326.25,0,0,0,0,0,0,0,1,0,0,0,1,0,1,0,0,0,0,1,0,0,0
0,1,0,0,6,0,1,44.400001525878906,263.05,0,0,1,0,0,0,0,0,0,0,0,0,0,1,0,1,0,0,0,0,1,0
0,0,0,0,2,1,1,20.049999237060547,39.25,0,0,0,0,1,0,1,0,1,0,1,0,1,0,1,0,1,0,0,0,0,1
1,1,1,0,55,1,0,60.0,3316.1,0,1,0,0,0,1,0,1,0,0,0,0,0,0,0,0,0,1,0,1,0,0
1,1,0,0,1,1,1,75.75,75.75,1,1,0,1,0,0,0,0,0,0,0,0,0,0,0,0,0,0,0,0,1,0
1,0,0,0,38,1,1,69.5,2625.25,0,0,0,1,0,0,0,0,0,0,0,0,0,0,0,0,0,0,0,1,0,0
0,0,0,0,67,1,1,102.94999694824219,6886.25,1,1,0,1,0,1,0,1,0,1,0,0,0,1,0,0,0,0,0,1,0,0
1,0,0,0,19,1,1,78.69999694824219,1495.1,0,0,0,1,0,0,0,0,0,0,0,0,0,1,0,0,0,0,0,0,0,0
0,0,0,0,12,0,0,60.650001525878906,743.3,0,0,1,0,0,0,0,1,0,1,0,1,0,1,0,1,0,1,0,0,1,0
0,0,0,0,72,1,1,21.149999618530273,1419.4,0,0,0,0,1,0,1,0,1,0,1,0,1,0,1,0,1,0,1,0,0,0
1,0,1,1,24,1,1,84.80000305175781,1990.5,0,1,0,0,0,1,0,0,0,1,0,1,0,1,0,1,0,1,0,0,0,1
0,0,1,1,72,1,1,103.19999694824219,7362.9,0,1,0,1,0,0,0,1,0,1,0,0,0,1,0,1,0,1,0,1,0,0
0,0,1,1,11,0,1,29.600000381469727,346.45,0,0,1,0,0,1,0,0,0,0,0,0,0,0,0,0,0,0,0,0,1,0
1,1,1,0,4,1,1,74.4000015258789,306.6,1,1,0,1,0,0,0,0,0,0,0,0,0,0,0,0,0,0,0,0,0,1
1,0,0,0,66,1,1,105.6500015258789,6844.5,0,0,0,1,0,1,0,0,0,1,0,1,0,1,0,1,0,0,1,0,0,0
